"BJ","Plateau","Aba"
"BJ","Collines","Abala"
"BJ","Collines","Abeokouta"
"BJ","Collines","Abidzi"
"BJ","Oueme","Aboga"
"BJ","Oueme","Abogo"
"BJ","Zou","Aboloume"
"BJ","Zou","Abome"
"BJ","Zou","Abomey"
"BJ","Zou","Aboukoue"
"BJ","Atlanyique","Abouta"
"BJ","Oueme","Achupa"
"BJ","Borgou","Adakparo"
"BJ","Zou","Adakplame"
"BJ","Mono","Adame"
"BJ","Borgou","Adamoukparo"
"BJ","Collines","Adanhoue"
"BJ","Zou","Adiassagon"
"BJ","Kouffo","Adidevo"
"BJ","Zou","Adimadegon"
"BJ","Collines","Adioti"
"BJ","Oueme","Adjacin"
"BJ","Zou","Adjadjagon"
"BJ","Zou","Adjadohondegon"
"BJ","Collines","Adjafa"
"BJ","Kouffo","Adjaglame"
"BJ","Zou","Adjahakpa"
"BJ","Zou","Adjahome"
"BJ","Collines","Adjakokou"
"BJ","Zou","Adjamingon"
"BJ","Collines","Adjante"
"BJ","Plateau","Adjaouere"
"BJ","Oueme","Adjara"
"BJ","Oueme","Adjarra"
"BJ","Zou","Adjazon"
"BJ","Zou","Adjehongon"
"BJ","Zou","Adjido"
"BJ","Mono","Adjiga"
"BJ","Collines","Adjigo"
"BJ","Plateau","Adjohon"
"BJ","Plateau","Adjohoun"
"BJ","Atlanyique","Adjovicodji"
"BJ","Collines","Adjoya"
"BJ","Zou","Adjozoume"
"BJ","Kouffo","Adogblihoue"
"BJ","Kouffo","Adoglihoue"
"BJ","Borgou","Adohoukparou"
"BJ","Mono","Adohoun"
"BJ","Mono","Adohoun-Lanzoume"
"BJ","Zou","Adomougon"
"BJ","Zou","Adongon"
"BJ","Kouffo","Adoukoue"
"BJ","Zou","Afanai"
"BJ","Donga","Afatalanga"
"BJ","Plateau","Affame"
"BJ","Mono","Agame"
"BJ","Mono","Agame-Ahotissa"
"BJ","Collines","Agan"
"BJ","Collines","Agaoua"
"BJ","Zou","Agasousigon"
"BJ","Zou","Agbagnizon"
"BJ","Zou","Agbamegon"
"BJ","Zou","Agban"
"BJ","Zou","Agbanate"
"BJ","Zou","Agbangnizoun"
"BJ","Collines","Agbanou"
"BJ","Littoral","Agbanta"
"BJ","Littoral","Agbato"
"BJ","Collines","Agbaton"
"BJ","Collines","Agbatou"
"BJ","Zou","Agbehe"
"BJ","Zou","Agbengnisoe"
"BJ","Zou","Agbetogagon"
"BJ","Zou","Agbidime"
"BJ","Zou","Agbladje"
"BJ","Zou","Agblagato"
"BJ","Littoral","Agblangandan"
"BJ","Littoral","Agblankantan"
"BJ","Zou","Agblome"
"BJ","Zou","Agblome-Levi"
"BJ","Zou","Agblome-Zokli"
"BJ","Zou","Agblopa"
"BJ","Collines","Agbodranfo"
"BJ","Kouffo","Agbodranfo"
"BJ","Zou","Agbohosi"
"BJ","Collines","Agborro"
"BJ","Zou","Agbotavou"
"BJ","Collines","Aghozongo"
"BJ","Zou","Aglaly"
"BJ","Zou","Agmaligon"
"BJ","Kouffo","Agname"
"BJ","Zou","Agnangnan"
"BJ","Mono","Agnavou"
"BJ","Kouffo","Agnibandjin"
"BJ","Collines","Agnioke"
"BJ","Zou","Agodogoue"
"BJ","Zou","Agofissi"
"BJ","Zou","Agohonhou"
"BJ","Kouffo","Agohoue-Balime"
"BJ","Kouffo","Agokoue"
"BJ","Zou","Agombe"
"BJ","Collines","Agome"
"BJ","Collines","Agon"
"BJ","Oueme","Agondo"
"BJ","Zou","Agondogui"
"BJ","Zou","Agondopoue"
"BJ","Zou","Agonhohoun"
"BJ","Zou","Agonlin"
"BJ","Zou","Agonme"
"BJ","Plateau","Agonvi"
"BJ","Plateau","Agonvy"
"BJ","Zou","Agoreadji"
"BJ","Zou","Agossakoe"
"BJ","Zou","Agossouhoui"
"BJ","Collines","Agoua"
"BJ","Collines","Agouagon"
"BJ","Collines","Agouagou"
"BJ","Zou","Agougan"
"BJ","Collines","Agouna"
"BJ","Collines","Agouna-Gaga"
"BJ","Zou","Agounogon"
"BJ","Zou","Agousotodji"
"BJ","Oueme","Agpro"
"BJ","Borgou","Agramarou"
"BJ","Collines","Agramidjodji"
"BJ","Zou","Agrime"
"BJ","Zou","Agrine"
"BJ","Collines","Agua"
"BJ","Oueme","Aguegue-Houedome"
"BJ","Mono","Aguidahoue"
"BJ","Zou","Aguigadji"
"BJ","Zou","Aguigaji"
"BJ","Zou","Aguigdiji"
"BJ","Collines","Aguna"
"BJ","Collines","Agwa"
"BJ","Collines","Agwagon"
"BJ","Zou","Ahevi"
"BJ","Zou","Ahihome"
"BJ","Zou","Ahitinme"
"BJ","Zou","Ahodedji"
"BJ","Zou","Ahogbeia"
"BJ","Zou","Ahogbeya"
"BJ","Mono","Ahoho"
"BJ","Zou","Ahokan"
"BJ","Kouffo","Ahomadegbe"
"BJ","Mono","Ahouame"
"BJ","Zou","Ahouame"
"BJ","Littoral","Ahouansouri"
"BJ","Zou","Aiouegon"
"BJ","Plateau","Aitedjou"
"BJ","Oueme","Ajara"
"BJ","Oueme","Ajarra"
"BJ","Donga","Ajetalanga"
"BJ","Plateau","Ajohon"
"BJ","Plateau","Akadja"
"BJ","Collines","Akakadoho"
"BJ","Zou","Akalokoupodji"
"BJ","Zou","Akapli"
"BJ","Collines","Akbakota"
"BJ","Collines","Akete"
"BJ","Zou","Akiza"
"BJ","Collines","Aklame"
"BJ","Collines","Aklampa"
"BJ","Collines","Aklanpa"
"BJ","Collines","Akleime"
"BJ","Collines","Akleme"
"BJ","Kouffo","Akodebakou"
"BJ","Zou","Akodehao"
"BJ","Oueme","Akonabou"
"BJ","Mono","Akonana"
"BJ","Zou","Akonhoum"
"BJ","Oueme","Akonoboue"
"BJ","Zou","Akouessa"
"BJ","Collines","Akoumokoumo"
"BJ","Zou","Akoutagba"
"BJ","Plateau","Akpadanou"
"BJ","Collines","Akpakourou"
"BJ","Oueme","Akpame"
"BJ","Collines","Akpassi"
"BJ","Kouffo","Akpave"
"BJ","Zou","Akpeho-Dokpo"
"BJ","Zou","Akpeto"
"BJ","Collines","Akpinhiadji"
"BJ","Plateau","Akpotonou"
"BJ","Collines","Akpouati"
"BJ","Oueme","Akrake"
"BJ","Atlanyique","Aladassicodji"
"BJ","Kouffo","Aladjarakola"
"BJ","Collines","Alafia"
"BJ","Alibori","Alafiarou"
"BJ","Borgou","Alafiarou"
"BJ","Kouffo","Alassane"
"BJ","Collines","Alekpo"
"BJ","Zou","Aligoudo"
"BJ","Zou","Allahe"
"BJ","Atlanyique","Allodossicodji"
"BJ","Zou","Allomakanme"
"BJ","Collines","Aloba"
"BJ","Zou","Alouhouehoue"
"BJ","Zou","Amakpa"
"BJ","Zou","Amavedagon"
"BJ","Borgou","Amawihon"
"BJ","Collines","Amazon"
"BJ","Mono","Amedenta"
"BJ","Borgou","Amenourou"
"BJ","Collines","Amou"
"BJ","Zou","Amoudokoe"
"BJ","Atlanyique","Amoulecodji"
"BJ","Kouffo","Amoussoubrassouhoue"
"BJ","Zou","Amoussoulou"
"BJ","Collines","Anfin"
"BJ","Zou","Anfin"
"BJ","Zou","Aobegon"
"BJ","Zou","Aouakame"
"BJ","Zou","Aouiangon"
"BJ","Atlanyique","Aouicodji"
"BJ","Collines","Aouniakame"
"BJ","Collines","Apaki"
"BJ","Kouffo","Aplahoue"
"BJ","Kouffo","Aplanou"
"BJ","Littoral","Appi"
"BJ","Kouffo","Arame"
"BJ","Borgou","Arerou"
"BJ","Zou","Arhlan"
"BJ","Zou","Arlan"
"BJ","Plateau","Aro"
"BJ","Borgou","Arraronmi"
"BJ","Zou","Asagon"
"BJ","Collines","Assambe"
"BJ","Collines","Assanbe"
"BJ","Zou","Assanganlingon"
"BJ","Zou","Assankanme"
"BJ","Collines","Assanoe"
"BJ","Collines","Assante"
"BJ","Collines","Assanti"
"BJ","Collines","Assava"
"BJ","Collines","Assongaissa"
"BJ","Collines","Atake"
"BJ","Collines","Atakou"
"BJ","Collines","Atchapa"
"BJ","Collines","Atchengbe"
"BJ","Collines","Atcheribe"
"BJ","Collines","Atcherigbe"
"BJ","Collines","Atcherigte"
"BJ","Kouffo","Atchohoue"
"BJ","Kouffo","Atchoue"
"BJ","Oueme","Atchoukpa"
"BJ","Oueme","Atchoupa"
"BJ","Oueme","Atchupa"
"BJ","Zou","Atenougon"
"BJ","Collines","Atesse"
"BJ","Mono","Athieme"
"BJ","Mono","Atieme"
"BJ","Kouffo","Atobokpou"
"BJ","Collines","Atokolibe"
"BJ","Collines","Atokolobe"
"BJ","Collines","Atokoloto"
"BJ","Collines","Atokou"
"BJ","Zou","Atome-Ahevi"
"BJ","Zou","Atome"
"BJ","Zou","Atome-Avegame"
"BJ","Zou","Atome Vegame"
"BJ","Zou","Atome-Yegan"
"BJ","Collines","Attata"
"BJ","Mono","Attieme"
"BJ","Kouffo","Attohoue"
"BJ","Collines","Atukobi"
"BJ","Plateau","Auduntini"
"BJ","Plateau","Auduntun"
"BJ","Oueme","Avabodji"
"BJ","Zou","Avalli"
"BJ","Mono","Avedji"
"BJ","Kouffo","Avegado"
"BJ","Kouffo","Avegame"
"BJ","Kouffo","Avegodo"
"BJ","Kouffo","Avegodoui"
"BJ","Atlanyique","Avicondji"
"BJ","Atlanyique","Aviconji"
"BJ","Oueme","Avlanku"
"BJ","Zou","Avlapame"
"BJ","Zou","Avocanzou"
"BJ","Zou","Avogbe"
"BJ","Oueme","Avrankou"
"BJ","Littoral","Awansouri"
"BJ","Collines","Awidji"
"BJ","Kouffo","Ayahohoue"
"BJ","Borgou","Ayegourou"
"BJ","Collines","Ayekolelo"
"BJ","Plateau","Ayetedjoun"
"BJ","Kouffo","Ayomi"
"BJ","Zou","Azagounogon"
"BJ","Zou","Azangbe"
"BJ","Plateau","Azaouirisse"
"BJ","Plateau","Azaourisse"
"BJ","Collines","Azeleledji"
"BJ","Zou","Azime"
"BJ","Atlanyique","Azizacoue"
"BJ","Atlanyique","Azizahoue"
"BJ","Mono","Azizonja"
"BJ","Collines","Azokangoudo"
"BJ","Kouffo","Azome"
"BJ","Mono","Azonlihoue"
"BJ","Kouffo","Azoukpo"
"BJ","Kouffo","Azoume"
"BJ","Kouffo","Azove"
"BJ","Donga","Babadjimba"
"BJ","Borgou","Babarou"
"BJ","Kouffo","Bacankome"
"BJ","Zou","Bachogon"
"BJ","Zou","Badagba"
"BJ","Borgou","Badekparou"
"BJ","Zou","Badjame"
"BJ","Collines","Badji"
"BJ","Zou","Baffan"
"BJ","Zou","Bagborhoe"
"BJ","Collines","Bague"
"BJ","Borgou","Bagweru"
"BJ","Oueme","Bahica"
"BJ","Borgou","Bakaga"
"BJ","Collines","Bako"
"BJ","Borgou","Bakounkparou"
"BJ","Borgou","Bakounourou"
"BJ","Zou","Baname-Assiangbome"
"BJ","Collines","Bango"
"BJ","Plateau","Banibe"
"BJ","Plateau","Banigbe"
"BJ","Borgou","Bankaro"
"BJ","Collines","Banon"
"BJ","Plateau","Banou"
"BJ","Collines","Bante"
"BJ","Plateau","Baodjo"
"BJ","Plateau","Baoudjo"
"BJ","Borgou","Baperou"
"BJ","Borgou","Barerou"
"BJ","Borgou","Bassa"
"BJ","Donga","Bassooussar"
"BJ","Donga","Bassoza"
"BJ","Zou","Batadji"
"BJ","Kouffo","Batathoue"
"BJ","Collines","Batedji"
"BJ","Zou","Bavou"
"BJ","Borgou","Bebieourou"
"BJ","Zou","Bedime"
"BJ","Plateau","Bedo"
"BJ","Zou","Begangon"
"BJ","Collines","Behe"
"BJ","Plateau","Bekandji"
"BJ","Littoral","Beko"
"BJ","Zou","Bekonkoli"
"BJ","Borgou","Beradourouga"
"BJ","Atakora","Berecingo"
"BJ","Borgou","Berekpane"
"BJ","Borgou","Bereyadou"
"BJ","Atakora","Bersingou"
"BJ","Collines","Betel"
"BJ","Zou","Betigninangnon"
"BJ","Borgou","Bibi"
"BJ","Collines","Bikoro"
"BJ","Borgou","Bissira"
"BJ","Zou","Blaka"
"BJ","Oueme","Bloblo"
"BJ","Collines","Bobe"
"BJ","Kouffo","Bodeme"
"BJ","Zou","Bogbohonou"
"BJ","Collines","Boguidji"
"BJ","Zou","Bohe"
"BJ","Zou","Bohicon"
"BJ","Mono","Bohime"
"BJ","Zou","Bohoue"
"BJ","Collines","Boibablin"
"BJ","Plateau","Bokoutou"
"BJ","Kouffo","Bolime"
"BJ","Mono","Bolime"
"BJ","Collines","Bombe"
"BJ","Borgou","Boni"
"BJ","Plateau","Bonou"
"BJ","Borgou","Bopokou"
"BJ","Borgou","Borarou"
"BJ","Donga","Borha"
"BJ","Kouffo","Borodji"
"BJ","Zou","Borome"
"BJ","Donga","Boroukpalrh"
"BJ","Kouffo","Bosikpe"
"BJ","Zou","Bosou-Akidigba"
"BJ","Kouffo","Bossohoue"
"BJ","Kouffo","Bossouhoue"
"BJ","Collines","Boti"
"BJ","Collines","Boubou"
"BJ","Collines","Bouboule"
"BJ","Borgou","Bouhihakao"
"BJ","Donga","Bouloum"
"BJ","Borgou","Boun"
"BJ","Atakora","Boundetingou"
"BJ","Borgou","Bountiro"
"BJ","Donga","Boura"
"BJ","Kouffo","Bozikpe"
"BJ","Oueme","Bozoume"
"BJ","Oueme","Bozume"
"BJ","Donga","Bulum"
"BJ","Kouffo","Cada"
"BJ","Littoral","Cadjehoun"
"BJ","Zou","Cana"
"BJ","Littoral","Canvie"
"BJ","Littoral","Catonou"
"BJ","Collines","Chabe"
"BJ","Borgou","Chachu"
"BJ","Collines","Chalagoye"
"BJ","Kouffo","Chatehoue"
"BJ","Collines","Chetti"
"BJ","Kouffo","Clove"
"BJ","Plateau","Cobedjo"
"BJ","Mono","Condji"
"BJ","Plateau","Corossa"
"BJ","Collines","Cossa-Kame"
"BJ","Collines","Cosso-Kame"
"BJ","Littoral","Cotonou"
"BJ","Zou","Cove"
"BJ","Oueme","Daagbe"
"BJ","Borgou","Dabou"
"BJ","Zou","Dadji"
"BJ","Oueme","Dagbe"
"BJ","Zou","Dagoudikoe"
"BJ","Kouffo","Dahoue"
"BJ","Zou","Dan"
"BJ","Plateau","Dangban"
"BJ","Oueme","Dangbo"
"BJ","Littoral","Danko"
"BJ","Zou","Danta"
"BJ","Kouffo","Dapla"
"BJ","Borgou","Darno"
"BJ","Borgou","Darou Kourarou"
"BJ","Collines","Dassa-Gledji"
"BJ","Collines","Dassa-Zoume"
"BJ","Collines","Dassa Zume"
"BJ","Plateau","Dasso"
"BJ","Plateau","Dasso-Nialli"
"BJ","Collines","Dato"
"BJ","Zou","Davougon"
"BJ","Borgou","Debregourou"
"BJ","Kouffo","Decame"
"BJ","Littoral","Decame"
"BJ","Kouffo","Decandji"
"BJ","Collines","Decome"
"BJ","Donga","Dedenndeu"
"BJ","Donga","Dedera"
"BJ","Collines","Degladono"
"BJ","Collines","Deissa"
"BJ","Kouffo","Dekame"
"BJ","Zou","Dekame"
"BJ","Collines","Dekampe"
"BJ","Zou","Dekanme"
"BJ","Littoral","Dekin-Afio"
"BJ","Littoral","Dekin-Fyo"
"BJ","Littoral","Dekin-Hetin"
"BJ","Littoral","Dekin-Hounhoue"
"BJ","Kouffo","Dekpo-Agnibandjin"
"BJ","Kouffo","Dekpo"
"BJ","Zou","Delli"
"BJ","Zou","Delli-Sahe"
"BJ","Borgou","Demon"
"BJ","Borgou","Demou"
"BJ","Zou","Demoukoe"
"BJ","Donga","Dendourhou"
"BJ","Zou","Deouigon"
"BJ","Zou","Detohou"
"BJ","Mono","Deve"
"BJ","Donga","Dewa"
"BJ","Collines","Dhio"
"BJ","Collines","Diallucu"
"BJ","Donga","Diapesskoura"
"BJ","Collines","Diho"
"BJ","Atakora","Dikoin"
"BJ","Collines","Djabata"
"BJ","Oueme","Dja"
"BJ","Collines","Djagbalo"
"BJ","Zou","Djaho"
"BJ","Kouffo","Djakatome"
"BJ","Kouffo","Djakotome"
"BJ","Collines","Djalloukou"
"BJ","Collines","Djalokou"
"BJ","Collines","Djaloukou"
"BJ","Zou","Djebatin"
"BJ","Oueme","Djegan-Daho"
"BJ","Collines","Djegbe-Kanfangoudo"
"BJ","Collines","Djegbe-Vidoute"
"BJ","Collines","Djegekpodji"
"BJ","Zou","Djekbatin"
"BJ","Collines","Djema"
"BJ","Oueme","Djerigbe"
"BJ","Zou","Djesi"
"BJ","Zou","Djessi"
"BJ","Oueme","Djibe"
"BJ","Zou","Djibime"
"BJ","Plateau","Djibo"
"BJ","Zou","Djidja"
"BJ","Oueme","Djigbe"
"BJ","Plateau","Djigbe"
"BJ","Zou","Djihami"
"BJ","Kouffo","Djimakoe"
"BJ","Zou","Djime"
"BJ","Collines","Djina"
"BJ","Kouffo","Djipame"
"BJ","Zou","Djogon"
"BJ","Zou","Djohoue"
"BJ","Mono","Djondjizoume"
"BJ","Zou","Djopekan"
"BJ","Donga","Djougou"
"BJ","Borgou","Do"
"BJ","Alibori","Dodokpane"
"BJ","Zou","Dodome"
"BJ","Zou","Doga"
"BJ","Oueme","Dogba"
"BJ","Plateau","Dogba"
"BJ","Kouffo","Dogbo"
"BJ","Kouffo","Dogbo Hahome"
"BJ","Kouffo","Dogbo-Tota"
"BJ","Oueme","Dogla"
"BJ","Zou","Dohouime"
"BJ","Collines","Doissa"
"BJ","Collines","Dokoundji"
"BJ","Borgou","Dokparou"
"BJ","Zou","Dolome"
"BJ","Zou","Dome"
"BJ","Zou","Dona"
"BJ","Mono","Don Agbodougbe"
"BJ","Mono","Don-Alonougbe"
"BJ","Mono","Dondji-Zouin"
"BJ","Zou","Don"
"BJ","Borgou","Donouhorou"
"BJ","Zou","Donoume"
"BJ","Plateau","Dosso"
"BJ","Zou","Dotota"
"BJ","Borgou","Douerou"
"BJ","Collines","Dougba"
"BJ","Zou","Doukouongon"
"BJ","Kouffo","Doumahou"
"BJ","Mono","Doumassi Kondji"
"BJ","Collines","Doume"
"BJ","Borgou","Douroube"
"BJ","Zou","Doussa"
"BJ","Zou","Dovi-Cogbe"
"BJ","Zou","Dovi-Dizigo"
"BJ","Zou","Dovi-Dove"
"BJ","Zou","Dovokpa"
"BJ","Collines","Dume"
"BJ","Zou","Eglime"
"BJ","Collines","Ehwe"
"BJ","Collines","Ekpa"
"BJ","Collines","Ekpaogan"
"BJ","Littoral","Ekpe"
"BJ","Zou","Ekpi"
"BJ","Zou","Emayou"
"BJ","Collines","Eouihera"
"BJ","Collines","Essaignon"
"BJ","Zou","Esuime"
"BJ","Zou","Eveji"
"BJ","Zou","Ewe"
"BJ","Atlanyique","Facinahoue"
"BJ","Atakora","Fafere"
"BJ","Atakora","Fafire"
"BJ","Zou","Fagigarhoe"
"BJ","Collines","Faimbe"
"BJ","Atakora","Fakouatimanfa"
"BJ","Atlanyique","Fannouhoue"
"BJ","Zou","Fenetongon"
"BJ","Plateau","Fetan"
"BJ","Borgou","Fiarou"
"BJ","Zou","Foki"
"BJ","Kouffo","Foncome"
"BJ","Zou","Fonkpodji"
"BJ","Borgou","Forane Kparou"
"BJ","Donga","Founga"
"BJ","Borgou","Gabaka"
"BJ","Donga","Ga"
"BJ","Zou","Gagavi"
"BJ","Borgou","Gagbebou"
"BJ","Donga","Gaho"
"BJ","Zou","Gakoue"
"BJ","Atlanyique","Gakpe"
"BJ","Alibori","Gala"
"BJ","Collines","Galata"
"BJ","Borgou","Ganderou"
"BJ","Kouffo","Gandjazoume"
"BJ","Alibori","Gando Baka"
"BJ","Alibori","Gandokpe"
"BJ","Atlanyique","Gankpe"
"BJ","Zou","Gankponzali"
"BJ","Borgou","Ganou"
"BJ","Littoral","Ganvie"
"BJ","Borgou","Ga Yakabou"
"BJ","Oueme","Gbadoa"
"BJ","Mono","Gbakpodji"
"BJ","Kouffo","Gbanave"
"BJ","Collines","Gbanhi"
"BJ","Plateau","Gbaouete"
"BJ","Borgou","Gbassa"
"BJ","Collines","Gbati"
"BJ","Collines","Gbede"
"BJ","Plateau","Gbedjehoun"
"BJ","Zou","Gbegon"
"BJ","Borgou","Gbegourou"
"BJ","Plateau","Gbekendji"
"BJ","Collines","Gbeme"
"BJ","Borgou","Gberoukpane"
"BJ","Littoral","Gbessou"
"BJ","Borgou","Gbetebou"
"BJ","Kouffo","Gbetito"
"BJ","Kouffo","Gbeze"
"BJ","Oueme","Gblogblo"
"BJ","Zou","Gboli"
"BJ","Zou","Gbozon"
"BJ","Oueme","Geregbe"
"BJ","Oueme","Gerigbe"
"BJ","Zou","Gigogon"
"BJ","Plateau","Glaouete"
"BJ","Collines","Glasoue"
"BJ","Collines","Glazoue"
"BJ","Zou","Globoui"
"BJ","Collines","Glodjogon"
"BJ","Zou","Glogougon"
"BJ","Kouffo","Gnanouhoue"
"BJ","Zou","Gnassata"
"BJ","Kouffo","Gnonfihoue"
"BJ","Collines","Gobada"
"BJ","Borgou","Gobigourou"
"BJ","Zou","Godohou"
"BJ","Littoral","Gogbo"
"BJ","Borgou","Gogborerou"
"BJ","Collines","Gogoro"
"BJ","Borgou","Gokana"
"BJ","Kouffo","Gololouhoue"
"BJ","Zou","Gome"
"BJ","Borgou","Gommboko"
"BJ","Borgou","Gonongoune"
"BJ","Zou","Gonoukoui"
"BJ","Borgou","Gorobani"
"BJ","Borgou","Goromossorou"
"BJ","Zou","Gotingon"
"BJ","Borgou","Gouarou"
"BJ","Alibori","Goubou"
"BJ","Borgou","Gouforou"
"BJ","Zou","Gougougon"
"BJ","Zou","Gougouta"
"BJ","Collines","Gouka"
"BJ","Donga","Goumboussa"
"BJ","Donga","Goumboussar"
"BJ","Borgou","Gouniako"
"BJ","Borgou","Gounourou"
"BJ","Zou","Goussougon"
"BJ","Borgou","Goutere"
"BJ","Zou","Gueguezogon"
"BJ","Borgou","Guema"
"BJ","Borgou","Guererou"
"BJ","Borgou","Guessou"
"BJ","Alibori","Guida"
"BJ","Borgou","Guidankouarou"
"BJ","Borgou","Guidanparo"
"BJ","Borgou","Guinrerou"
"BJ","Borgou","Guinrou"
"BJ","Zou","Gursouhoue"
"BJ","Zou","Hadafon"
"BJ","Zou","Hagbladou"
"BJ","Kouffo","Hahonhoue"
"BJ","Collines","Halafia"
"BJ","Zou","Hamadou"
"BJ","Zou","Hanagbo"
"BJ","Kouffo","Hangoume"
"BJ","Zou","Haoula"
"BJ","Collines","Hebenogon"
"BJ","Kouffo","Hedehoue"
"BJ","Zou","Hedeta"
"BJ","Kouffo","Hedjanahova"
"BJ","Collines","Hedjanamonou"
"BJ","Collines","Henhime"
"BJ","Littoral","Hetin"
"BJ","Oueme","Hetin-Sota"
"BJ","Zou","Hizan Kogede"
"BJ","Zou","Hodja"
"BJ","Kouffo","Hoegame"
"BJ","Zou","Hogbahie"
"BJ","Zou","Hogbaye"
"BJ","Collines","Hoko"
"BJ","Plateau","Hollibolo"
"BJ","Zou","Home"
"BJ","Kouffo","Hondjin"
"BJ","Zou","Hondo"
"BJ","Zou","Hon"
"BJ","Zou","Honhoun"
"BJ","Zou","Hontonou"
"BJ","Zou","Honvi"
"BJ","Kouffo","Hosahoue"
"BJ","Zou","Houedanhougon"
"BJ","Zou","Houedja"
"BJ","Oueme","Houedome"
"BJ","Kouffo","Houegame"
"BJ","Plateau","Houelli-Gaba"
"BJ","Kouffo","Houetan"
"BJ","Kouffo","Hougbame"
"BJ","Collines","Houin"
"BJ","Mono","Houin"
"BJ","Collines","Houla"
"BJ","Kouffo","Houmbame"
"BJ","Kouffo","Hounbezame"
"BJ","Zou","Houndjokoue"
"BJ","Zou","Houndo"
"BJ","Oueme","Hounkame"
"BJ","Plateau","Hounoume"
"BJ","Zou","Houo"
"BJ","Zou","Houtchatagon"
"BJ","Oueme","Houtezoume"
"BJ","Mono","Houton"
"BJ","Zou","Houvi"
"BJ","Zou","Hovenou"
"BJ","Oueme","Hozin"
"BJ","Oueme","Hozuin"
"BJ","Collines","Iaiadji"
"BJ","Borgou","Ibrassimga"
"BJ","Zou","Idahim"
"BJ","Zou","Idahin"
"BJ","Zou","Idanyin"
"BJ","Zou","Idigny"
"BJ","Collines","Idouya"
"BJ","Plateau","Ifanhim"
"BJ","Plateau","Ifanhin"
"BJ","Plateau","Igana"
"BJ","Plateau","Igolo"
"BJ","Mono","Igonza"
"BJ","Plateau","Illaco"
"BJ","Zou","Illara"
"BJ","Plateau","Illemon"
"BJ","Zou","Illikimon"
"BJ","Plateau","Ipobe"
"BJ","Zou","Irocogni"
"BJ","Zou","Irocogny"
"BJ","Plateau","Isignan"
"BJ","Plateau","Issaba"
"BJ","Plateau","Issale"
"BJ","Zou","Isselou"
"BJ","Plateau","Itaco"
"BJ","Plateau","Itchaba"
"BJ","Collines","Iton"
"BJ","Collines","Jabeta"
"BJ","Zou","Jiga"
"BJ","Borgou","Jimmba"
"BJ","Donga","Jugu"
"BJ","Borgou","Kaborokpo"
"BJ","Collines","Kaboua"
"BJ","Borgou","Kabro"
"BJ","Collines","Kafingbe"
"BJ","Kouffo","Kaihoue"
"BJ","Kouffo","Kaii"
"BJ","Kouffo","Kai"
"BJ","Zou","Kakateou"
"BJ","Borgou","Kamiworou"
"BJ","Donga","Kamradour"
"BJ","Zou","Kana"
"BJ","Collines","Kanaoun"
"BJ","Collines","Kanau"
"BJ","Collines","Kanaun"
"BJ","Collines","Kanbon"
"BJ","Alibori","Kandifo"
"BJ","Alibori","Kandi"
"BJ","Collines","Kanoun"
"BJ","Borgou","Karla"
"BJ","Borgou","Karobouarou"
"BJ","Borgou","Karo"
"BJ","Borgou","Karokoubou"
"BJ","Borgou","Kassakpere"
"BJ","Plateau","Katagon"
"BJ","Kouffo","Kau"
"BJ","Collines","Kbati"
"BJ","Collines","Kboba"
"BJ","Kouffo","Keletome"
"BJ","Borgou","Kenoukpanou"
"BJ","Collines","Keon"
"BJ","Zou","Ketekpa"
"BJ","Collines","Ketikpli"
"BJ","Littoral","Ketonou"
"BJ","Oueme","Ketou"
"BJ","Zou","Ketou"
"BJ","Zou","Ketu"
"BJ","Collines","Kiandjo"
"BJ","Borgou","Kika"
"BJ","Borgou","Kikanga"
"BJ","Collines","Kikon"
"BJ","Donga","Kilir"
"BJ","Kouffo","Kinkinhoue"
"BJ","Zou","Kinkpandan"
"BJ","Zou","Kinta"
"BJ","Littoral","Kinto"
"BJ","Borgou","Kipare"
"BJ","Borgou","Kiro"
"BJ","Zou","Kisekan"
"BJ","Kouffo","Kissa"
"BJ","Zou","Klebogan"
"BJ","Zou","Klikoue"
"BJ","Plateau","Kobedio"
"BJ","Kouffo","Kodjahoue"
"BJ","Collines","Kodji"
"BJ","Zou","Kodji"
"BJ","Borgou","Kodowari"
"BJ","Collines","Kofeogboni"
"BJ","Collines","Koffaye"
"BJ","Zou","Kogbitokoe"
"BJ","Zou","Kogede"
"BJ","Collines","Kohou"
"BJ","Collines","Kokero"
"BJ","Collines","Koko"
"BJ","Donga","Kokorobatchori"
"BJ","Collines","Kokoro"
"BJ","Donga","Kokorombatiouri"
"BJ","Collines","Kolobi"
"BJ","Zou","Kologbe"
"BJ","Zou","Kome"
"BJ","Borgou","Komi"
"BJ","Mono","Komouhoue"
"BJ","Collines","Konene"
"BJ","Zou","Konfokpa"
"BJ","Collines","Konfouda"
"BJ","Alibori","Kongou"
"BJ","Borgou","Konkoma"
"BJ","Collines","Konkon"
"BJ","Mono","Konouhoue"
"BJ","Borgou","Kontoubarou"
"BJ","Donga","Koourho"
"BJ","Zou","Kososa"
"BJ","Collines","Kossa-Kame"
"BJ","Collines","Kosso-Kame"
"BJ","Collines","Kossokam"
"BJ","Atakora","Kossokouangou"
"BJ","Oueme","Kotan"
"BJ","Littoral","Kotonou"
"BJ","Littoral","Kotonu"
"BJ","Atlanyique","Kouande"
"BJ","Borgou","Koubou"
"BJ","Atakora","Koudenngou"
"BJ","Collines","Kouffo"
"BJ","Zou","Kougbadji"
"BJ","Zou","Koukouekame"
"BJ","Kouffo","Koulikame"
"BJ","Plateau","Koulotcho"
"BJ","Borgou","Koumbereka"
"BJ","Borgou","Koumerou"
"BJ","Donga","Kourou"
"BJ","Alibori","Koussikana"
"BJ","Atakora","Koussokouangou"
"BJ","Donga","Koussounte"
"BJ","Collines","Koutago"
"BJ","Plateau","Kouti"
"BJ","Plateau","Kouti Ouefi"
"BJ","Zou","Kouzounkpa"
"BJ","Collines","Kovedji"
"BJ","Zou","Kove"
"BJ","Kouffo","Koyohoue"
"BJ","Zou","Kozokame"
"BJ","Borgou","Kpakpane"
"BJ","Donga","Kpamalangou"
"BJ","Littoral","Kpannou"
"BJ","Collines","Kpapakri"
"BJ","Collines","Kpapassa"
"BJ","Zou","Kpatakpodji"
"BJ","Borgou","Kpatebou"
"BJ","Borgou","Kpeba"
"BJ","Mono","Kpenou"
"BJ","Borgou","Kperou Guera"
"BJ","Zou","Kpetekpa"
"BJ","Kouffo","Kpevi"
"BJ","Kouffo","Kpoba"
"BJ","Kouffo","Kpodaha"
"BJ","Zou","Kpodji"
"BJ","Zou","Kpome"
"BJ","Zou","Kpomou"
"BJ","Kouffo","Kpota"
"BJ","Plateau","Kuti-Ilefi"
"BJ","Plateau","Kuti Uefi"
"BJ","Atlanyique","Kwade"
"BJ","Atlanyique","Kwande"
"BJ","Zou","Labloutangon"
"BJ","Collines","Ladjou"
"BJ","Plateau","Lagbe"
"BJ","Zou","Lagborche"
"BJ","Zou","Lainta"
"BJ","Kouffo","Lalo"
"BJ","Zou","Langbon"
"BJ","Zou","Lanhouetome"
"BJ","Zou","Lanta-Egbelakou"
"BJ","Zou","Lantagon"
"BJ","Zou","Lanta-Kechikoe"
"BJ","Zou","Lanta-Kenokoe"
"BJ","Zou","Lanta-Komabou"
"BJ","Zou","Lanta"
"BJ","Zou","Lantedie"
"BJ","Zou","Legbaholli"
"BJ","Zou","Legbasigon"
"BJ","Collines","Lekpa"
"BJ","Collines","Lekpe"
"BJ","Collines","Lero"
"BJ","Zou","Levourhoe"
"BJ","Zou","Linsa"
"BJ","Zou","Linsoupa"
"BJ","Zou","Lissazoume"
"BJ","Zou","Lisse-Sokodome"
"BJ","Mono","Lobogo"
"BJ","Kouffo","Locogahoue"
"BJ","Kouffo","Locogohoue"
"BJ","Kouffo","Locoha"
"BJ","Mono","Locohoui"
"BJ","Mono","Locossa"
"BJ","Collines","Lodji"
"BJ","Collines","Logbo"
"BJ","Kouffo","Loko-Atoui"
"BJ","Zou","Lokokanme"
"BJ","Mono","Lokossa-Glo"
"BJ","Mono","Lokossa"
"BJ","Mono","Lokossa-Tchikome"
"BJ","Kouffo","Lokoui Bedjame"
"BJ","Zou","Lo"
"BJ","Zou","Lonkli"
"BJ","Zou","Lonkly"
"BJ","Collines","Losi"
"BJ","Collines","Louba"
"BJ","Collines","Loubeta"
"BJ","Collines","Lougba"
"BJ","Collines","Lougbao"
"BJ","Collines","Loukou"
"BJ","Zou","Loukpe"
"BJ","Collines","Loukpodji"
"BJ","Oueme","Louo"
"BJ","Alibori","Loussi"
"BJ","Collines","Loya"
"BJ","Collines","Lozi"
"BJ","Collines","Luba"
"BJ","Zou","Madjavi"
"BJ","Kouffo","Madjede"
"BJ","Kouffo","Makpa"
"BJ","Collines","Malomi"
"BJ","Zou","Maougberhoe"
"BJ","Zou","Masse"
"BJ","Collines","Mateo"
"BJ","Collines","Mayamon"
"BJ","Kouffo","Meavekou"
"BJ","Kouffo","Mendenkan"
"BJ","Oueme","Meridjonou"
"BJ","Oueme","Meridjonu"
"BJ","Mono","Metamdjan"
"BJ","Mono","Metangnan"
"BJ","Oueme","Metlo"
"BJ","Zou","Metonougon"
"BJ","Donga","Meundostiouri"
"BJ","Oueme","Midotokpa"
"BJ","Zou","Mignonhito"
"BJ","Donga","Mindielrha"
"BJ","Collines","Miniki"
"BJ","Plateau","Missegbo"
"BJ","Oueme","Misserete"
"BJ","Kouffo","Mitagbo"
"BJ","Oueme","Mitro"
"BJ","Oueme","Modo-Tokpa"
"BJ","Collines","Moka"
"BJ","Kouffo","Mokpa"
"BJ","Collines","Moloukou"
"BJ","Collines","Mondji"
"BJ","Collines","Moteo"
"BJ","Zou","Mougnon"
"BJ","Atakora","Moukontamou"
"BJ","Collines","Moumoutioke"
"BJ","Borgou","Moundouro"
"BJ","Zou","Mousoulou"
"BJ","Collines","Moussonogi"
"BJ","Collines","Movio"
"BJ","Kouffo","Name"
"BJ","Donga","Nangatchori"
"BJ","Donga","Nangatiouri"
"BJ","Kouffo","Nanghohove"
"BJ","Zou","Naogon"
"BJ","Atakora","Natitingou"
"BJ","Atakora","Natitingu"
"BJ","Zou","Ndokpo"
"BJ","Borgou","Nekinparo"
"BJ","Donga","Neubrande"
"BJ","Donga","Neumbakoulra"
"BJ","Zou","Ngbindo"
"BJ","Mono","Niavo"
"BJ","Borgou","Nikikperou"
"BJ","Borgou","Nizouhabou"
"BJ","Donga","Nobrande"
"BJ","Collines","Noiamo"
"BJ","Zou","Noudovagon"
"BJ","Plateau","Odo Meta"
"BJ","Zou","Ofia"
"BJ","Collines","Ogueni"
"BJ","Kouffo","Oinfa"
"BJ","Plateau","Okeita"
"BJ","Zou","Oke-Odo"
"BJ","Plateau","Okieta"
"BJ","Zou","Oki"
"BJ","Collines","Okio"
"BJ","Collines","Oko"
"BJ","Collines","Okoo"
"BJ","Collines","Okounfo"
"BJ","Collines","Okpassa"
"BJ","Collines","Okpedie"
"BJ","Zou","Okpometa"
"BJ","Zou","Oky"
"BJ","Oueme","Ondji"
"BJ","Zou","Onhoun"
"BJ","Collines","Otala"
"BJ","Collines","Otola"
"BJ","Kouffo","Ottohoe"
"BJ","Collines","Ouagui"
"BJ","Zou","Ouahoue"
"BJ","Atlanyique","Ouakpe"
"BJ","Zou","Ouakpe"
"BJ","Oueme","Ouando"
"BJ","Zou","Ouansougon"
"BJ","Collines","Ouao"
"BJ","Borgou","Ouaria"
"BJ","Borgou","Ouarla"
"BJ","Zou","Ouassa"
"BJ","Borgou","Oubou"
"BJ","Borgou","Oudarou"
"BJ","Collines","Oudou"
"BJ","Collines","Ouece"
"BJ","Mono","Ouedeme"
"BJ","Zou","Ouedihoukoli"
"BJ","Zou","Ouedja"
"BJ","Zou","Ouedjologon"
"BJ","Littoral","Ouedo-Agueko"
"BJ","Littoral","Ouedo-Gbadji"
"BJ","Kouffo","Ouegame"
"BJ","Zou","Oueli"
"BJ","Zou","Ouenounignon"
"BJ","Zou","Oueougon"
"BJ","Collines","Ouesse"
"BJ","Atlanyique","Oueto"
"BJ","Collines","Ouhouniago"
"BJ","Atlanyique","Ouidah"
"BJ","Atlanyique","Ouidah-Plage"
"BJ","Plateau","Ouignan"
"BJ","Collines","Ouikladji"
"BJ","Mono","Ouinga"
"BJ","Plateau","Ouinhri"
"BJ","Zou","Oui"
"BJ","Zou","Ouko"
"BJ","Collines","Oukouroukoukou"
"BJ","Zou","Oukpa"
"BJ","Kouffo","Oumbame"
"BJ","Kouffo","Oumbezoume"
"BJ","Zou","Oumgbegame"
"BJ","Collines","Ounbekuido"
"BJ","Collines","Oungbehan"
"BJ","Zou","Oungblazo"
"BJ","Oueme","Ounkanme"
"BJ","Kouffo","Ounkeme Monoto"
"BJ","Kouffo","Ounkeme"
"BJ","Collines","Ounto"
"BJ","Collines","Ouogui"
"BJ","Zou","Ouokon"
"BJ","Borgou","Ouoria"
"BJ","Borgou","Ouorora"
"BJ","Borgou","Ourouba-Kouarou"
"BJ","Atakora","Ouroubouga"
"BJ","Atakora","Ouroukouarbou"
"BJ","Atakora","Ouroukouarebo"
"BJ","Borgou","Ouroungourou"
"BJ","Zou","Ouvenoumedi"
"BJ","Kouffo","Padove"
"BJ","Donga","Palarhou"
"BJ","Kouffo","Palohoue"
"BJ","Donga","Pambalao"
"BJ","Donga","Panienandou"
"BJ","Collines","Paougnan"
"BJ","Collines","Paouignan"
"BJ","Zou","Paoulakpa"
"BJ","Zou","Papakan"
"BJ","Kouffo","Parahoue"
"BJ","Kouffo","Parahue"
"BJ","Borgou","Parakou"
"BJ","Borgou","Paraku"
"BJ","Zou","Passagon"
"BJ","Donga","Passar"
"BJ","Kouffo","Patahoue"
"BJ","Mono","Patandji"
"BJ","Kouffo","Patohoue"
"BJ","Collines","Pawignan"
"BJ","Alibori","Pede"
"BJ","Zou","Pelekegon"
"BJ","Collines","Pele"
"BJ","Borgou","Pepekino"
"BJ","Collines","Pepelou"
"BJ","Borgou","Pepepeterou"
"BJ","Zou","Petagba"
"BJ","Zou","Peteki"
"BJ","Collines","Pira"
"BJ","Kouffo","Poba"
"BJ","Plateau","Pobe"
"BJ","Kouffo","Podave"
"BJ","Kouffo","Podji"
"BJ","Littoral","Podji"
"BJ","Alibori","Podo"
"BJ","Littoral","Pogi"
"BJ","Zou","Pokanme"
"BJ","Zou","Pokina"
"BJ","Zou","Poludji"
"BJ","Kouffo","Poncame"
"BJ","Atlanyique","Pont-Ana"
"BJ","Zou","Ponto Arhan"
"BJ","Oueme","Porto-Novo"
"BJ","Atakora","Posseyeye"
"BJ","Zou","Pota"
"BJ","Borgou","Pourari"
"BJ","Littoral","Quinto"
"BJ","Zou","Rhomte"
"BJ","Collines","Sabalagban"
"BJ","Collines","Sabalouagba"
"BJ","Borgou","Sabisse Konpararou"
"BJ","Kouffo","Sadatchi"
"BJ","Zou","Sagon"
"BJ","Zou","Sahe-Abigo"
"BJ","Zou","Sahe-Loukpe"
"BJ","Zou","Sahe"
"BJ","Zou","Sahouame"
"BJ","Zou","Sahouane-Gleta"
"BJ","Kouffo","Sahoudo"
"BJ","Mono","Sahoue Zougbonou"
"BJ","Donga","Sakalanga"
"BJ","Borgou","Sakana"
"BJ","Plateau","Sakete"
"BJ","Zou","Sakete"
"BJ","Collines","Sako"
"BJ","Borgou","Sakpanou"
"BJ","Zou","Sakpeta"
"BJ","Zou","Samadjagon"
"BJ","Oueme","Sami"
"BJ","Collines","Sandeou"
"BJ","Borgou","Sanro"
"BJ","Collines","San"
"BJ","Borgou","Sanson"
"BJ","Borgou","Sanworo"
"BJ","Donga","Saoutiouri"
"BJ","Donga","Sapaga"
"BJ","Borgou","Sarawalou"
"BJ","Zou","Sasegoui-Basago"
"BJ","Collines","Savalou"
"BJ","Collines","Savalu"
"BJ","Collines","Save"
"BJ","Atlanyique","Savi"
"BJ","Collines","Sawo"
"BJ","Borgou","Sebou"
"BJ","Littoral","Sedje"
"BJ","Oueme","Sedje"
"BJ","Zou","Segoun"
"BJ","Borgou","Segourounga"
"BJ","Borgou","Segourou"
"BJ","Borgou","Segoutou"
"BJ","Donga","Sekolrho"
"BJ","Littoral","Seko"
"BJ","Zou","Seme-Akiza"
"BJ","Oueme","Seme"
"BJ","Oueme","Semi"
"BJ","Borgou","Senakouasso"
"BJ","Borgou","Senouorou"
"BJ","Borgou","Senou"
"BJ","Borgou","Senu"
"BJ","Zou","Seougegon"
"BJ","Donga","Seretiouri"
"BJ","Donga","Serholrhou"
"BJ","Donga","Seriveri"
"BJ","Zou","Serouhe"
"BJ","Zou","Setto"
"BJ","Borgou","Side"
"BJ","Zou","Simlita"
"BJ","Borgou","Sinagourou"
"BJ","Zou","Sinhoue-Hounto"
"BJ","Zou","Sinhoue-Logo"
"BJ","Zou","Sinhoue-Pota"
"BJ","Zou","Sinhoue"
"BJ","Zou","Sinhoue-Zoume"
"BJ","Zou","Sinlito"
"BJ","Borgou","Sinou"
"BJ","Borgou","Siourou"
"BJ","Littoral","So-Ava"
"BJ","Littoral","So Avo"
"BJ","Littoral","So-Awa"
"BJ","Zou","Sobosigon"
"BJ","Littoral","So Chanhui"
"BJ","Zou","Sodjagotoe"
"BJ","Collines","Soedji"
"BJ","Collines","Sogo"
"BJ","Zou","Sohoue-Dovote"
"BJ","Zou","Sohoue"
"BJ","Kouffo","Sohouhousahoue"
"BJ","Zou","Sohove"
"BJ","Collines","Soklogbo"
"BJ","Kouffo","Sokouhoue"
"BJ","Borgou","Sokoumeno"
"BJ","Borgou","Sokouno"
"BJ","Zou","Sokplagon"
"BJ","Collines","Sokponta"
"BJ","Alibori","Sonkpare"
"BJ","Borgou","Sonoumo"
"BJ","Zou","Sonou"
"BJ","Zou","Sopa"
"BJ","Zou","Sopa-Tangagon"
"BJ","Atlanyique","Sosabogto"
"BJ","Littoral","So Shanhui"
"BJ","Littoral","So"
"BJ","Atlanyique","Sossagbeto"
"BJ","Littoral","So-Tchahoue"
"BJ","Littoral","So Tchanhoue"
"BJ","Zou","Sotone"
"BJ","Zou","Sotta"
"BJ","Zou","Soubignoube"
"BJ","Donga","Soubroukou"
"BJ","Zou","Sougoulo"
"BJ","Collines","Soukouhon"
"BJ","Borgou","Soumou"
"BJ","Borgou","Sourou"
"BJ","Zou","Sousougon"
"BJ","Zou","Sovi"
"BJ","Zou","Sovlegni"
"BJ","Littoral","So Zouco"
"BJ","Littoral","So-Zouko"
"BJ","Littoral","So-Zounko"
"BJ","Littoral","So Zuco"
"BJ","Borgou","Suinrou"
"BJ","Borgou","Tabayorourou"
"BJ","Atakora","Tadogoyanta"
"BJ","Atakora","Tagayeye"
"BJ","Collines","Takete"
"BJ","Plateau","Takon"
"BJ","Atakora","Takouta"
"BJ","Donga","Tamasseka"
"BJ","Atakora","Tamiengou"
"BJ","Borgou","Tammboukirou"
"BJ","Kouffo","Tandji"
"BJ","Zou","Tandji"
"BJ","Donga","Tandsara"
"BJ","Mono","Tangarame"
"BJ","Donga","Tangsara"
"BJ","Borgou","Tankaro Ga"
"BJ","Borgou","Tankaro"
"BJ","Kouffo","Tannou"
"BJ","Zou","Tan"
"BJ","Zou","Tanta"
"BJ","Zou","Tanve"
"BJ","Borgou","Tarbakou"
"BJ","Kouffo","Tchanhoue"
"BJ","Donga","Tchankouegou"
"BJ","Mono","Tchanou"
"BJ","Borgou","Tchatchou"
"BJ","Collines","Tcherigbe"
"BJ","Collines","Tchetti-Lema"
"BJ","Collines","Tchetti"
"BJ","Plateau","Tchian"
"BJ","Kouffo","Tchiatome"
"BJ","Kouffo","Tchi-Aveteta"
"BJ","Kouffo","Tchi-Kada"
"BJ","Zou","Tchiko"
"BJ","Zou","Tchiomegon"
"BJ","Kouffo","Tchi"
"BJ","Zou","Tchito"
"BJ","Collines","Tchokobo"
"BJ","Zou","Tchokohoue"
"BJ","Collines","Tchokoladjou"
"BJ","Zou","Tchoue"
"BJ","Collines","Tchoukou"
"BJ","Mono","Tehoukom"
"BJ","Borgou","Tekpara"
"BJ","Borgou","Tekparou"
"BJ","Borgou","Tele"
"BJ","Mono","Tenoukanme"
"BJ","Borgou","Teougourou Gando"
"BJ","Borgou","Teparamaro"
"BJ","Donga","Tiadjeri"
"BJ","Donga","Tiafoouri"
"BJ","Donga","Tiankpekou"
"BJ","Atakora","Tiannokburoutenngou"
"BJ","Borgou","Tian"
"BJ","Borgou","Tibaki"
"BJ","Donga","Tieuelra"
"BJ","Zou","Tindji Assanline"
"BJ","Zou","Tindji"
"BJ","Borgou","Tinekonparou"
"BJ","Mono","Tinou"
"BJ","Donga","Tioutioulrho"
"BJ","Kouffo","Titongon"
"BJ","Borgou","Tobounkparo"
"BJ","Kouffo","Todjime"
"BJ","Oueme","Todji"
"BJ","Zou","Toffo"
"BJ","Zou","Togba"
"BJ","Littoral","Togbota"
"BJ","Mono","Tohanou"
"BJ","Zou","Tohoueta"
"BJ","Oueme","Tohoue"
"BJ","Kouffo","Tohuine"
"BJ","Zou","Tokame-Kpodji"
"BJ","Zou","Tokame"
"BJ","Zou","Tokanme"
"BJ","Borgou","Tokorou"
"BJ","Zou","Tokoukou"
"BJ","Mono","Tokpa"
"BJ","Mono","Tokpli"
"BJ","Kouffo","Tokpohoue"
"BJ","Zou","Tokpota"
"BJ","Mono","Tokpo"
"BJ","Collines","Tokuidoho"
"BJ","Oueme","Toli"
"BJ","Zou","Tometi"
"BJ","Kouffo","Tonhoue"
"BJ","Borgou","Tora"
"BJ","Kouffo","Tosa"
"BJ","Zou","Tosougon"
"BJ","Kouffo","Tosoume"
"BJ","Donga","Tossaou"
"BJ","Collines","Tosso"
"BJ","Kouffo","Tota"
"BJ","Kouffo","Touiklin"
"BJ","Kouffo","Toukame"
"BJ","Zou","Toukpeta"
"BJ","Oueme","Toungue"
"BJ","Kouffo","Tounouhoue"
"BJ","Borgou","Tourokorou"
"BJ","Borgou","Tourou"
"BJ","Kouffo","Touvou"
"BJ","Collines","Tovedogho"
"BJ","Kouffo","Toviklin"
"BJ","Zou","Tovlame"
"BJ","Kouffo","Tsiglihoue"
"BJ","Zou","Tsomanehoue"
"BJ","Donga","Tyilirha"
"BJ","Oueme","Vacon"
"BJ","Oueme","Vakon"
"BJ","Plateau","Vante-Avamitie"
"BJ","Plateau","Vante"
"BJ","Zou","Vedji"
"BJ","Kouffo","Venahoue"
"BJ","Zou","Vivime"
"BJ","Collines","Vivi"
"BJ","Zou","Volli-Latadji"
"BJ","Zou","Vome-Vegame"
"BJ","Collines","Vossa"
"BJ","Borgou","Wansirou"
"BJ","Borgou","Waria"
"BJ","Borgou","Wassamo"
"BJ","Zou","Wassugon"
"BJ","Donga","Wavalrha"
"BJ","Donga","Wawalrha"
"BJ","Collines","Wedeme"
"BJ","Borgou","Weria"
"BJ","Collines","Wesse"
"BJ","Collines","Wessi"
"BJ","Plateau","Wetin Kuti"
"BJ","Borgou","Wevaga"
"BJ","Atlanyique","Whydah"
"BJ","Atlanyique","Wida Sea Town"
"BJ","Atlanyique","Wida"
"BJ","Collines","Wogi"
"BJ","Collines","Wogui"
"BJ","Borgou","Wondou"
"BJ","Borgou","Wongoulou"
"BJ","Borgou","Wore"
"BJ","Borgou","Worora"
"BJ","Borgou","Wororo"
"BJ","Borgou","Wotourou"
"BJ","Collines","Yagbo"
"BJ","Borgou","Yakassirou"
"BJ","Collines","Yakoko"
"BJ","Borgou","Yakpabe"
"BJ","Atakora","Yari-Katere"
"BJ","Atakora","Yari-Kate"
"BJ","Atakora","Yarka"
"BJ","Collines","Yawi"
"BJ","Borgou","Yegounobou"
"BJ","Kouffo","Yehoueme"
"BJ","Kouffo","Yehouhoue"
"BJ","Kouffo","Yenahoua"
"BJ","Borgou","Yeremarou"
"BJ","Alibori","Yere"
"BJ","Littoral","Yevie"
"BJ","Zou","Ye"
"BJ","Plateau","Yoko"
"BJ","Collines","Youe"
"BJ","Zou","Yovogan"
"BJ","Zou","Zadan"
"BJ","Zou","Zado"
"BJ","Zou","Zagnanado"
"BJ","Zou","Zakame"
"BJ","Zou","Zakanme"
"BJ","Zou","Zaka"
"BJ","Zou","Zame"
"BJ","Plateau","Zignan"
"BJ","Zou","Zinkame"
"BJ","Kouffo","Zinkpe"
"BJ","Littoral","Zinvie"
"BJ","Littoral","Zinvie-Zounme"
"BJ","Littoral","Zivie"
"BJ","Littoral","Zivie-Zounme"
"BJ","Zou","Zobasagon"
"BJ","Zou","Zobodome"
"BJ","Kouffo","Zodoume"
"BJ","Zou","Zogbodome"
"BJ","Collines","Zomakizi"
"BJ","Zou","Zonklandji"
"BJ","Kouffo","Zoudjame"
"BJ","Collines","Zoudji"
"BJ","Collines","Zougueme"
"BJ","Kouffo","Zouingonme"
"BJ","Atlanyique","Zoumbodji"
"BJ","Zou","Zoume"
"BJ","Mono","Zoumoume"
"BJ","Zou","Zoungahou"
"BJ","Kouffo","Zoungame"
"BJ","Atlanyique","Zoungbodji"
"BJ","Zou","Zoungoudo"
"BJ","Oueme","Zoungue"
"BJ","Oueme","Zounke"
"BJ","Mono","Zounkpa"
"BJ","Mono","Zounkpe"
"BJ","Plateau","Zounta"
"BJ","Plateau","Zounto"
"BJ","Zou","Zouto"
"BJ","Atlanyique","Zumboji"
"BJ","Zou","Zume Passagon"
