"CH","Thurgau","Aadorf"
"CH","Aargau","Aarau"
"CH","Aargau","Aaray"
"CH","Bern","Aarberg"
"CH","Aargau","Aarburg"
"CH","Aargau","Aarwangen"
"CH","Zurich","Aathal"
"CH","Fribourg","Ablandschen"
"CH","Sankt Gallen","Abtwil"
"CH","Sankt Gallen","Abtwyl"
"CH","Aargau","Acheberg"
"CH","Valais","Ackersand"
"CH","Uri","Acla"
"CH","Graubunden","Aclas Dafora"
"CH","Ticino","Acquacalda"
"CH","Ticino","Acquarossa"
"CH","Fribourg","Adannes"
"CH","Bern","Adelboden"
"CH","Luzern","Adligenswil"
"CH","Zurich","Adliswil"
"CH","Obwalden","Aecherli"
"CH","Bern","Aeckenmatt"
"CH","Solothurn","Aedermannsdorf"
"CH","Bern","Aelgau"
"CH","Bern","Aelgauli"
"CH","Obwalden","Aelggi Alm"
"CH","Obwalden","Aelggi Alp"
"CH","Aargau","Aernen"
"CH","Aargau","Aesch"
"CH","Basel-Stadt","Aesch"
"CH","Uri","Aesch"
"CH","Bern","Aeschau"
"CH","Inner-Rhoden","Aescher"
"CH","Bern","Aeschi"
"CH","Bern","Aeschlen"
"CH","Fribourg","Aeschlenberg"
"CH","Aargau","Aettenschwil"
"CH","Aargau","Aeugst"
"CH","Thurgau","Affeltrangen"
"CH","Aargau","Affoltern"
"CH","Aargau","Affoltern Am Albis"
"CH","Valais","Agarn"
"CH","Zug","Ageri"
"CH","Valais","Agettes"
"CH","Vaud","Agiez"
"CH","Ticino","Agno"
"CH","Ticino","Agra"
"CH","Vaud","Aigle"
"CH","Graubunden","Aino"
"CH","Graubunden","Aion"
"CH","Obwalden","Airlonia"
"CH","Obwalden","Airola"
"CH","Obwalden","Airolo"
"CH","Aargau","Alberswil"
"CH","Vaud","Albeuve"
"CH","Valais","Albinen"
"CH","Bern","Albligen"
"CH","Solothurn","Alchenstorf"
"CH","Obwalden","All'Acqua"
"CH","Obwalden","All'Acqua Ospizio"
"CH","Geneve","Allaman"
"CH","Jura","Alle"
"CH","Bern","Allmendingen"
"CH","Basel-Stadt","Allschwil"
"CH","Valais","Almagell"
"CH","Graubunden","Alpe Braita"
"CH","Ticino","Alpe Cava"
"CH","Valais","Alpe De La Barma"
"CH","Ticino","Alpe Della Costa"
"CH","Valais","Alpe De Noveli"
"CH","Valais","Alpe De Peryeire"
"CH","Valais","Alpe De Tortin"
"CH","Ticino","Alpe Di Boggio"
"CH","Ticino","Alpe Di Cava"
"CH","Ticino","Alpe Di Cortas"
"CH","Ticino","Alpe Di Crastera"
"CH","Graubunden","Alpe Dil Chant"
"CH","Ticino","Alpe Di Naccio"
"CH","Ticino","Alpe Di Quarnajo"
"CH","Ticino","Alpe Di Scieru"
"CH","Ticino","Alpe Di Trescolmen"
"CH","Valais","Alpe Hannig"
"CH","Ticino","Alpe Porcarescio"
"CH","Ticino","Alpe Pulgabio"
"CH","Ticino","Alpe Quarnaro"
"CH","Obwalden","Alpe Ritom"
"CH","Graubunden","Alpe Schmorras"
"CH","Ticino","Alpe Sfille"
"CH","Graubunden","Alpe Silvretta"
"CH","Ticino","Alpe Trescolmine"
"CH","Graubunden","Alp Grum"
"CH","Ticino","Al Piano"
"CH","Ticino","Alpi Di Trescolmine"
"CH","Bern","Alpiglen"
"CH","Graubunden","Alp Laret-Dadaint"
"CH","Obwalden","Alpnach"
"CH","Obwalden","Alpnachstad"
"CH","Graubunden","Alp Schmorras"
"CH","Graubunden","Alp Spinas"
"CH","Schwyz","Alptal"
"CH","Schwyz","Alpthal"
"CH","Graubunden","Alp Vallatsch"
"CH","Graubunden","Alp Valtnov"
"CH","Ticino","Al Sasso"
"CH","Ticino","Altanca"
"CH","Uri","Altdorf"
"CH","Schaffhausen","Alten"
"CH","Schwyz","Altendorf"
"CH","Sankt Gallen","Altenrhein"
"CH","Fribourg","Alterswil"
"CH","Sankt Gallen","Alterswilen"
"CH","Graubunden","Alt-Felsberg"
"CH","Graubunden","Alt Guraletsch"
"CH","Aargau","Altishofen"
"CH","Schwyz","Altmatt"
"CH","Sankt Gallen","Altnau"
"CH","Schaffhausen","Alton"
"CH","Inner-Rhoden","Alt Sankt Johann"
"CH","Sankt Gallen","Altstatten"
"CH","Zurich","Alt Toggenburg"
"CH","Zurich","Alt-Wiedikon"
"CH","Graubunden","Alvaneu"
"CH","Graubunden","Alvaneubad"
"CH","Graubunden","Alvaneu Dorf"
"CH","Graubunden","Alvaschein"
"CH","Graubunden","Am Bach"
"CH","Ticino","Ambri"
"CH","Glarus","Amden"
"CH","Sankt Gallen","Amriswil"
"CH","Bern","Amsoldingen"
"CH","Uri","Amsteg"
"CH","Graubunden","Andeer"
"CH","Schaffhausen","Andelfingen"
"CH","Obwalden","Andermatt"
"CH","Graubunden","Andest"
"CH","Ausser-Rhoden","Andwil"
"CH","Graubunden","Angeli Custodi"
"CH","Ticino","Angone"
"CH","Geneve","Anieres"
"CH","Ticino","Anveuda"
"CH","Ticino","Anzonico"
"CH","Inner-Rhoden","Appenzell"
"CH","Vaud","Apples"
"CH","Valais","Apro"
"CH","Valais","Aproz"
"CH","Ticino","Aquila"
"CH","Ticino","Aquino"
"CH","Valais","Arbas"
"CH","Valais","Arbaz"
"CH","Ticino","Arbedo"
"CH","Sankt Gallen","Arbon"
"CH","Ticino","Arcegno"
"CH","Solothurn","Arch"
"CH","Fribourg","Arconciel"
"CH","Ticino","Ardet"
"CH","Graubunden","Ardez"
"CH","Valais","Ardon"
"CH","Glarus","Argseeli"
"CH","Aargau","Arisdorf"
"CH","Aargau","Aristau"
"CH","Basel-Stadt","Arlesheim"
"CH","Vaud","Arnex"
"CH","Obwalden","Arni Alm"
"CH","Obwalden","Arni Alp"
"CH","Bern","Arni"
"CH","Ticino","Arogno"
"CH","Valais","Arolla"
"CH","Graubunden","Arosa"
"CH","Graubunden","Arosa Bahnhof"
"CH","Ticino","Arosio"
"CH","Graubunden","Artaschiew"
"CH","Schwyz","Arth"
"CH","Vaud","Arveyes"
"CH","Ticino","Arvigo"
"CH","Geneve","Arzier"
"CH","Ticino","Arzo"
"CH","Graubunden","Ascharina"
"CH","Fribourg","Aschlenberg"
"CH","Ticino","Ascona"
"CH","Vaud","Assens"
"CH","Ticino","Astano"
"CH","Jura","Asuel"
"CH","Vaud","Attalens"
"CH","Uri","Attinghausen"
"CH","Solothurn","Attiswil"
"CH","Basel-Stadt","Au"
"CH","Sankt Gallen","Au"
"CH","Zug","Au"
"CH","Zurich","Au"
"CH","Geneve","Aubonne"
"CH","Aargau","Auenstein"
"CH","Obwalden","Auf Dem Stock"
"CH","Graubunden","Auf Der Hohe"
"CH","Ticino","Augio"
"CH","Aargau","Augst"
"CH","Vaud","Aumont"
"CH","Ticino","Auressio"
"CH","Ticino","Aurigeno"
"CH","Aargau","Ausserbinn"
"CH","Zurich","Ausserdinhard"
"CH","Schwyz","Aussere Altmatt"
"CH","Graubunden","Ausserferrera"
"CH","Graubunden","Ausserglas"
"CH","Valais","Ausserholligen"
"CH","Bern","Ausser Latterbach"
"CH","Zurich","Aussersihl"
"CH","Fribourg","Autigny"
"CH","Neuchatel","Auvernier"
"CH","Aargau","Auw"
"CH","Geneve","Aux Acacias"
"CH","Ticino","Avegno"
"CH","Fribourg","Avenches"
"CH","Fribourg","Avry"
"CH","Fribourg","Avry-Sur-Matran"
"CH","Schwyz","Axenstein"
"CH","Valais","Ayent"
"CH","Valais","Ayer"
"CH","Zug","Baar"
"CH","Schwyz","Bach"
"CH","Aargau","Bachenbulach"
"CH","Bern","Bachlen"
"CH","Aargau","Bachs"
"CH","Valais","Bachtolen"
"CH","Aargau","Baden"
"CH","Graubunden","Bad Ragaz"
"CH","Aargau","Bad Schinznach"
"CH","Fribourg","Bad-Schwarzsee"
"CH","Valais","Bagnes"
"CH","Vaud","Baillaigues"
"CH","Valais","Bains De Lavey"
"CH","Basel-Stadt","Bale"
"CH","Graubunden","Balen"
"CH","Ticino","Balerna"
"CH","Sankt Gallen","Balgach"
"CH","Vaud","Ballaigues"
"CH","Graubunden","Ballaluna"
"CH","Vaud","Ballens"
"CH","Luzern","Ballwil"
"CH","Obwalden","Balm"
"CH","Bern","Balm Bei Messen"
"CH","Uri","Balmenegg"
"CH","Aargau","Balstal"
"CH","Aargau","Balsthal"
"CH","Zurich","Baltenswil"
"CH","Valais","Baltschieder"
"CH","Ticino","Banco"
"CH","Bern","Bangerten"
"CH","Aargau","Bannwil"
"CH","Bern","Barau"
"CH","Fribourg","Barbereche"
"CH","Geneve","Barberine"
"CH","Zurich","Baretswil"
"CH","Bern","Bariswil"
"CH","Valais","Barma"
"CH","Geneve","Barmaz"
"CH","Geneve","Barme"
"CH","Jura","Barschwil"
"CH","Jura","Barschwil-Dorf"
"CH","Schaffhausen","Basadingen"
"CH","Aargau","Baselaugst"
"CH","Basel-Stadt","Basel"
"CH","Ausser-Rhoden","Basenheid"
"CH","Basel-Stadt","Basilea"
"CH","Basel-Stadt","Basle"
"CH","Jura","Bassecourt"
"CH","Valais","Basse-Nendaz"
"CH","Zurich","Bassersdorf"
"CH","Graubunden","Batanja"
"CH","Solothurn","Batterkinden"
"CH","Uri","Bauen"
"CH","Vaud","Baulmes"
"CH","Zurich","Bauma"
"CH","Sankt Gallen","Bauried"
"CH","Sankt Gallen","Bauriet"
"CH","Vaud","Bavois"
"CH","Graubunden","Bavugls"
"CH","Ausser-Rhoden","Bazenheid"
"CH","Bern","Beatenbeig"
"CH","Bern","Beatenberg"
"CH","Nidwalden","Beckenried"
"CH","Graubunden","Bedra"
"CH","Obwalden","Bedretto"
"CH","Schaffhausen","Beggingen"
"CH","Geneve","Begnins"
"CH","Graubunden","Bei Der Sage"
"CH","Graubunden","Beim Hohenhaus"
"CH","Graubunden","Beim Thurm"
"CH","Aargau","Beinwil"
"CH","Valais","Belalp"
"CH","Fribourg","Belfaux"
"CH","Graubunden","Bellaluna"
"CH","Neuchatel","Bellechasse"
"CH","Bern","Bellelay"
"CH","Neuchatel","Bellerive"
"CH","Geneve","Bellevue"
"CH","Ticino","Bellinzona"
"CH","Bern","Bellmund"
"CH","Aargau","Bellwald"
"CH","Vaud","Belmont-Sur-Lausanne"
"CH","Bern","Belp"
"CH","Obwalden","Belvedere"
"CH","Schaffhausen","Benken"
"CH","Schwyz","Benken"
"CH","Vaud","Bercher"
"CH","Sankt Gallen","Berg"
"CH","Graubunden","Bergun"
"CH","Aargau","Berikon"
"CH","Schaffhausen","Beringen"
"CH","Valais","Berisal"
"CH","Bern","Berna"
"CH","Bern","Bern"
"CH","Bern","Berne"
"CH","Sankt Gallen","Berneck"
"CH","Geneve","Bernex"
"CH","Graubunden","Berninahauser"
"CH","Graubunden","Bernina Suot"
"CH","Aargau","Beromunster"
"CH","Glarus","Berschis"
"CH","Ticino","Berzona"
"CH","Bern","Betelried"
"CH","Bern","Betelried Blankenburg"
"CH","Glarus","Betschwanden"
"CH","Bern","Bettelried"
"CH","Aargau","Betten"
"CH","Basel-Stadt","Bettingen"
"CH","Solothurn","Bettlach"
"CH","Valais","Beuson"
"CH","Neuchatel","Bevaix"
"CH","Graubunden","Bevers"
"CH","Bern","Bevilard"
"CH","Vaud","Bex"
"CH","Aargau","Beznau"
"CH","Ticino","Biasca"
"CH","Ticino","Biaschina"
"CH","Ticino","Biasco"
"CH","Schaffhausen","Biber"
"CH","Schwyz","Biberbrucke"
"CH","Bern","Biberen"
"CH","Solothurn","Biberist"
"CH","Schaffhausen","Bibern"
"CH","Ticino","Biborgo"
"CH","Thurgau","Bichelsee"
"CH","Ticino","Bidogno"
"CH","Bern","Biel"
"CH","Obwalden","Biel"
"CH","Bern","Bienne"
"CH","Geneve","Biere"
"CH","Bern","Bigenthal"
"CH","Bern","Biglen"
"CH","Ticino","Bignasco"
"CH","Ticino","Bigorio"
"CH","Schwyz","Bilten"
"CH","Aargau","Binn"
"CH","Basel-Stadt","Binningen"
"CH","Ticino","Bioggio"
"CH","Vaud","Bioley-Orjulaz"
"CH","Zurich","Birmensdorf"
"CH","Aargau","Birmenstorf"
"CH","Zurich","Birmenstorf"
"CH","Ticino","Bironico"
"CH","Aargau","Birr"
"CH","Aargau","Birr-Lufig"
"CH","Aargau","Birrwil"
"CH","Basel-Stadt","Birsfelden"
"CH","Uri","Birtschen"
"CH","Thurgau","Bissegg"
"CH","Ticino","Bissone"
"CH","Valais","Bitsch"
"CH","Graubunden","Bivio"
"CH","Graubunden","Bivio Stalla"
"CH","Bern","Blankenburg"
"CH","Graubunden","Blas"
"CH","Bern","Blatten"
"CH","Luzern","Blatten"
"CH","Valais","Blatten"
"CH","Basel-Stadt","Blauen"
"CH","Bern","Blausee"
"CH","Obwalden","Blitzingen"
"CH","Vaud","Blonay"
"CH","Bern","Blumenstein"
"CH","Obwalden","Boden"
"CH","Uri","Boden"
"CH","Ticino","Bodio"
"CH","Graubunden","Boegia"
"CH","Graubunden","Boggia"
"CH","Graubunden","Bogia"
"CH","Geneve","Bogis-Bossey"
"CH","Ticino","Bogno"
"CH","Ticino","Bolastro"
"CH","Graubunden","Bolgen"
"CH","Bern","Bollaigues"
"CH","Bern","Boll"
"CH","Bern","Bolligen"
"CH","Bern","Bolligen-Dorf"
"CH","Bern","Boltigen"
"CH","Uri","Bolzbach"
"CH","Graubunden","Bonaduz"
"CH","Jura","Boncourt"
"CH","Jura","Bonfol"
"CH","Bern","Bonigen"
"CH","Aargau","Boniswil"
"CH","Geneve","Bonmont"
"CH","Fribourg","Bonnefontaine"
"CH","Zurich","Bonstetten"
"CH","Vaud","Bonvillars"
"CH","Geneve","Borex"
"CH","Ticino","Borgnone"
"CH","Graubunden","Borgonovo"
"CH","Bern","Bort"
"CH","Ticino","Bosco Gurin"
"CH","Fribourg","Bosingen"
"CH","Geneve","Bossey"
"CH","Vaud","Bottens"
"CH","Aargau","Bottenwil"
"CH","Sankt Gallen","Bottighofen"
"CH","Basel-Stadt","Bottmingen"
"CH","Aargau","Bottstein"
"CH","Neuchatel","Boudevilliers"
"CH","Neuchatel","Boudry"
"CH","Valais","Bourg-Saint-Pierre"
"CH","Valais","Bourg San Pierre"
"CH","Vaud","Bouveret"
"CH","Valais","Bovernier"
"CH","Bern","Bowil"
"CH","Aargau","Bozen"
"CH","Graubunden","Brail"
"CH","Valais","Bramis"
"CH","Valais","Bramois"
"CH","Graubunden","Brand"
"CH","Valais","Bratsch"
"CH","Glarus","Braunwald"
"CH","Ticino","Bre"
"CH","Valais","Brecholey"
"CH","Zurich","Breibe"
"CH","Glarus","Breil"
"CH","Zurich","Breite"
"CH","Basel-Stadt","Breitenbach"
"CH","Obwalden","Breitenfeld"
"CH","Aargau","Bremgarten"
"CH","Bern","Bremgarten"
"CH","Valais","Bremis"
"CH","Vaud","Brenles"
"CH","Ticino","Breno"
"CH","Bern","Brenzikofen"
"CH","Ticino","Bre Sopra Lugano"
"CH","Aargau","Bretzwil"
"CH","Graubunden","Brienz"
"CH","Obwalden","Brienz"
"CH","Obwalden","Brienzwiler"
"CH","Obwalden","Brienzwiler-Dorf"
"CH","Valais","Brig"
"CH","Glarus","Brigels"
"CH","Valais","Brigerbad"
"CH","Valais","Brignon"
"CH","Valais","Brigue"
"CH","Ticino","Brione"
"CH","Basel-Stadt","Brislach"
"CH","Ticino","Brissago"
"CH","Uri","Bristen"
"CH","Aargau","Brittnau"
"CH","Fribourg","Broc"
"CH","Obwalden","Broch"
"CH","Ticino","Broglio"
"CH","Thurgau","Bronschhofen"
"CH","Ticino","Brontallo"
"CH","Neuchatel","Brot-Dessous"
"CH","Neuchatel","Brot-Plamboz"
"CH","Aargau","Brugg"
"CH","Bern","Brugg"
"CH","Sankt Gallen","Bruggen"
"CH","Obwalden","Brunigen"
"CH","Ausser-Rhoden","Brunnadern"
"CH","Schwyz","Brunnen"
"CH","Bern","Brunnenthal"
"CH","Ticino","Brusino Arsizio"
"CH","Graubunden","Brusio"
"CH","Valais","Bruson"
"CH","Obwalden","Bruttelen"
"CH","Zurich","Brutten"
"CH","Zurich","Bruttisellen"
"CH","Basel-Landschaft","Bubendorf"
"CH","Schwyz","Bubikon"
"CH","Aargau","Buchberg"
"CH","Zurich","Buch"
"CH","Bern","Buchen"
"CH","Graubunden","Buchen"
"CH","Sankt Gallen","Buchen"
"CH","Bern","Buchholterberg"
"CH","Sankt Gallen","Buchler"
"CH","Luzern","Buchrain"
"CH","Aargau","Buchs"
"CH","Inner-Rhoden","Buchs"
"CH","Schaffhausen","Buchthalen"
"CH","Obwalden","Buhlen"
"CH","Sankt Gallen","Buhler"
"CH","Uri","Buhlruti"
"CH","Luzern","Buholz"
"CH","Jura","Buix"
"CH","Aargau","Bulach"
"CH","Fribourg","Bulle"
"CH","Vaud","Bullet"
"CH","Bern","Bumbach"
"CH","Bern","Bumpliz"
"CH","Fribourg","Bundtels"
"CH","Nidwalden","Buochs"
"CH","Zug","Buonas"
"CH","Valais","Burchen"
"CH","Jura","Bure"
"CH","Bern","Buren An Der Aare"
"CH","Ausser-Rhoden","Buren"
"CH","Bern","Buren"
"CH","Nidwalden","Buren"
"CH","Nidwalden","Buren Nid Dem Bach"
"CH","Basel-Stadt","Burg"
"CH","Bern","Burgdorf"
"CH","Graubunden","Burgias"
"CH","Bern","Burgistein"
"CH","Obwalden","Burglen"
"CH","Sankt Gallen","Burglen"
"CH","Uri","Burglen"
"CH","Aargau","Buron"
"CH","Geneve","Bursinel"
"CH","Geneve","Bursins"
"CH","Fribourg","Burstera"
"CH","Graubunden","Burtgas"
"CH","Geneve","Burtigny"
"CH","Ticino","Busen"
"CH","Ticino","Buseno"
"CH","Basel-Stadt","Busserach"
"CH","Graubunden","Busserein"
"CH","Vaud","Bussigny"
"CH","Schwyz","Busskirch"
"CH","Bern","Busswil Bei Buren An Der Aare"
"CH","Bern","Busswil"
"CH","Ausser-Rhoden","Butschwil"
"CH","Vaud","Buttes"
"CH","Luzern","Buttisholz"
"CH","Aargau","Buttwil"
"CH","Aargau","Butzberg"
"CH","Aargau","Buus"
"CH","Aargau","Buzberg"
"CH","Ticino","Cabbiola"
"CH","Ticino","Cabbiolo"
"CH","Ticino","Cadempino"
"CH","Ticino","Cadenazzo"
"CH","Ticino","Cadro"
"CH","Ticino","Cagiallo"
"CH","Ticino","Cagnago"
"CH","Ticino","Cala"
"CH","Graubunden","Calortsch"
"CH","Ticino","Calpiogna"
"CH","Ticino","Cama"
"CH","Graubunden","Camana"
"CH","Ticino","Camorino"
"CH","Graubunden","Campascio"
"CH","Graubunden","Campfer"
"CH","Uri","Campliun"
"CH","Ticino","Campo Blenio"
"CH","Ticino","Campo"
"CH","Graubunden","Campocologno"
"CH","Ticino","Campo Valmaggia"
"CH","Graubunden","Campovasto"
"CH","Graubunden","Campsut"
"CH","Ticino","Canobbio"
"CH","Valais","Cantine-De-Proz"
"CH","Ticino","Capolago"
"CH","Ticino","Carena"
"CH","Geneve","Carouge"
"CH","Graubunden","Carrera"
"CH","Geneve","Cartigny"
"CH","Geneve","Cartygny"
"CH","Graubunden","Casaccia"
"CH","Ticino","Casima"
"CH","Ticino","Caslano"
"CH","Ticino","Cassina"
"CH","Ticino","Cassino"
"CH","Ticino","Castagnola"
"CH","Ticino","Castasegna"
"CH","Ticino","Castello San Pietro"
"CH","Ticino","Castel San Pietro"
"CH","Graubunden","Castels"
"CH","Graubunden","Castiel"
"CH","Ticino","Castione"
"CH","Ticino","Castro"
"CH","Ticino","Cauco"
"CH","Vaud","Caux"
"CH","Vaud","Caux Sur Montreux"
"CH","Ticino","Cavergno"
"CH","Ticino","Caviano"
"CH","Graubunden","Cazis"
"CH","Graubunden","Celerina"
"CH","Geneve","Celigny"
"CH","Ticino","Cerentino"
"CH","Geneve","Cern"
"CH","Fribourg","Cerniat"
"CH","Neuchatel","Cernier"
"CH","Ticino","Certara"
"CH","Ticino","Cevio"
"CH","Neuchatel","Chabrey"
"CH","Valais","Chalais"
"CH","Vaud","Chalet A Gobet"
"CH","Geneve","Chambesy"
"CH","Zug","Cham"
"CH","Valais","Chamoson"
"CH","Vaud","Champagne"
"CH","Geneve","Champery"
"CH","Valais","Champex"
"CH","Graubunden","Champfer"
"CH","Valais","Champsec"
"CH","Vaud","Champvent"
"CH","Geneve","Chancy"
"CH","Valais","Chandolin"
"CH","Geneve","Changins"
"CH","Graubunden","Chants"
"CH","Vaud","Chapelle"
"CH","Vaud","Chardonne"
"CH","Fribourg","Charmey"
"CH","Geneve","Charmilles"
"CH","Jura","Charmoille"
"CH","Valais","Charrat"
"CH","Valais","Charrat-Les-Chenes"
"CH","Geneve","Chateau De Bonmont"
"CH","Vaud","Chateau-D'Oex"
"CH","Valais","Chateauneuf"
"CH","Geneve","Chatelaine"
"CH","Geneve","Chatelaine-Geneve"
"CH","Vaud","Chatelard"
"CH","Vaud","Chatel-Saint-Denis"
"CH","Fribourg","Chatonnaye"
"CH","Neuchatel","Chaumont"
"CH","Neuchatel","Chaumont-De-Pury"
"CH","Vaud","Chavannes"
"CH","Vaud","Chavannes-Le-Chene"
"CH","Fribourg","Chavannes-Sous-Orsonnens"
"CH","Vaud","Chavornay"
"CH","Vaud","Cheiry"
"CH","Valais","Chemin"
"CH","Geneve","Chene-Bougeries"
"CH","Geneve","Chene-Bourg"
"CH","Vaud","Chene-Paquier"
"CH","Valais","Chermignon"
"CH","Valais","Chermignon-D'En Bas"
"CH","Valais","Chermignon-D'En Haut"
"CH","Vaud","Cheseaux"
"CH","Vaud","Chesieres"
"CH","Jura","Chevenez"
"CH","Neuchatel","Chevroux"
"CH","Vaud","Chexbres"
"CH","Neuchatel","Chex Le Bart"
"CH","Vaud","Cheyres"
"CH","Neuchatel","Chezard-Saint-Martin"
"CH","Neuchatel","Chez-Le-Bart"
"CH","Ticino","Chiasso"
"CH","Ticino","Chiavasco"
"CH","Vaud","Chiesaz"
"CH","Ticino","Chiggiogna"
"CH","Valais","Chippis"
"CH","Ticino","Chironico"
"CH","Jura","Choindez"
"CH","Graubunden","Chur"
"CH","Graubunden","Churwalden"
"CH","Ticino","Ciavasco"
"CH","Graubunden","Cierfs"
"CH","Graubunden","Cierfs-Orasom"
"CH","Vaud","Ciernes-Picat"
"CH","Ticino","Cimadera"
"CH","Ticino","Cimalmotto"
"CH","Graubunden","Cinuskel"
"CH","Ticino","Claro"
"CH","Graubunden","Clavadel"
"CH","Graubunden","Clugin"
"CH","Jura","Coeuve"
"CH","Geneve","Cointrin"
"CH","Graubunden","Coire"
"CH","Neuchatel","Col Des Roches"
"CH","Vaud","Collombey"
"CH","Valais","Collonges"
"CH","Neuchatel","Colombier"
"CH","Vaud","Colombier"
"CH","Geneve","Colovrex"
"CH","Ticino","Coltura"
"CH","Ticino","Comano"
"CH","Vaud","Combremont"
"CH","Vaud","Combremont-Le-Petit"
"CH","Ticino","Comologno"
"CH","Uri","Compadials"
"CH","Graubunden","Compatsch"
"CH","Geneve","Compesieres"
"CH","Ticino","Comprovasco"
"CH","Vaud","Concise"
"CH","Geneve","Confignon"
"CH","Graubunden","Conters"
"CH","Valais","Conthey"
"CH","Ticino","Contone"
"CH","Ticino","Contra"
"CH","Geneve","Coppet"
"CH","Valais","Coppet"
"CH","Vaud","Corbeyrier"
"CH","Ticino","Corcapolo"
"CH","Fribourg","Corcelles"
"CH","Solothurn","Corcelles"
"CH","Fribourg","Cordast"
"CH","Valais","Cordona"
"CH","Valais","Cordonaz"
"CH","Bern","Corgemont"
"CH","Ticino","Corippo"
"CH","Fribourg","Corminboeuf"
"CH","Neuchatel","Cornaux"
"CH","Jura","Cornol"
"CH","Geneve","Corsier"
"CH","Geneve","Corsier Port"
"CH","Neuchatel","Cortaillod"
"CH","Ticino","Cortascio"
"CH","Ticino","Corte"
"CH","Ticino","Corte Grande"
"CH","Neuchatel","Cortuillod"
"CH","Vaud","Cossonay"
"CH","Vaud","Cossonay-Ville"
"CH","Vaud","Cote Aux Fees"
"CH","Fribourg","Cottens"
"CH","Geneve","Coulouvreniere"
"CH","Jura","Courfaivre"
"CH","Jura","Courgenay"
"CH","Fribourg","Courgevaux"
"CH","Fribourg","Courlevon"
"CH","Jura","Courrendlin"
"CH","Jura","Courroux"
"CH","Bern","Court"
"CH","Jura","Courtedoux"
"CH","Obwalden","Courtelary"
"CH","Jura","Courtemaiche"
"CH","Fribourg","Courtepin"
"CH","Jura","Courtetelle"
"CH","Fribourg","Courtion"
"CH","Valais","Couta"
"CH","Vaud","Couvet"
"CH","Graubunden","Cra Digl Lai"
"CH","Ticino","Crana"
"CH","Geneve","Crans"
"CH","Valais","Crans"
"CH","Valais","Crans-Sur-Sierre"
"CH","Geneve","Crassier"
"CH","Graubunden","Crasta"
"CH","Graubunden","Cre Digl Lai"
"CH","Solothurn","Cremines"
"CH","Ticino","Cresciano"
"CH","Fribourg","Cressier"
"CH","Neuchatel","Cressier"
"CH","Graubunden","Cresta"
"CH","Valais","Creta"
"CH","Ticino","Crich"
"CH","Ticino","Crico"
"CH","Vaud","Crissier"
"CH","Ticino","Croce"
"CH","Graubunden","Crusch"
"CH","Neuchatel","Cudrefin"
"CH","Ticino","Cugnasco"
"CH","Vaud","Cugy"
"CH","Vaud","Cully"
"CH","Graubunden","Cumbels"
"CH","Graubunden","Cunter"
"CH","Uri","Curaglia"
"CH","Ticino","Curtina"
"CH","Schaffhausen","Dachsen"
"CH","Aargau","Dagmersellen"
"CH","Vaud","Daillens"
"CH","Valais","Daillet"
"CH","Valais","Dailley"
"CH","Valais","Dailly"
"CH","Nidwalden","Dallenwil"
"CH","Ticino","Dalpe"
"CH","Neuchatel","Damvant"
"CH","Ticino","Dandrio"
"CH","Aargau","Daniken"
"CH","Graubunden","Danis"
"CH","Geneve","Dardagny"
"CH","Bern","Darligen"
"CH","Bern","Darstetten"
"CH","Aargau","Dattwil"
"CH","Graubunden","Davos Dorf"
"CH","Graubunden","Davos Platz"
"CH","Ausser-Rhoden","Degersheim"
"CH","Bern","Deisswil"
"CH","Solothurn","Deitingen"
"CH","Valais","Dele"
"CH","Jura","Delemont"
"CH","Jura","Delsberg"
"CH","Aargau","Densburen"
"CH","Solothurn","Derendingen"
"CH","Vaud","Devant"
"CH","Valais","Diablerets"
"CH","Obwalden","Diechtersmatt"
"CH","Aargau","Diegten"
"CH","Aargau","Dielsdorf"
"CH","Bern","Diemtigen"
"CH","Sankt Gallen","Diepoldsau"
"CH","Glarus","Diesbach"
"CH","Bern","Diessbach"
"CH","Obwalden","Diesse"
"CH","Schaffhausen","Diessenhofen"
"CH","Zurich","Dietikon"
"CH","Zurich","Dietlikon"
"CH","Luzern","Dietwil"
"CH","Graubunden","Digg"
"CH","Zurich","Dinhard"
"CH","Ticino","Dino"
"CH","Uri","Disentis"
"CH","Uri","Disla"
"CH","Valais","Distel Alp"
"CH","Valais","Distel"
"CH","Vaud","Dizy"
"CH","Aargau","Dogern"
"CH","Graubunden","Domat"
"CH","Graubunden","Domat Ems"
"CH","Neuchatel","Dombresson"
"CH","Fribourg","Domdidier"
"CH","Fribourg","Dompierre"
"CH","Vaud","Dompierre"
"CH","Fribourg","Donatyre"
"CH","Ticino","Dongio"
"CH","Vaud","Donneloye"
"CH","Luzern","Doppleschwand"
"CH","Valais","Dorenaz"
"CH","Graubunden","Dorfji"
"CH","Graubunden","Dorfli"
"CH","Basel-Stadt","Dornach"
"CH","Bern","Dornhalden"
"CH","Glarus","Dornhaus"
"CH","Aargau","Dottikon"
"CH","Aargau","Dottingen"
"CH","Valais","Dranse"
"CH","Bern","Dreiligass"
"CH","Bern","Dreischubel"
"CH","Zurich","Dubendorf"
"CH","Fribourg","Dudingen"
"CH","Ticino","Duno"
"CH","Graubunden","Duranna"
"CH","Schwyz","Durnten"
"CH","Graubunden","Durrboden"
"CH","Aargau","Durrenasch"
"CH","Uri","Durrenboden"
"CH","Aargau","Durrenroth"
"CH","Graubunden","Dutgien"
"CH","Graubunden","Dutjen"
"CH","Graubunden","Duvin"
"CH","Geneve","Eaux-Vives"
"CH","Luzern","Ebikon"
"CH","Bern","Ebligen"
"CH","Ausser-Rhoden","Ebnat"
"CH","Ausser-Rhoden","Ebnat-Kappel"
"CH","Vaud","Echallens"
"CH","Fribourg","Echarlens"
"CH","Valais","Econe"
"CH","Vaud","Ecublens"
"CH","Fribourg","Ecuvillens"
"CH","Aargau","Effingen"
"CH","Zurich","Effretikon"
"CH","Aargau","Egerkingen"
"CH","Graubunden","Egga"
"CH","Zurich","Egg"
"CH","Bern","Eggenschwand"
"CH","Aargau","Eggenwil"
"CH","Valais","Eggerberg"
"CH","Sankt Gallen","Eggersriet"
"CH","Bern","Eggiwil"
"CH","Aargau","Eglisau"
"CH","Aargau","Egliswil"
"CH","Sankt Gallen","Egnach"
"CH","Aargau","Ehrendingen"
"CH","Inner-Rhoden","Eichberg"
"CH","Luzern","Eich"
"CH","Luzern","Eigenthal"
"CH","Aargau","Eiken"
"CH","Bern","Einigen"
"CH","Schwyz","Einsiedeln"
"CH","Valais","Eischol"
"CH","Valais","Eischoll"
"CH","Valais","Eison"
"CH","Valais","Eisten"
"CH","Thurgau","Elgg"
"CH","Schaffhausen","Ellikon Am Rhein"
"CH","Thurgau","Ellikon An Der Thur"
"CH","Schaffhausen","Ellikon"
"CH","Thurgau","Ellikon"
"CH","Glarus","Elm"
"CH","Zurich","Elsau"
"CH","Bern","Elsigbach"
"CH","Valais","Embd"
"CH","Zurich","Embrach"
"CH","Luzern","Emmenbrucke"
"CH","Luzern","Emmen"
"CH","Bern","Emmenmatt"
"CH","Nidwalden","Emmetten"
"CH","Nidwalden","Emmeuen"
"CH","Sankt Gallen","Emmishofen"
"CH","Geneve","Emosson"
"CH","Graubunden","Ems"
"CH","Aargau","Endingen"
"CH","Bern","Engehalde"
"CH","Obwalden","Engelberg"
"CH","Glarus","Engi"
"CH","Fribourg","En La Gottaz"
"CH","Glarus","Ennenda"
"CH","Nidwalden","Ennetburgen"
"CH","Luzern","Ennetegg"
"CH","Vaud","Enney"
"CH","Valais","Ensex"
"CH","Fribourg","Entenmoos"
"CH","Aargau","Entfelden"
"CH","Luzern","Entlebuch"
"CH","Vaud","En Vennes"
"CH","Vaud","Epalinges"
"CH","Vaud","Epautheyres"
"CH","Fribourg","Ependes"
"CH","Vaud","Ependes"
"CH","Valais","Epinassey"
"CH","Aargau","Eptingen"
"CH","Valais","Erde"
"CH","Aargau","Eriswil"
"CH","Bern","Eriz"
"CH","Obwalden","Erlach"
"CH","Zurich","Erlenbach"
"CH","Bern","Erlenbach Im Simmental"
"CH","Sankt Gallen","Erlen"
"CH","Aargau","Erlinsbach"
"CH","Thurgau","Ermatingen"
"CH","Aargau","Ernen"
"CH","Valais","Erschmatt"
"CH","Basel-Stadt","Erschwil"
"CH","Solothurn","Ersigen"
"CH","Uri","Erstfeld"
"CH","Luzern","Eschenbach"
"CH","Schwyz","Eschenbach"
"CH","Thurgau","Eschenz"
"CH","Inner-Rhoden","Escher"
"CH","Valais","Esch"
"CH","Thurgau","Eschikofen"
"CH","Thurgau","Eschlikon-Dorf"
"CH","Thurgau","Eschlikon"
"CH","Luzern","Escholzmatt"
"CH","Geneve","Essertines-Sur-Rolle"
"CH","Vaud","Estavannens-Dessous"
"CH","Vaud","Estavannens-Dessus"
"CH","Vaud","Estavannens"
"CH","Vaud","Estavayer"
"CH","Vaud","Estavayer-Le-Lac"
"CH","Neuchatel","Etit-Savagnier"
"CH","Basel-Stadt","Ettingen"
"CH","Aargau","Ettiswil"
"CH","Schwyz","Etzel"
"CH","Schwyz","Etzel-Kulm"
"CH","Aargau","Etzgen"
"CH","Schaffhausen","Etzwilen"
"CH","Valais","Euseigne"
"CH","Schwyz","Eutal"
"CH","Schwyz","Euthal"
"CH","Bern","Evilard"
"CH","Valais","Evionnaz"
"CH","Valais","Evolene"
"CH","Vaud","Exergillod"
"CH","Valais","Eyholz"
"CH","Geneve","Eysins"
"CH","Ticino","Faedo"
"CH","Bern","Fafleralp"
"CH","Bern","Fahrni"
"CH","Aargau","Fahrwangen"
"CH","Jura","Fahy"
"CH","Ticino","Faido-Borgo"
"CH","Ticino","Faido"
"CH","Valais","Faldum Alp"
"CH","Graubunden","Falera"
"CH","Zurich","Fallanden"
"CH","Graubunden","Fanas"
"CH","Valais","Fang"
"CH","Aargau","Fankhaus"
"CH","Fribourg","Faoug"
"CH","Graubunden","Fardun"
"CH","Obwalden","Farnigen"
"CH","Fribourg","Farvagny-Le-Grand"
"CH","Fribourg","Farvagny-Le-Petit"
"CH","Bern","Faulensee"
"CH","Zurich","Fehraltorf"
"CH","Thurgau","Felben"
"CH","Schwyz","Feldbach"
"CH","Thurgau","Feldbach"
"CH","Solothurn","Feldbrunnen"
"CH","Solothurn","Feldbrunner"
"CH","Aargau","Feld"
"CH","Graubunden","Feldis"
"CH","Zurich","Feldmeilen"
"CH","Obwalden","Feldmoos"
"CH","Sankt Gallen","Feldmoos"
"CH","Obwalden","Feldmos"
"CH","Graubunden","Fellers"
"CH","Graubunden","Felsberg"
"CH","Bern","Felsenau"
"CH","Valais","Ferden"
"CH","Bern","Ferenbalm"
"CH","Bern","Fermelberg"
"CH","Bern","Fermellager"
"CH","Obwalden","Fernigen"
"CH","Valais","Ferret"
"CH","Valais","Ferrex"
"CH","Valais","Feschel"
"CH","Graubunden","Fetan"
"CH","Graubunden","Fetan Grand"
"CH","Schaffhausen","Feuerthalen"
"CH","Schwyz","Feusisberg"
"CH","Valais","Feutersoey"
"CH","Graubunden","Fex-Crasta"
"CH","Vaud","Feydey"
"CH","Graubunden","Fidaz"
"CH","Graubunden","Fideris Dorf"
"CH","Graubunden","Fideriser Alp Duranna"
"CH","Graubunden","Fideriseralp"
"CH","Graubunden","Fideris"
"CH","Aargau","Fiescherthal"
"CH","Aargau","Fiesch"
"CH","Ticino","Fiesso"
"CH","Vaud","Fiez"
"CH","Bern","Filderich"
"CH","Graubunden","Filisur"
"CH","Glarus","Filzbach"
"CH","Valais","Findelen"
"CH","Valais","Findeln Bei Staldenreid"
"CH","Valais","Findeln"
"CH","Valais","Finhaut"
"CH","Graubunden","Finstermunz"
"CH","Valais","Fionnay"
"CH","Schwyz","Fischental"
"CH","Schwyz","Fischenthal"
"CH","Zurich","Fischingen"
"CH","Schaffhausen","Flaach"
"CH","Bern","Flamatt"
"CH","Graubunden","Flasch"
"CH","Ausser-Rhoden","Flawil"
"CH","Graubunden","Flerden"
"CH","Vaud","Fleurier"
"CH","Graubunden","Flims Dorf"
"CH","Graubunden","Flims"
"CH","Graubunden","Flims Waldhaus"
"CH","Graubunden","Flond"
"CH","Obwalden","Flueli"
"CH","Uri","Flueln"
"CH","Valais","Fluhalp"
"CH","Obwalden","Fluhli"
"CH","Obwalden","Fluhli Ranft"
"CH","Glarus","Flums"
"CH","Schaffhausen","Flurlingen"
"CH","Valais","Fontaine"
"CH","Neuchatel","Fontainemelon"
"CH","Graubunden","Fontana"
"CH","Obwalden","Fontana"
"CH","Jura","Fontenais"
"CH","Vaud","Forel"
"CH","Ticino","Forna"
"CH","Ticino","Fornasette"
"CH","Ticino","Foroglio"
"CH","Geneve","Founex"
"CH","Bern","Fraschels"
"CH","Ticino","Frasco"
"CH","Solothurn","Fraubrunnen"
"CH","Thurgau","Frauenfeld"
"CH","Bern","Frauenkappelen"
"CH","Graubunden","Frauenkirch"
"CH","Fribourg","Freiburg"
"CH","Ticino","Freiche"
"CH","Basel-Stadt","Freidorf"
"CH","Schwyz","Freienbach"
"CH","Valais","Frenieres"
"CH","Basel-Landschaft","Frenkendorf"
"CH","Fribourg","Fribourg"
"CH","Fribourg","Friburgo"
"CH","Aargau","Frick"
"CH","Aargau","Friedau"
"CH","Bern","Frieswil"
"CH","Ticino","Froda"
"CH","Vaud","Froideville"
"CH","Vaud","Fruence"
"CH","Graubunden","Frunt"
"CH","Bern","Frutigen"
"CH","Obwalden","Frutt"
"CH","Bern","Fuhre"
"CH","Graubunden","Fuldera"
"CH","Aargau","Fulenbach"
"CH","Aargau","Full"
"CH","Basel-Landschaft","Fullinsdorf"
"CH","Valais","Fully"
"CH","Graubunden","Fuorn"
"CH","Graubunden","Furkels"
"CH","Graubunden","Furna-Dorf"
"CH","Graubunden","Furna"
"CH","Graubunden","Furstenaubruck"
"CH","Graubunden","Furth"
"CH","Ticino","Fusio"
"CH","Schaffhausen","Gachlingen"
"CH","Thurgau","Gachnang"
"CH","Graubunden","Gadmen"
"CH","Obwalden","Gadmen"
"CH","Graubunden","Gafarra"
"CH","Graubunden","Gafien"
"CH","Inner-Rhoden","Gais"
"CH","Valais","Galgern"
"CH","Valais","Galm"
"CH","Fribourg","Galmis"
"CH","Fribourg","Galmiz"
"CH","Neuchatel","Gals"
"CH","Neuchatel","Gampelen"
"CH","Valais","Gampel"
"CH","Valais","Gamsen"
"CH","Inner-Rhoden","Gams"
"CH","Ticino","Gandria"
"CH","Solothurn","Gansbrunnen"
"CH","Ausser-Rhoden","Ganterschwil"
"CH","Ausser-Rhoden","Ganterswil"
"CH","Aargau","Gebenstorf"
"CH","Luzern","Gelfingen"
"CH","Aargau","Gelterkinden"
"CH","Valais","Gemmipass"
"CH","Valais","Gemmi Passhohe"
"CH","Basel-Landschaft","Gempen"
"CH","Ticino","Genestrerio"
"CH","Geneve","Geneva"
"CH","Geneve","Geneve"
"CH","Geneve","Genf"
"CH","Geneve","Genolier"
"CH","Obwalden","Gentalhutten"
"CH","Obwalden","Genthalalp"
"CH","Obwalden","Genthalhutten"
"CH","Bern","Geretsried"
"CH","Bern","Geristein"
"CH","Solothurn","Gerlafingen"
"CH","Thurgau","Gerlikon"
"CH","Luzern","Gerliswil"
"CH","Ticino","Gerra"
"CH","Ticino","Gerra-Verzasca"
"CH","Schwyz","Gersau"
"CH","Obwalden","Gerschnialp"
"CH","Bern","Gerzensee"
"CH","Obwalden","Geschinen"
"CH","Aargau","Gettnau"
"CH","Aargau","Geuensee"
"CH","Ticino","Gheiba"
"CH","Schwyz","Gibswil"
"CH","Obwalden","Gidisdorf"
"CH","Valais","Giebel"
"CH","Obwalden","Giessbach"
"CH","Fribourg","Giffers"
"CH","Geneve","Gilly"
"CH","Geneve","Gimel"
"CH","Bern","Gimmelwald"
"CH","Geneve","Ginevra"
"CH","Geneve","Gingins"
"CH","Ticino","Giornico"
"CH","Ticino","Giova"
"CH","Aargau","Gipf-Oberfrick"
"CH","Schwyz","Girenbad"
"CH","Zurich","Girenbad"
"CH","Zurich","Girenbad-Matten"
"CH","Zurich","Girenbad Seelmatten"
"CH","Obwalden","Giswil"
"CH","Ticino","Giubiasco"
"CH","Ticino","Giumaglio"
"CH","Geneve","Givrins"
"CH","Geneve","Gland"
"CH","Graubunden","Glaris"
"CH","Glarus","Glarus"
"CH","Zurich","Glattbrugg"
"CH","Ausser-Rhoden","Glattburg"
"CH","Zurich","Glattburg"
"CH","Graubunden","Glattenberg"
"CH","Aargau","Glattfelden"
"CH","Obwalden","Gletsch"
"CH","Vaud","Glion"
"CH","Valais","Glis"
"CH","Jura","Glovelier"
"CH","Valais","Gmeinalp"
"CH","Ticino","Gnosca"
"CH","Sankt Gallen","Goldach"
"CH","Schwyz","Goldau"
"CH","Schwyz","Goldingen"
"CH","Bern","Goldiwil"
"CH","Bern","Goldswil"
"CH","Vaud","Gollion"
"CH","Schwyz","Gommiswald"
"CH","Aargau","Gondiswil"
"CH","Ticino","Gondo"
"CH","Inner-Rhoden","Gonten"
"CH","Aargau","Gontenschwil"
"CH","Valais","Goppenstein"
"CH","Aargau","Goppisberg"
"CH","Ticino","Gordevio"
"CH","Ticino","Gordola"
"CH","Ticino","Gorduno"
"CH","Neuchatel","Gorgier"
"CH","Obwalden","Goschenenalp"
"CH","Obwalden","Goschenen"
"CH","Aargau","Gosgen"
"CH","Obwalden","Gosheneralp"
"CH","Aargau","Goslikon"
"CH","Ausser-Rhoden","Gossau"
"CH","Zurich","Gossau"
"CH","Valais","Gottefrey"
"CH","Thurgau","Gottlieben"
"CH","Vaud","Goumoens-La-Ville"
"CH","Bern","Graben"
"CH","Inner-Rhoden","Grabs"
"CH","Valais","Grachen"
"CH","Valais","Gracher"
"CH","Obwalden","Grafenort"
"CH","Vaud","Grancy"
"CH","Neuchatel","Grandcour"
"CH","Jura","Grandfontaine"
"CH","Geneve","Grand-Saconnex"
"CH","Neuchatel","Grand-Savagnier"
"CH","Fribourg","Grandsivaz"
"CH","Vaud","Grandson"
"CH","Solothurn","Grandval"
"CH","Vaud","Grandvillard"
"CH","Valais","Granges"
"CH","Vaud","Granges"
"CH","Valais","Granges-Pres-Sion"
"CH","Aargau","Granichen"
"CH","Valais","Gravelon"
"CH","Ticino","Gravesano"
"CH","Zurich","Greifensee"
"CH","Basel-Stadt","Grellingen"
"CH","Solothurn","Grenchen"
"CH","Aargau","Grengiols"
"CH","Luzern","Greppen"
"CH","Ticino","Gresso"
"CH","Ticino","Gribbio"
"CH","Bern","Griesalp"
"CH","Valais","Grimentz"
"CH","Valais","Grimisuat"
"CH","Bern","Grimmialp"
"CH","Obwalden","Grindelfeld"
"CH","Obwalden","Grindelwald"
"CH","Graubunden","Griosch"
"CH","Valais","Grodei"
"CH","Valais","Grodoey"
"CH","Fribourg","Grolley"
"CH","Valais","Grone"
"CH","Ticino","Grono"
"CH","Bern","Grossaffoltern"
"CH","Graubunden","Grossalpen"
"CH","Schaffhausen","Grossandelfingen"
"CH","Fribourg","Grossbosingen"
"CH","Graubunden","Gross-Fetan"
"CH","Fribourg","Gross Gurmels"
"CH","Bern","Gross Hochstetten"
"CH","Aargau","Grosswangen"
"CH","Valais","Gruben"
"CH","Bern","Grundbach"
"CH","Obwalden","Grund"
"CH","Valais","Grund"
"CH","Valais","Grun"
"CH","Zurich","Gruningen"
"CH","Graubunden","Grusch"
"CH","Fribourg","Gruyeres"
"CH","Valais","Gryon"
"CH","Valais","Gstaad"
"CH","Bern","Gsteig"
"CH","Valais","Gsteig"
"CH","Graubunden","Guarda"
"CH","Zug","Gubel"
"CH","Neuchatel","Guevaux"
"CH","Fribourg","Guggisberg"
"CH","Ticino","Gumegna"
"CH","Bern","Gumligen"
"CH","Valais","Gummeli"
"CH","Bern","Gummenen"
"CH","Bern","Gunten"
"CH","Ticino","Gunt"
"CH","Aargau","Gunzgen"
"CH","Ticino","Gunz"
"CH","Aargau","Gunzwil"
"CH","Graubunden","Guraletsch"
"CH","Bern","Gurnigelbad"
"CH","Bern","Gurnigel"
"CH","Uri","Gurtnellen"
"CH","Valais","Gutsch"
"CH","Obwalden","Guttannen"
"CH","Sankt Gallen","Guttingen"
"CH","Bern","Gwatt"
"CH","Obwalden","Gydisdorf"
"CH","Schwyz","Gyrenbad"
"CH","Zurich","Gyrenbad"
"CH","Bern","Habkern"
"CH","Aargau","Habsburg"
"CH","Thurgau","Hagenbuch"
"CH","Aargau","Hagendorf"
"CH","Sankt Gallen","Haggenschwil"
"CH","Aargau","Hagglingen"
"CH","Obwalden","Hagneck"
"CH","Graubunden","Haldenstein"
"CH","Bern","Halen"
"CH","Schaffhausen","Hallau"
"CH","Aargau","Hallwil"
"CH","Solothurn","Halten"
"CH","Aargau","Hamikon"
"CH","Obwalden","Handeck"
"CH","Obwalden","Handegg"
"CH","Valais","Hannigalp"
"CH","Bern","Hasle"
"CH","Luzern","Hasle"
"CH","Sankt Gallen","Haslen"
"CH","Bern","Hasle-Ruegsau"
"CH","Bern","Hasli"
"CH","Glarus","Hatzingen"
"CH","Valais","Hauderes"
"CH","Aargau","Hauenstein"
"CH","Thurgau","Hauptwil"
"CH","Obwalden","Hausen"
"CH","Zug","Hausen"
"CH","Fribourg","Hauterive"
"CH","Fribourg","Hauterize"
"CH","Fribourg","Hauteville"
"CH","Sankt Gallen","Heerbrugge"
"CH","Sankt Gallen","Heerbrugg"
"CH","Zurich","Hegi"
"CH","Bern","Heidbuhl"
"CH","Sankt Gallen","Heiden"
"CH","Bern","Heiligenschwendi"
"CH","Bern","Heimberg"
"CH","Bern","Heimenschwand"
"CH","Bern","Heimiswil"
"CH","Fribourg","Heitenried"
"CH","Uri","Heitmannsegg"
"CH","Luzern","Hellbuhl"
"CH","Ausser-Rhoden","Hemberg"
"CH","Schaffhausen","Hemishofen"
"CH","Schaffhausen","Hemmental"
"CH","Schaffhausen","Hemmenthal"
"CH","Basel-Landschaft","Hemmiken"
"CH","Ausser-Rhoden","Henau"
"CH","Aargau","Hendschiken"
"CH","Aargau","Hendschikon"
"CH","Zurich","Henggart"
"CH","Solothurn","Herbetswil"
"CH","Schaffhausen","Herblingen"
"CH","Valais","Herbrigen"
"CH","Valais","Herbriggen"
"CH","Sankt Gallen","Herbrug"
"CH","Thurgau","Herdern"
"CH","Valais","Heremence"
"CH","Uri","Hergersboden"
"CH","Aargau","Hergiswil"
"CH","Luzern","Hergiswil"
"CH","Ausser-Rhoden","Herisan"
"CH","Ausser-Rhoden","Herisau"
"CH","Geneve","Hermance"
"CH","Aargau","Hermetschwil"
"CH","Bern","Hermiswil"
"CH","Sankt Gallen","Herrenhof"
"CH","Zurich","Herrliberg"
"CH","Aargau","Hertenstein"
"CH","Luzern","Hertenstein"
"CH","Aargau","Herzberg"
"CH","Aargau","Herzogenbuchsee"
"CH","Solothurn","Hessigkofen"
"CH","Zurich","Hettlingen"
"CH","Luzern","Hildisrieden"
"CH","Bern","Hilterfingen"
"CH","Basel-Stadt","Himmelried"
"CH","Bern","Hindelbank"
"CH","Glarus","Hinterdorf"
"CH","Valais","Hintere-Windspillen"
"CH","Obwalden","Hinter Horbis"
"CH","Bern","Hinterkappelen"
"CH","Sankt Gallen","Hinterlochen"
"CH","Bern","Hinter Netschbuhl"
"CH","Graubunden","Hinterrhein"
"CH","Valais","Hinter Wallegg"
"CH","Obwalden","Hint Schweig"
"CH","Schwyz","Hinwil"
"CH","Bern","Hirschhorn"
"CH","Zurich","Hirzel"
"CH","Zurich","Hittnau"
"CH","Aargau","Hitzkirch"
"CH","Luzern","Hochdorf"
"CH","Graubunden","Hochfinstermunz"
"CH","Basel-Landschaft","Hochwald"
"CH","Schaffhausen","Hofen"
"CH","Sankt Gallen","Hof"
"CH","Basel-Stadt","Hofstetten"
"CH","Zurich","Hofstetten"
"CH","Graubunden","Hohenhaus"
"CH","Aargau","Hohenrain"
"CH","Obwalden","Hohfluh"
"CH","Aargau","Holderbank"
"CH","Valais","Hollerbiel"
"CH","Valais","Hollerbuhl"
"CH","Basel-Landschaft","Holstein"
"CH","Obwalden","Holzhostatt"
"CH","Schwyz","Hombrechtikon"
"CH","Thurgau","Homburg"
"CH","Bern","Hondrich"
"CH","Zurich","Hongg"
"CH","Zurich","Horgen"
"CH","Thurgau","Horhausen"
"CH","Sankt Gallen","Horn"
"CH","Valais","Hornkessel"
"CH","Aargau","Hornussen"
"CH","Luzern","Horw"
"CH","Obwalden","Hospental"
"CH","Obwalden","Hospenthal"
"CH","Vaud","Huemoz"
"CH","Zurich","Hulftegg"
"CH","Uri","Hundwald"
"CH","Ausser-Rhoden","Hundwil"
"CH","Zug","Hunenberg"
"CH","Bern","Hunibach"
"CH","Aargau","Huntwangen"
"CH","Bern","Hunzigenbrugg"
"CH","Bern","Hunzikenbrucke"
"CH","Schwyz","Hurden"
"CH","Obwalden","Husen"
"CH","Vaud","Huttenberg"
"CH","Graubunden","Hutten"
"CH","Thurgau","Huttlingen"
"CH","Thurgau","Huttwilen"
"CH","Aargau","Huttwil"
"CH","Schwyz","Ibach"
"CH","Valais","Iffigenalp"
"CH","Valais","Iffigen"
"CH","Graubunden","Igis"
"CH","Graubunden","Igl Plang"
"CH","Graubunden","Ilanz"
"CH","Graubunden","Il Fuorn"
"CH","Schwyz","Illgau"
"CH","Bern","Illiswil"
"CH","Zurich","Illnau"
"CH","Valais","Im Esch"
"CH","Fribourg","Im Fang"
"CH","Aargau","Imfeld"
"CH","Fribourg","Im Kloster"
"CH","Obwalden","Im Loch"
"CH","Zug","Immensee"
"CH","Ticino","Indemini"
"CH","Valais","Inden"
"CH","Obwalden","In Der Schweig"
"CH","Schwyz","Ingenbohl"
"CH","Graubunden","Innercamana"
"CH","Graubunden","Innerferrera Calantgil"
"CH","Graubunden","Innerferrera"
"CH","Graubunden","Inner Hof"
"CH","Graubunden","Inner Praden"
"CH","Schwyz","Innertal"
"CH","Schwyz","Innerthal"
"CH","Obwalden","Innertkirchen"
"CH","Neuchatel","Ins"
"CH","Bern","Interlaken"
"CH","Ticino","Intragna"
"CH","Uri","Intsche"
"CH","Uri","Intschi"
"CH","Luzern","Inwil"
"CH","Ticino","Iragna"
"CH","Zurich","Irgenhausen"
"CH","Zurich","Irgenhusen"
"CH","Bern","Iseltwald"
"CH","Bern","Isenfluh"
"CH","Uri","Isental"
"CH","Uri","Isenthal"
"CH","Ticino","Iseo"
"CH","Valais","Iserables"
"CH","Uri","Isleten"
"CH","Thurgau","Islikon"
"CH","Graubunden","Isola"
"CH","Ticino","Isone"
"CH","Valais","Issert"
"CH","Valais","Itravers"
"CH","Aargau","Ittental"
"CH","Aargau","Ittenthal"
"CH","Thurgau","Ittingen"
"CH","Bern","Jaggisbachau"
"CH","Fribourg","Jaun"
"CH","Valais","Javernaz"
"CH","Valais","Javerne"
"CH","Bern","Jegenstorf"
"CH","Graubunden","Jeli"
"CH","Graubunden","Jenaz"
"CH","Graubunden","Jenins"
"CH","Bern","Jerisberghof"
"CH","Bern","Jerisberg"
"CH","Fribourg","Jeuss"
"CH","Schwyz","Jona"
"CH","Aargau","Jonen"
"CH","Ausser-Rhoden","Jonschwil"
"CH","Graubunden","Juf"
"CH","Geneve","Jussy"
"CH","Aargau","Kaiseraugst"
"CH","Aargau","Kaiserstuhl"
"CH","Obwalden","Kaiserstuhl"
"CH","Aargau","Kaisten"
"CH","Valais","Kalberhoni"
"CH","Thurgau","Kalchrain"
"CH","Fribourg","Kalchstatten"
"CH","Obwalden","Kallnach"
"CH","Luzern","Kaltbad"
"CH","Schwyz","Kaltbrunn"
"CH","Bern","Kandergrund"
"CH","Bern","Kandersteg"
"CH","Zug","Kappel Am Albis"
"CH","Bern","Kappelen"
"CH","Bern","Kappeli"
"CH","Ausser-Rhoden","Kappel"
"CH","Zug","Kappel"
"CH","Glarus","Kasern"
"CH","Aargau","Kaserstatt"
"CH","Luzern","Kastanienbaum"
"CH","Graubunden","Kastris"
"CH","Thurgau","Kefikon"
"CH","Bern","Kehrsatz"
"CH","Nidwalden","Kehrsiten"
"CH","Bern","Kemmeribodenbad"
"CH","Bern","Kemmeriboden"
"CH","Zurich","Kempttal"
"CH","Zurich","Kemptthal"
"CH","Bern","Kendergrund"
"CH","Bern","Kernenried"
"CH","Obwalden","Kerns"
"CH","Bern","Kerzers"
"CH","Sankt Gallen","Kesswil"
"CH","Obwalden","Kienholz"
"CH","Bern","Kien"
"CH","Bern","Kiental"
"CH","Bern","Kienthal"
"CH","Bern","Kiesen"
"CH","Bern","Kiessen"
"CH","Zurich","Kilchberg"
"CH","Aargau","Killwangen"
"CH","Uri","Kinzeralp"
"CH","Valais","Kippel"
"CH","Ausser-Rhoden","Kirchberg"
"CH","Solothurn","Kirchberg"
"CH","Zurich","Kirchdinhard"
"CH","Bern","Kirchdorf"
"CH","Bern","Kirchlindach"
"CH","Basel-Stadt","Klein-Basel"
"CH","Aargau","Kleindietwil"
"CH","Bern","Kleinhochstetten"
"CH","Basel-Stadt","Kleinhuningen"
"CH","Jura","Kleinlutzel"
"CH","Aargau","Klingnau"
"CH","Fribourg","Kloster"
"CH","Graubunden","Klosters Dorf"
"CH","Graubunden","Klosters Dorfli"
"CH","Graubunden","Klosters"
"CH","Graubunden","Klosters Platz"
"CH","Graubunden","Klosters Serneus"
"CH","Zurich","Kloten"
"CH","Bern","Klusi"
"CH","Zug","Knonau"
"CH","Aargau","Knutwil"
"CH","Aargau","Koblenz"
"CH","Zurich","Kollbrunn"
"CH","Aargau","Kolliken"
"CH","Bern","Koniz"
"CH","Bern","Konolfingen Dorf"
"CH","Bern","Konolfingen"
"CH","Solothurn","Koppigen"
"CH","Sankt Gallen","Kradolf"
"CH","Bern","Krattigen"
"CH","Bern","Krauchtal"
"CH","Bern","Krauchthal"
"CH","Obwalden","Krautmettli"
"CH","Bern","Kreuzbrucke"
"CH","Sankt Gallen","Kreuzlingen"
"CH","Fribourg","Kriechenwil"
"CH","Graubunden","Kriegmatte"
"CH","Graubunden","Kriegsmatte"
"CH","Solothurn","Kriegstetten"
"CH","Solothurn","Kriegstten"
"CH","Luzern","Kriens"
"CH","Luzern","Krienz"
"CH","Ausser-Rhoden","Krinau"
"CH","Sankt Gallen","Kronbuhl Bei Sankt Gallen"
"CH","Sankt Gallen","Kronbuhl"
"CH","Bern","Kroschenbrunnen"
"CH","Ausser-Rhoden","Krummenau"
"CH","Graubunden","Kublis"
"CH","Zug","Kuenz"
"CH","Aargau","Kulm"
"CH","Luzern","Kulm"
"CH","Uri","Kulm"
"CH","Graubunden","Kumma"
"CH","Aargau","Kunten"
"CH","Zug","Kuoni"
"CH","Zug","Kuonz"
"CH","Bern","Kurhaus Grimmialp"
"CH","Bern","Kurhaus"
"CH","Bern","Kurheim-Grimmialp"
"CH","Zurich","Kusnacht"
"CH","Luzern","Kussnacht Am Rigi"
"CH","Luzern","Kussnacht"
"CH","Aargau","Kuttigen"
"CH","Solothurn","Kuttigkofen"
"CH","Zurich","Kyburg"
"CH","Graubunden","Laax Bei Ilanz"
"CH","Graubunden","Laax"
"CH","Valais","La Balmaz"
"CH","Valais","La Barma"
"CH","Geneve","La Barmaz"
"CH","Valais","La Barmaz"
"CH","Vaud","L'Abbaye"
"CH","Neuchatel","La Brevine"
"CH","Neuchatel","La Chaux De Fonda"
"CH","Neuchatel","La Chaux-De-Fonds"
"CH","Neuchatel","La Chaux-Des-Breuleux"
"CH","Neuchatel","La Chaux"
"CH","Neuchatel","La Chaux-Sur-Breuleux"
"CH","Schwyz","Lachen"
"CH","Vaud","La Chiesaz"
"CH","Vaud","La Comballaz"
"CH","Vaud","La Cote-Aux-Fees"
"CH","Vaud","La Cote"
"CH","Geneve","La Coulouvreniere"
"CH","Valais","La Creta"
"CH","Geneve","La Cure"
"CH","Vaud","La Dernier"
"CH","Bern","Ladholz"
"CH","Graubunden","Ladils"
"CH","Graubunden","Ladir"
"CH","Aargau","Laeufelfingen"
"CH","Neuchatel","La Ferriere"
"CH","Valais","La Fontaine"
"CH","Vaud","La Forclaz"
"CH","Valais","La Fouly"
"CH","Valais","La Giete Dele"
"CH","Fribourg","La Gottaz"
"CH","Valais","La Gouille"
"CH","Bern","La Heutte"
"CH","Graubunden","Lai"
"CH","Jura","Lajoux"
"CH","Valais","Lalden"
"CH","Vaud","La Lecherette"
"CH","Obwalden","Lamboing"
"CH","Valais","La Mereune"
"CH","Valais","La Monta"
"CH","Valais","Lana"
"CH","Ticino","Landarenca"
"CH","Luzern","Landbrugg"
"CH","Bern","Landiswil"
"CH","Graubunden","Landquart Fabriken"
"CH","Graubunden","Landquart"
"CH","Obwalden","Laneron-Combes"
"CH","Obwalden","Laneron"
"CH","Obwalden","La Neuveville"
"CH","Aargau","Langenbruck"
"CH","Bern","Langenschachen"
"CH","Aargau","Langental"
"CH","Aargau","Langenthal"
"CH","Aargau","Langnau"
"CH","Bern","Langnau"
"CH","Zurich","Langnau"
"CH","Sankt Gallen","Langrickenbach"
"CH","Graubunden","Langwies"
"CH","Valais","Lanna"
"CH","Valais","Lannaz"
"CH","Graubunden","Lansch"
"CH","Graubunden","Lantsch"
"CH","Vaud","La Pecherette"
"CH","Valais","La Perreyre"
"CH","Geneve","La Plaine"
"CH","Geneve","La Pleine"
"CH","Geneve","La Praille"
"CH","Vaud","La Praz"
"CH","Graubunden","La Punt"
"CH","Geneve","La Redoute"
"CH","Graubunden","Laret"
"CH","Ticino","Laret"
"CH","Bern","La Reuchenette"
"CH","Fribourg","La Roche"
"CH","Graubunden","La Rosa"
"CH","Valais","Larsi"
"CH","Ticino","L'Arzo"
"CH","Neuchatel","La Sagne"
"CH","Vaud","La Sarraz"
"CH","Solothurn","La Scheulte"
"CH","Vaud","La Tine"
"CH","Vaud","La Tour-De-Peilz"
"CH","Fribourg","La Tour-De-Treme"
"CH","Valais","La Tour"
"CH","Graubunden","Latsch"
"CH","Valais","Lauenen"
"CH","Schwyz","Lauerz"
"CH","Aargau","Laufelfingen"
"CH","Aargau","Laufenburg"
"CH","Basel-Stadt","Laufen"
"CH","Schaffhausen","Laufen"
"CH","Fribourg","Laupen"
"CH","Aargau","Laupersdorf"
"CH","Bern","Lauperswil"
"CH","Ticino","Laura"
"CH","Vaud","Lausanne"
"CH","Basel-Landschaft","Lausen"
"CH","Bern","Lauterbrunnen"
"CH","Ticino","Lavertezzo"
"CH","Valais","Lavey"
"CH","Valais","Lavey-Les-Bains"
"CH","Valais","Lavey-Village"
"CH","Graubunden","Lavin"
"CH","Ticino","Lavorgo"
"CH","Aargau","Lax"
"CH","Vaud","Le Bouveret"
"CH","Geneve","Le Brassus"
"CH","Fribourg","Le Bry"
"CH","Valais","Le Chable"
"CH","Vaud","Le Chalet-A-Gobet"
"CH","Vaud","Le Chatelard"
"CH","Vaud","Le Chatelard-Montreux"
"CH","Fribourg","Lechelles"
"CH","Geneve","Le Chenit"
"CH","Vaud","Lecherette"
"CH","Neuchatel","Le Col-Des-Roches"
"CH","Vaud","Le Contour"
"CH","Vaud","Le Cret"
"CH","Vaud","Le Cret-Pres-Semsales"
"CH","Valais","Le Fays"
"CH","Vaud","Le Feydey"
"CH","Ticino","Leggia"
"CH","Geneve","Le Grand-Saconnex"
"CH","Aargau","Leibstadt"
"CH","Sankt Gallen","Leimbach"
"CH","Graubunden","Leis"
"CH","Bern","Leissigen"
"CH","Obwalden","Le Landeron"
"CH","Ticino","Lelgio"
"CH","Luzern","Lelin"
"CH","Neuchatel","Le Locle"
"CH","Vaud","Le Mont"
"CH","Vaud","Le Mont-Sur-Lausanne"
"CH","Bern","Lengnau"
"CH","Valais","Lenk"
"CH","Neuchatel","Le Noirmont"
"CH","Valais","Lens"
"CH","Aargau","Lenzburg"
"CH","Graubunden","Lenzerheide"
"CH","Graubunden","Lenz"
"CH","Neuchatel","Le Paquier"
"CH","Neuchatel","Le Peuchapatte"
"CH","Vaud","Le Pont"
"CH","Graubunden","Le Prese"
"CH","Geneve","Les Acacias"
"CH","Fribourg","Les Adanes"
"CH","Vaud","Les Avants"
"CH","Vaud","Les Bayards"
"CH","Neuchatel","Les Bois"
"CH","Neuchatel","Les Brenets"
"CH","Neuchatel","Les Breuleux"
"CH","Vaud","Les Charbonnieres"
"CH","Geneve","Les Charmilles"
"CH","Neuchatel","Les Coeudres"
"CH","Vaud","Les Devens"
"CH","Valais","Les Diablerets"
"CH","Geneve","Les Eaux-Vives"
"CH","Geneve","Le Sentier"
"CH","Vaud","Le Sepey"
"CH","Valais","Les Garettes"
"CH","Neuchatel","Les Geneveys-Sur-Coffrane"
"CH","Bern","Les Genevez"
"CH","Valais","Les Hauderes"
"CH","Neuchatel","Les Hauts-Geneveys"
"CH","Neuchatel","Les Hauts-Genveys"
"CH","Valais","Les Marecottes"
"CH","Vaud","Les Mosses"
"CH","Vaud","Les Moulins"
"CH","Geneve","Les Paquis"
"CH","Valais","Les Plans"
"CH","Valais","Les Plans-Sur-Bex"
"CH","Vaud","Les Pleiades"
"CH","Neuchatel","Les Pommerats"
"CH","Neuchatel","Les Ponts-De-Martel"
"CH","Neuchatel","Les Ponts-Martel"
"CH","Valais","Les Rappes"
"CH","Vaud","Les Siernes-Picats"
"CH","Vaud","Lessoc"
"CH","Vaud","Les Thioleyres"
"CH","Valais","Les Valettes"
"CH","Vaud","Les Verrieres"
"CH","Zurich","Letten"
"CH","Glarus","Leuggelbach"
"CH","Valais","Leukerbad"
"CH","Valais","Leuk"
"CH","Valais","Leuk Stadt"
"CH","Thurgau","Leutmerken"
"CH","Aargau","Leutwil"
"CH","Solothurn","Leuzigen"
"CH","Geneve","Le Vaud"
"CH","Valais","Le Vichiesso"
"CH","Vaud","Leysin"
"CH","Valais","Leytron"
"CH","Ausser-Rhoden","Lichtensteig"
"CH","Valais","Liddes"
"CH","Bern","Liebefeld"
"CH","Fribourg","Liebistorf"
"CH","Aargau","Lieli"
"CH","Inner-Rhoden","Lienz"
"CH","Jura","Liesberg"
"CH","Basel-Landschaft","Liestal"
"CH","Obwalden","Ligers"
"CH","Obwalden","Ligerz"
"CH","Obwalden","Lignieres"
"CH","Ticino","Ligornetto"
"CH","Zurich","Lindau"
"CH","Bern","Linden Bei Oberdiessbach"
"CH","Neuchatel","Lindenhof"
"CH","Bern","Linden"
"CH","Bern","Lindenthal"
"CH","Glarus","Linthal"
"CH","Glarus","Linththal"
"CH","Uri","Liplisbuhl"
"CH","Uri","Lipplisbuhl"
"CH","Vaud","L'Isle"
"CH","Luzern","Littau"
"CH","Bern","Littewil"
"CH","Graubunden","Lobbia"
"CH","Ticino","Locarno"
"CH","Obwalden","Loch"
"CH","Ticino","Loco"
"CH","Ticino","Lodano"
"CH","Ticino","Lodrino"
"CH","Obwalden","Lohalp"
"CH","Graubunden","Lohn"
"CH","Schaffhausen","Lohn"
"CH","Thurgau","Lommis"
"CH","Geneve","Longirod"
"CH","Valais","Los"
"CH","Ticino","Losone"
"CH","Ticino","Lostallo"
"CH","Aargau","Lostorf"
"CH","Ticino","Lottigna"
"CH","Aargau","Lotzwil"
"CH","Valais","Lourtier"
"CH","Ticino","Lovald"
"CH","Schwyz","Lowerz"
"CH","Vaud","Lucens"
"CH","Luzern","Lucerna"
"CH","Luzern","Lucerne"
"CH","Glarus","Luchsingen"
"CH","Ticino","Ludiano"
"CH","Ticino","Lugano"
"CH","Vaud","Lully"
"CH","Graubunden","Lu"
"CH","Graubunden","Lumbreineralp"
"CH","Graubunden","Lumbrein"
"CH","Ticino","Lumino"
"CH","Obwalden","Lungern"
"CH","Graubunden","Lunschania"
"CH","Fribourg","Lurtigen"
"CH","Schwyz","Lustenau"
"CH","Luzern","Luterbach"
"CH","Solothurn","Luterbach"
"CH","Aargau","Luthern"
"CH","Ausser-Rhoden","Lutisburg-Dorf"
"CH","Ausser-Rhoden","Lutisburg"
"CH","Thurgau","Lutmerken"
"CH","Vaud","Lutry"
"CH","Bern","Lutschental"
"CH","Obwalden","Lutschental"
"CH","Bern","Lutschenthal"
"CH","Bern","Lutzelfluh"
"CH","Graubunden","Luven"
"CH","Graubunden","Luvis"
"CH","Graubunden","Luzein"
"CH","Luzern","Luzern"
"CH","Graubunden","Luziensteig"
"CH","Bern","Lyssach"
"CH","Bern","Lyss"
"CH","Bern","Macolin"
"CH","Aargau","Madiswil"
"CH","Ticino","Madra"
"CH","Graubunden","Madrigen"
"CH","Graubunden","Madulein"
"CH","Ticino","Magadino"
"CH","Ausser-Rhoden","Magdenau"
"CH","Aargau","Magden"
"CH","Ticino","Maggia"
"CH","Bern","Magglingen"
"CH","Ticino","Magliasina Chiesa"
"CH","Ticino","Magliasina"
"CH","Valais","Magnot"
"CH","Graubunden","Maienfeld"
"CH","Aargau","Maisprach"
"CH","Graubunden","Maladers"
"CH","Graubunden","Malans"
"CH","Graubunden","Malix"
"CH","Bern","Malleray"
"CH","Graubunden","Malmigiuer"
"CH","Graubunden","Malmigiur"
"CH","Graubunden","Malmiguier"
"CH","Graubunden","Maloggia"
"CH","Graubunden","Maloja"
"CH","Luzern","Malters"
"CH","Ticino","Malvaglia"
"CH","Thurgau","Mammern"
"CH","Graubunden","Manas"
"CH","Zurich","Mannedorf"
"CH","Fribourg","Mannens"
"CH","Ticino","Manno"
"CH","Bern","Mannried"
"CH","Vaud","Maracon"
"CH","Bern","Marbach"
"CH","Geneve","Marchissy"
"CH","Graubunden","Maria"
"CH","Basel-Stadt","Mariastein"
"CH","Neuchatel","Marin"
"CH","Fribourg","Marly-Le-Grand"
"CH","Graubunden","Marmels"
"CH","Graubunden","Marmorera"
"CH","Ticino","Maroggia"
"CH","Fribourg","Marsens"
"CH","Thurgau","Marstetten-Dorf"
"CH","Thurgau","Marstetten"
"CH","Schaffhausen","Marthalen"
"CH","Valais","Martigny-Bourg"
"CH","Valais","Martigny-Combe"
"CH","Valais","Martigny-Croix"
"CH","Valais","Martigny"
"CH","Valais","Martigny-Ville"
"CH","Graubunden","Martina"
"CH","Graubunden","Martinsbruck"
"CH","Thurgau","Marwil"
"CH","Bern","Marzili"
"CH","Graubunden","Masans"
"CH","Graubunden","Maschenboden"
"CH","Aargau","Maschwanden"
"CH","Valais","Mase"
"CH","Ticino","Massagno"
"CH","Graubunden","Mastrils"
"CH","Valais","Matelon"
"CH","Graubunden","Mathon"
"CH","Obwalden","Matteli"
"CH","Bern","Matte"
"CH","Bern","Matten Bei Interlaken"
"CH","Bern","Mattenhof-Leist"
"CH","Bern","Mattenhof"
"CH","Bern","Matten"
"CH","Valais","Matten"
"CH","Glarus","Matt"
"CH","Aargau","Matzendorf"
"CH","Bern","Matzenried"
"CH","Thurgau","Matzingen"
"CH","Vaud","Mauborget"
"CH","Aargau","Mauensee"
"CH","Bern","Mauren"
"CH","Zurich","Maur"
"CH","Valais","Mauvoisin"
"CH","Valais","Mayens De Pralong"
"CH","Valais","Mayoux"
"CH","Ticino","Medeglia"
"CH","Graubunden","Medels Im Rheinwald"
"CH","Uri","Medels"
"CH","Graubunden","Medels Rheinwald"
"CH","Graubunden","Medergen"
"CH","Luzern","Meggen"
"CH","Graubunden","Meierhof"
"CH","Zug","Meierskappel"
"CH","Zurich","Meilen"
"CH","Geneve","Meinier"
"CH","Bern","Meinisberg"
"CH","Obwalden","Meiringen"
"CH","Aargau","Meisterschwanden"
"CH","Ticino","Melano"
"CH","Aargau","Melchnau"
"CH","Obwalden","Melchtal"
"CH","Obwalden","Melchthal"
"CH","Ticino","Melera"
"CH","Ticino","Melide"
"CH","Aargau","Mellingen"
"CH","Graubunden","Mels"
"CH","Ticino","Mendrisio"
"CH","Aargau","Menziken"
"CH","Zug","Menzingen"
"CH","Luzern","Menznau"
"CH","Valais","Merdassonnet"
"CH","Valais","Merdessonnet"
"CH","Aargau","Merenschwand"
"CH","Ticino","Mergoscia"
"CH","Ticino","Meride"
"CH","Schaffhausen","Merishausen"
"CH","Bern","Merligen"
"CH","Jura","Mervelier"
"CH","Graubunden","Meschino"
"CH","Ticino","Mesocco"
"CH","Bern","Messen"
"CH","Bern","Metsch"
"CH","Thurgau","Mettendorf"
"CH","Sankt Gallen","Mettlen"
"CH","Aargau","Mettmenstetten"
"CH","Basel-Stadt","Metzerlen"
"CH","Valais","Mex"
"CH","Geneve","Meyrin"
"CH","Fribourg","Mezieres"
"CH","Ticino","Mezzovico"
"CH","Jura","Miecourt"
"CH","Valais","Miege"
"CH","Valais","Mieville"
"CH","Ticino","Miglieglia"
"CH","Valais","Miliut"
"CH","Ticino","Minusio"
"CH","Graubunden","Miralago"
"CH","Ticino","Misox"
"CH","Bern","Mitholz"
"CH","Valais","Mittal"
"CH","Obwalden","Mittel Arni"
"CH","Aargau","Mittel-Muhen"
"CH","Graubunden","Mittelsass"
"CH","Valais","Mitthal"
"CH","Bern","Mittholz"
"CH","Graubunden","Mittlersass"
"CH","Ausser-Rhoden","Mogelsberg"
"CH","Ticino","Moghegno"
"CH","Ticino","Mogno"
"CH","Aargau","Mohlin"
"CH","Obwalden","Mohrlialp"
"CH","Ticino","Moleno"
"CH","Vaud","Mollens"
"CH","Fribourg","Mollettes"
"CH","Glarus","Mollis"
"CH","Glarus","Mols"
"CH","Uri","Mompetavetsch"
"CH","Uri","Mompe-Tujetsch"
"CH","Graubunden","Monbiel"
"CH","Zurich","Monchaltorf"
"CH","Graubunden","Mon"
"CH","Graubunden","Mons"
"CH","Graubunden","Monstein"
"CH","Vaud","Montagibert"
"CH","Ticino","Montagnola"
"CH","Valais","Montagnon"
"CH","Fribourg","Montagny-La-Ville"
"CH","Vaud","Montagny"
"CH","Valais","Montana"
"CH","Valais","Montana Vermala"
"CH","Valais","Montana-Village"
"CH","Vaud","Montbovon"
"CH","Vaud","Montcherand"
"CH","Ticino","Monte Ardet"
"CH","Ticino","Monte Carasso"
"CH","Ticino","Monte Carasso-Sementina"
"CH","Ticino","Monte Ceneri"
"CH","Ticino","Monte Di Stabbio"
"CH","Ticino","Monte Gumegna"
"CH","Ticino","Monte Laura"
"CH","Obwalden","Monte"
"CH","Graubunden","Monte Scala"
"CH","Bern","Montfaucon"
"CH","Vaud","Monthey"
"CH","Ticino","Monti Anvedua"
"CH","Ticino","Monti Della-Tagliada"
"CH","Ticino","Monti Della Trinita"
"CH","Ticino","Monti Di Co"
"CH","Ticino","Monti Di Lanes"
"CH","Ticino","Monti Di Moneda"
"CH","Ticino","Monti Di Odro"
"CH","Ticino","Monti Di Pianturino"
"CH","Ticino","Monti Di Ruscada"
"CH","Ticino","Monti Di Vif"
"CH","Jura","Montignez"
"CH","Ticino","Monti Laura"
"CH","Ticino","Monti Moneda"
"CH","Ticino","Monti Pertiscio"
"CH","Ticino","Monti Ruscada"
"CH","Ticino","Monti Viff"
"CH","Vaud","Mont-La-Ville"
"CH","Vaud","Montreux"
"CH","Vaud","Montricher"
"CH","Geneve","Mont-Sur-Rolle"
"CH","Aargau","Moosleerau"
"CH","Fribourg","Morat"
"CH","Ticino","Morbio Inferiore"
"CH","Ticino","Morbio"
"CH","Ticino","Morbio Superiore"
"CH","Valais","Morcles"
"CH","Ticino","Morcote"
"CH","Aargau","Morel"
"CH","Neuchatel","Morens"
"CH","Schwyz","Morgarten"
"CH","Vaud","Morges"
"CH","Bern","Morgeten"
"CH","Vaud","Morgins"
"CH","Obwalden","Morigen"
"CH","Aargau","Moriken"
"CH","Graubunden","Morissen"
"CH","Schwyz","Morschach"
"CH","Sankt Gallen","Morschwil"
"CH","Graubunden","Morteratsch"
"CH","Ticino","Moscia"
"CH","Ausser-Rhoden","Mosnang"
"CH","Ticino","Mosogno"
"CH","Valais","Motet"
"CH","Vaud","Motiers"
"CH","Valais","Motot"
"CH","Ticino","Motto"
"CH","Vaud","Moudon"
"CH","Jura","Moutier"
"CH","Jura","Movelier"
"CH","Ticino","Mugena"
"CH","Ticino","Muggio"
"CH","Aargau","Muhen"
"CH","Aargau","Muhlau"
"CH","Aargau","Muhlebach"
"CH","Bern","Muhleberg"
"CH","Glarus","Muhlehorn"
"CH","Graubunden","Muhlen"
"CH","Bern","Muhlethurnen"
"CH","Zurich","Muhlruti"
"CH","Graubunden","Muldain"
"CH","Graubunden","Mulegns"
"CH","Thurgau","Mullheim"
"CH","Aargau","Mumliswil"
"CH","Aargau","Mumpf"
"CH","Bern","Munchenbuchsee"
"CH","Basel-Stadt","Munchenstein"
"CH","Thurgau","Munchwilen"
"CH","Valais","Mund"
"CH","Bern","Munsingen"
"CH","Sankt Gallen","Munsterlingen"
"CH","Aargau","Munster"
"CH","Graubunden","Munster"
"CH","Obwalden","Munster"
"CH","Obwalden","Munstschemier"
"CH","Graubunden","Munter"
"CH","Sankt Gallen","Muolen"
"CH","Schwyz","Muotatal"
"CH","Schwyz","Muotathal"
"CH","Aargau","Murgental"
"CH","Aargau","Murgenthal"
"CH","Glarus","Murg"
"CH","Bern","Muri Bei Bern"
"CH","Aargau","Muri"
"CH","Bern","Muri"
"CH","Bern","Murren"
"CH","Fribourg","Murten"
"CH","Obwalden","Mussen"
"CH","Graubunden","Mustair"
"CH","Graubunden","Mutten"
"CH","Basel-Landschaft","Muttenz"
"CH","Bern","Mutzlenberg"
"CH","Glarus","Nafels"
"CH","Zurich","Nanikon"
"CH","Graubunden","Narglesa"
"CH","Graubunden","Nargliesa"
"CH","Graubunden","Nascharegnas"
"CH","Valais","Naters"
"CH","Valais","Nax"
"CH","Graubunden","Naz"
"CH","Aargau","Nebikon"
"CH","Ausser-Rhoden","Necker"
"CH","Zurich","Neftenbach"
"CH","Ticino","Negrentino"
"CH","Ausser-Rhoden","Neker"
"CH","Valais","Nendaz"
"CH","Obwalden","Nessental"
"CH","Obwalden","Nessenthal"
"CH","Ausser-Rhoden","Nesslau"
"CH","Glarus","Netstal"
"CH","Neuchatel","Neuchatel"
"CH","Aargau","Neudorf"
"CH","Neuchatel","Neuenburg"
"CH","Aargau","Neuenhof"
"CH","Luzern","Neuenkirch"
"CH","Basel-Stadt","Neuewelt"
"CH","Graubunden","Neu-Felsberg"
"CH","Schaffhausen","Neuhausem"
"CH","Schaffhausen","Neuhausen Am Rheinfall"
"CH","Bern","Neuhaus"
"CH","Zug","Neuheim"
"CH","Graubunden","Neukirch Bei Ilanz"
"CH","Graubunden","Neukirch"
"CH","Sankt Gallen","Neukirch"
"CH","Bern","Neumuhle"
"CH","Thurgau","Neunforn"
"CH","Schaffhausen","Neunkirch"
"CH","Ausser-Rhoden","Neu Sankt Johann"
"CH","Fribourg","Neyruz"
"CH","Bern","Nidau"
"CH","Bern","Nidegg"
"CH","Glarus","Nidfurn"
"CH","Aargau","Niederbipp"
"CH","Aargau","Niederbuchsiten"
"CH","Ausser-Rhoden","Niederburen"
"CH","Aargau","Niedererlinsbach"
"CH","Valais","Niedergampel"
"CH","Solothurn","Niedergerlafingen"
"CH","Valais","Niedergestelen"
"CH","Valais","Niedergesteln"
"CH","Aargau","Niedergosgen"
"CH","Aargau","Niederhallwil"
"CH","Ausser-Rhoden","Niederhelfenschwil"
"CH","Aargau","Niederlenz"
"CH","Glarus","Niedern"
"CH","Glarus","Niedern Stafel"
"CH","Nidwalden","Niederrickenbach"
"CH","Bern","Niederried"
"CH","Aargau","Niederrohrdorf"
"CH","Bern","Niederscherli"
"CH","Aargau","Nieder-Schongau"
"CH","Sankt Gallen","Niedersommeri"
"CH","Obwalden","Nieder Surenen Alm"
"CH","Obwalden","Nieder Surenen Alp"
"CH","Obwalden","Niedersurrenen"
"CH","Glarus","Niederurnen"
"CH","Ausser-Rhoden","Niederuzwil"
"CH","Obwalden","Niederwald"
"CH","Aargau","Niederweningen"
"CH","Bern","Niederwichtrach"
"CH","Aargau","Nieder-Zeihen"
"CH","Obwalden","Nods"
"CH","Schaffhausen","Nohl"
"CH","Neuchatel","Noiraigue"
"CH","Neuchatel","Noirmont"
"CH","Sankt Gallen","Nonnenhorn"
"CH","Ticino","Norantola"
"CH","Fribourg","Noreaz"
"CH","Luzern","Nottwil"
"CH","Ticino","Novaggio"
"CH","Vaud","Novalles"
"CH","Ticino","Novazzano"
"CH","Valais","Noveli"
"CH","Graubunden","Nufenen"
"CH","Aargau","Nunningen"
"CH","Zurich","Nurensdorf"
"CH","Schwyz","Nuschlau"
"CH","Thurgau","Nussbaumen"
"CH","Bern","Nydegg"
"CH","Geneve","Nyon"
"CH","Sankt Gallen","Oberaach"
"CH","Graubunden","Oberalp"
"CH","Graubunden","Ober Alp"
"CH","Bern","Oberbalm"
"CH","Ausser-Rhoden","Ober-Basenheid"
"CH","Ausser-Rhoden","Ober-Bazenheid"
"CH","Schwyz","Ober-Bilten"
"CH","Aargau","Oberbipp"
"CH","Zurich","Ober-Buch"
"CH","Aargau","Oberbuchsiten"
"CH","Bern","Oberburen"
"CH","Bern","Oberbure"
"CH","Bern","Oberburg"
"CH","Graubunden","Obercastels"
"CH","Bern","Oberdiessbach"
"CH","Aargau","Oberdorf"
"CH","Nidwalden","Oberdorf"
"CH","Solothurn","Oberdorf"
"CH","Graubunden","Obere Alp"
"CH","Sankt Gallen","Oberegg"
"CH","Zurich","Oberembrach"
"CH","Valais","Oberems"
"CH","Aargau","Oberendingen"
"CH","Zurich","Oberengstringen"
"CH","Aargau","Oberentfelden"
"CH","Aargau","Obererlinsbach"
"CH","Schwyz","Ober-Etzel"
"CH","Obwalden","Oberfeld"
"CH","Uri","Oberfeld"
"CH","Solothurn","Obergerlafingen"
"CH","Obwalden","Obergestelen"
"CH","Obwalden","Obergesteln"
"CH","Aargau","Oberglatt"
"CH","Aargau","Obergosgen"
"CH","Bern","Ober Gurzelen"
"CH","Schaffhausen","Oberhallau"
"CH","Zurich","Oberhausen"
"CH","Sankt Gallen","Oberhegi"
"CH","Ausser-Rhoden","Oberhelfenschwil"
"CH","Aargau","Oberhofen Bei Etzgen"
"CH","Aargau","Oberhofen"
"CH","Bern","Oberhofen"
"CH","Zurich","Oberhusen"
"CH","Schwyz","Oberiberg"
"CH","Zurich","Ober Illnau"
"CH","Aargau","Oberkirch"
"CH","Bern","Ober Lager"
"CH","Obwalden","Oberlager"
"CH","Graubunden","Ober-Laret"
"CH","Aargau","Oberlunkhofen"
"CH","Obwalden","Obermatt"
"CH","Thurgau","Oberneuforn"
"CH","Aargau","Ober Oenz"
"CH","Aargau","Oberonz"
"CH","Bern","Ober-Plotsch"
"CH","Aargau","Ober Ramis"
"CH","Obwalden","Oberrickenbach"
"CH","Zurich","Oberrieden"
"CH","Bern","Oberried"
"CH","Inner-Rhoden","Oberried"
"CH","Valais","Oberried"
"CH","Inner-Rhoden","Oberriet"
"CH","Fribourg","Ober Rohrmoos"
"CH","Zug","Oberruti"
"CH","Graubunden","Obersaxen"
"CH","Graubunden","Ober-Says"
"CH","Schaffhausen","Ober-Schlatt"
"CH","Zurich","Oberschlatt"
"CH","Schwyz","Oberschonenbuch"
"CH","Aargau","Ober-Schongau"
"CH","Fribourg","Oberschrot"
"CH","Glarus","Ober Siez"
"CH","Aargau","Ober-Siggental"
"CH","Aargau","Obersiggenthal"
"CH","Glarus","Ober Stafel"
"CH","Obwalden","Ober Stafel"
"CH","Glarus","Ober Staffel"
"CH","Thurgau","Ober-Stammheim"
"CH","Bern","Oberstocken"
"CH","Glarus","Oberterzen"
"CH","Obwalden","Ober Trubsee Alm"
"CH","Obwalden","Ober Trubsee Alp"
"CH","Graubunden","Ober Tschappina"
"CH","Bern","Oberulmiz"
"CH","Zurich","Ober Urdorf"
"CH","Ausser-Rhoden","Oberuzwil"
"CH","Graubunden","Obervaz"
"CH","Obwalden","Oberwald"
"CH","Bern","Ober-Wangen"
"CH","Thurgau","Oberwangen"
"CH","Aargau","Oberweningen"
"CH","Zurich","Ober-Wetzikon"
"CH","Obwalden","Oberwilen"
"CH","Aargau","Oberwil"
"CH","Basel-Stadt","Oberwil"
"CH","Bern","Oberwil"
"CH","Bern","Ober-Wohlen"
"CH","Bern","Oberzelg"
"CH","Aargau","Obfelden"
"CH","Glarus","Obstalden"
"CH","Aargau","Ochlenberg"
"CH","Schwyz","Ochsenboden"
"CH","Jura","Ocourt"
"CH","Aargau","Oensingen"
"CH","Aargau","Oenz"
"CH","Zurich","Oerlikon"
"CH","Solothurn","Oeschberg"
"CH","Zurich","Oetwil Am See"
"CH","Aargau","Oetwil An Der Limmat"
"CH","Bern","Oey"
"CH","Aargau","Oftringen"
"CH","Aargau","Ohmstal"
"CH","Basel-Stadt","Oleyres"
"CH","Ticino","Olivone"
"CH","Vaud","Ollon"
"CH","Aargau","Olten"
"CH","Geneve","Onex"
"CH","Fribourg","Onnens"
"CH","Vaud","Onnens"
"CH","Aargau","Onsingen"
"CH","Zurich","Opfikon"
"CH","Vaud","Oppens"
"CH","Graubunden","Orasom Cierfs"
"CH","Vaud","Orbe"
"CH","Obwalden","Orello"
"CH","Aargau","Ormalingen"
"CH","Vaud","Oron-La-Ville"
"CH","Bern","Orpond"
"CH","Bern","Orpund"
"CH","Obwalden","Orsera"
"CH","Valais","Orsieres"
"CH","Fribourg","Orsonnens"
"CH","Glarus","Orthalden"
"CH","Bern","Orvin"
"CH","Ticino","Osco"
"CH","Ticino","Osogna"
"CH","Schaffhausen","Ossingen"
"CH","Schaffhausen","Osterfingen"
"CH","Bern","Ostermundigen"
"CH","Aargau","Otelfingen"
"CH","Aargau","Othmarsingen"
"CH","Aargau","Ottenbach"
"CH","Vaud","Ouchy"
"CH","Valais","Ovronnaz"
"CH","Vaud","Pailly"
"CH","Ticino","Palagnedra"
"CH","Vaud","Palezieux"
"CH","Vaud","Pampigny"
"CH","Vaud","Panex"
"CH","Glarus","Panix"
"CH","Graubunden","Pany"
"CH","Bern","Papiermuhle"
"CH","Graubunden","Pardatsch"
"CH","Uri","Parde"
"CH","Graubunden","Parpan"
"CH","Graubunden","Partnun"
"CH","Graubunden","Paspels"
"CH","Vaud","Paudex"
"CH","Fribourg","Payerne"
"CH","Ticino","Peccia"
"CH","Ticino","Pedrinate"
"CH","Graubunden","Peiden Bad"
"CH","Graubunden","Peist"
"CH","Vaud","Peney-Le-Jorat"
"CH","Vaud","Peney"
"CH","Vaud","Penthalaz"
"CH","Luzern","Perlen"
"CH","Jura","Perrefitte"
"CH","Geneve","Perroy"
"CH","Ticino","Personico"
"CH","Ticino","Pertise"
"CH","Bern","Pery"
"CH","Neuchatel","Peseux"
"CH","Graubunden","Pfafers Drof"
"CH","Bern","Pfaffenried"
"CH","Uri","Pfaffensprung"
"CH","Zurich","Pfaffhusen"
"CH","Schwyz","Pfaffikon"
"CH","Zurich","Pfaffikon"
"CH","Aargau","Pfaffnau"
"CH","Aargau","Pfeffikon"
"CH","Basel-Stadt","Pfeffingen"
"CH","Zurich","Pffaffhausen"
"CH","Zurich","Pfungen"
"CH","Thurgau","Pfyn"
"CH","Ticino","Piandera"
"CH","Ticino","Pianezzo"
"CH","Ticino","Piano"
"CH","Ticino","Pian San Giacomo"
"CH","Ticino","Piatto"
"CH","Ticino","Piazzogna"
"CH","Bern","Pieterlen"
"CH","Graubunden","Pignia"
"CH","Graubunden","Pignieu"
"CH","Ticino","Piora"
"CH","Ticino","Piotta"
"CH","Graubunden","Pitasch"
"CH","Fribourg","Plaffeien"
"CH","Graubunden","Planacc"
"CH","Valais","Plan-De-La-Chaux"
"CH","Valais","Plan Fey"
"CH","Graubunden","Plang"
"CH","Geneve","Plan-Les-Ouates"
"CH","Geneve","Plan-Les-Ouattes"
"CH","Valais","Plan Pro"
"CH","Fribourg","Plasselb"
"CH","Uri","Platta"
"CH","Graubunden","Platz"
"CH","Luzern","Plaun Dils Matts"
"CH","Graubunden","Plaz Beischen"
"CH","Jura","Pleigne"
"CH","Valais","Pont-De-Nant"
"CH","Ticino","Ponte Brolla"
"CH","Graubunden","Ponte Campovasto"
"CH","Graubunden","Ponte"
"CH","Ticino","Ponte Valentino"
"CH","Fribourg","Ponthaux"
"CH","Ticino","Pontirone"
"CH","Ticino","Ponto Valentino"
"CH","Graubunden","Pontresina"
"CH","Jura","Porrentruy"
"CH","Vaud","Porsel"
"CH","Neuchatel","Portalban- Dessous"
"CH","Neuchatel","Portalban"
"CH","Geneve","Port-De-Corsier"
"CH","Ticino","Porto Ronco"
"CH","Vaud","Port-Valais"
"CH","Graubunden","Poschiavo"
"CH","Valais","Pra Combeira"
"CH","Valais","Pra Combera"
"CH","Graubunden","Prada"
"CH","Graubunden","Pradella"
"CH","Graubunden","Praden Bei Chur"
"CH","Graubunden","Praden"
"CH","Valais","Prafloric"
"CH","Graubunden","Pragmartin"
"CH","Valais","Pralong"
"CH","Valais","Pralovin"
"CH","Graubunden","Pramieisters"
"CH","Geneve","Prangins"
"CH","Valais","Prarion"
"CH","Fribourg","Praroman"
"CH","Ticino","Prato"
"CH","Basel-Landschaft","Pratteln"
"CH","Valais","Praz-De-Fort"
"CH","Valais","Prazfleuri"
"CH","Graubunden","Praz"
"CH","Neuchatel","Praz"
"CH","Graubunden","Preda"
"CH","Ticino","Pregassona"
"CH","Geneve","Pregny"
"CH","Bern","Preles"
"CH","Geneve","Presinge"
"CH","Geneve","Prieure"
"CH","Vaud","Prilly"
"CH","Valais","Prolin"
"CH","Ticino","Promontogno"
"CH","Ticino","Prosito"
"CH","Vaud","Provence"
"CH","Ticino","Prugiasco"
"CH","Jura","Pruntrut"
"CH","Vaud","Puidoux"
"CH","Vaud","Pully"
"CH","Geneve","Puplinge"
"CH","Ticino","Pura"
"CH","Ticino","Pusced Di Sopra"
"CH","Ticino","Puscen Negro"
"CH","Graubunden","Pusserein"
"CH","Glarus","Quarten"
"CH","Ticino","Quartino"
"CH","Glarus","Quinten"
"CH","Ticino","Quinto"
"CH","Uri","Rabius"
"CH","Bern","Radelfingen"
"CH","Graubunden","Radons"
"CH","Schaffhausen","Rafz"
"CH","Graubunden","Ragaz"
"CH","Zurich","Ramismuhle"
"CH","Aargau","Ramiswil"
"CH","Schaffhausen","Ramsen"
"CH","Vaud","Rances"
"CH","Valais","Randa"
"CH","Valais","Randogne"
"CH","Bern","Ranfluh"
"CH","Obwalden","Ranft"
"CH","Valais","Ranft"
"CH","Thurgau","Raperswilen"
"CH","Bern","Rapperswil"
"CH","Schwyz","Rapperswil"
"CH","Valais","Raron"
"CH","Obwalden","Raterichsboden"
"CH","Zurich","Raterschen"
"CH","Bern","Ratzenberg"
"CH","Obwalden","Realp"
"CH","Graubunden","Realta"
"CH","Graubunden","Reams"
"CH","Sankt Gallen","Rebstein"
"CH","Fribourg","Rechthalten"
"CH","Obwalden","Reckingen"
"CH","Bern","Reconvilier"
"CH","Geneve","Redoute"
"CH","Aargau","Regensberg"
"CH","Zurich","Regensdorf"
"CH","Sankt Gallen","Rehetobel"
"CH","Graubunden","Reichenau"
"CH","Bern","Reichenbach"
"CH","Schwyz","Reichenburg"
"CH","Aargau","Reiden"
"CH","Aargau","Reigoldswil"
"CH","Aargau","Reinach"
"CH","Graubunden","Reischen"
"CH","Aargau","Rekingen"
"CH","Schwyz","Rempen"
"CH","Graubunden","Remus"
"CH","Neuchatel","Renan"
"CH","Vaud","Renens"
"CH","Bern","Reuchenette"
"CH","Valais","Reusch"
"CH","Bern","Reutigen"
"CH","Graubunden","Rhazuns"
"CH","Schaffhausen","Rheinau"
"CH","Sankt Gallen","Rheineck"
"CH","Aargau","Rheinfelden"
"CH","Fribourg","Riaz"
"CH","Aargau","Riburg"
"CH","Aargau","Richental"
"CH","Aargau","Richenthal"
"CH","Bern","Richigen"
"CH","Glarus","Richisau"
"CH","Schwyz","Richterswil"
"CH","Ausser-Rhoden","Rickenbach"
"CH","Thurgau","Rickenbach"
"CH","Schwyz","Ricken"
"CH","Valais","Riddes"
"CH","Bern","Riedbach"
"CH","Bern","Riedbargli"
"CH","Bern","Riedbergli"
"CH","Bern","Riedberg"
"CH","Bern","Riederen"
"CH","Bern","Riedern"
"CH","Solothurn","Riedholz"
"CH","Uri","Riedlig"
"CH","Bern","Riedli"
"CH","Bern","Ried"
"CH","Obwalden","Ried"
"CH","Valais","Ried"
"CH","Fribourg","Riedstatt"
"CH","Basel-Stadt","Riehen"
"CH","Graubunden","Riein"
"CH","Uri","Riemenstalden"
"CH","Fribourg","Riffenmatt"
"CH","Bern","Riggisberg"
"CH","Luzern","Rigi Kaltbad"
"CH","Luzern","Rigi-Kulm"
"CH","Zurich","Rikon"
"CH","Bern","Ringgenberg"
"CH","Uri","Ringgenberg"
"CH","Bern","Ringoldingen"
"CH","Uri","Rinkenberg"
"CH","Graubunden","Riom"
"CH","Valais","Risch"
"CH","Valais","Riti"
"CH","Valais","Ritti"
"CH","Obwalden","Ritzingen"
"CH","Ticino","Riva"
"CH","Ticino","Riva San Vitale"
"CH","Valais","Rive Haute"
"CH","Ticino","Riveo"
"CH","Ticino","Rivera-Bironico"
"CH","Ticino","Robasacco"
"CH","Vaud","Roche"
"CH","Jura","Roches"
"CH","Graubunden","Rodels"
"CH","Basel-Stadt","Rodersdorf"
"CH","Ticino","Rodi"
"CH","Graubunden","Rofflaschlucht"
"CH","Graubunden","Roffna"
"CH","Graubunden","Roflaschlucht"
"CH","Aargau","Roggwil"
"CH","Sankt Gallen","Roggwil"
"CH","Aargau","Rohrbach"
"CH","Aargau","Rohrdorf"
"CH","Obwalden","Rohrmatten"
"CH","Aargau","Rohr"
"CH","Geneve","Rolle"
"CH","Vaud","Romainmotier"
"CH","Vaud","Romanel"
"CH","Vaud","Romanel-Sur-Lausanne"
"CH","Sankt Gallen","Romanshorn"
"CH","Fribourg","Romerswil"
"CH","Luzern","Romerswil"
"CH","Fribourg","Romont"
"CH","Graubunden","Rona"
"CH","Ticino","Roncapiano"
"CH","Obwalden","Ronco"
"CH","Ticino","Ronco"
"CH","Ticino","Ronco Sopra Ascona"
"CH","Bern","Rondchatel"
"CH","Graubunden","Rongellen"
"CH","Luzern","Root"
"CH","Vaud","Ropraz"
"CH","Zurich","Rorbas"
"CH","Sankt Gallen","Roschach"
"CH","Basel-Stadt","Roschenz"
"CH","Solothurn","Rosegg"
"CH","Ticino","Rossa"
"CH","Fribourg","Rossens"
"CH","Bern","Rosshausern"
"CH","Vaud","Rossiniere"
"CH","Ticino","Rossura"
"CH","Graubunden","Rotenbrunnen"
"CH","Schwyz","Rotenturm"
"CH","Bern","Rothbad"
"CH","Bern","Rothenbach"
"CH","Graubunden","Rothenbrummen"
"CH","Graubunden","Rothenbrunnen"
"CH","Schwyz","Rothenthurm"
"CH","Luzern","Rothernburg"
"CH","Aargau","Rothrist-Dorf"
"CH","Aargau","Rothrist"
"CH","Graubunden","Roticcio"
"CH","Zug","Rotkreuz"
"CH","Ticino","Rotonda"
"CH","Graubunden","Rotticcio"
"CH","Ticino","Rotunda"
"CH","Vaud","Rougemont"
"CH","Ticino","Roverdo"
"CH","Ticino","Roveredo"
"CH","Ticino","Rovio"
"CH","Vaud","Rovray"
"CH","Bern","Rubigen"
"CH","Ticino","Ruden"
"CH","Bern","Ruderswil"
"CH","Schaffhausen","Rudlingen"
"CH","Aargau","Rudolfstetten"
"CH","Bern","Rueggisberg"
"CH","Uri","Rueras"
"CH","Vaud","Rue"
"CH","Bern","Rueschegg"
"CH","Graubunden","Rueun"
"CH","Fribourg","Rueyres"
"CH","Schwyz","Rufi"
"CH","Graubunden","Ruis"
"CH","Aargau","Rumikon"
"CH","Zurich","Rumlang"
"CH","Aargau","Runenberg"
"CH","Sankt Gallen","Ruppen"
"CH","Aargau","Rupperswil"
"CH","Bern","Ruschegg-Graben"
"CH","Bern","Ruschegg"
"CH","Graubunden","Ruschein"
"CH","Zurich","Ruschlikon"
"CH","Zurich","Russikon"
"CH","Geneve","Russin"
"CH","Aargau","Rustenschwil"
"CH","Luzern","Ruswil"
"CH","Inner-Rhoden","Ruthi"
"CH","Glarus","Ruti"
"CH","Schwyz","Ruti"
"CH","Solothurn","Ruti"
"CH","Schwyz","Rutli"
"CH","Bern","Rutti"
"CH","Aargau","Ryborg"
"CH","Aargau","Ryburg"
"CH","Fribourg","Saanenmoser"
"CH","Valais","Saanen"
"CH","Valais","Saas-Almagel"
"CH","Valais","Saas-Balen"
"CH","Valais","Saas-Fee"
"CH","Valais","Saas-Grund"
"CH","Graubunden","Saas"
"CH","Ticino","Sabbione"
"CH","Obwalden","Sachseln"
"CH","Valais","Saclens"
"CH","Valais","Saclentse"
"CH","Geneve","Saconnex"
"CH","Aargau","Safenwil"
"CH","Graubunden","Safien Platz"
"CH","Aargau","Saflischmatten"
"CH","Graubunden","Sagens"
"CH","Bern","Sage"
"CH","Graubunden","Sage"
"CH","Graubunden","Saglia"
"CH","Graubunden","Sagliaz"
"CH","Graubunden","Sagogn"
"CH","Bern","Saicourt"
"CH","Neuchatel","Saignelegier"
"CH","Valais","Saillon"
"CH","Neuchatel","Saint-Aubin"
"CH","Neuchatel","Saint-Blaise"
"CH","Jura","Saint-Brais"
"CH","Geneve","Saint-Cergue"
"CH","Vaud","Saint Chalet A Gobet"
"CH","Vaud","Sainte-Croix"
"CH","Sankt Gallen","Saint Gallen"
"CH","Sankt Gallen","Saint-Gall"
"CH","Valais","Saint-Germain"
"CH","Valais","Saint German"
"CH","Vaud","Saint-Gingolph"
"CH","Obwalden","Saint-Gothard"
"CH","Obwalden","Saint Gotthard"
"CH","Neuchatel","Saint-Imier"
"CH","Valais","Saint-Jean"
"CH","Valais","Saint-Leonard"
"CH","Geneve","Saint-Livres"
"CH","Valais","Saint-Luc"
"CH","Neuchatel","Saint-Martin-Chezard"
"CH","Valais","Saint-Martin"
"CH","Valais","Saint-Maurice"
"CH","Graubunden","Saint Moritz"
"CH","Graubunden","Saint Peter"
"CH","Valais","Saint-Pierre-De-Clages"
"CH","Vaud","Saint-Prex"
"CH","Valais","Saint-Romain"
"CH","Vaud","Saint-Sulpice"
"CH","Jura","Saint-Ursanne"
"CH","Zurich","Saland"
"CH","Ticino","Sala"
"CH","Graubunden","Salategnas"
"CH","Fribourg","Sales"
"CH","Inner-Rhoden","Salez"
"CH","Valais","Salgesch"
"CH","Basel-Landschaft","Saline"
"CH","Sankt Gallen","Salmsach"
"CH","Graubunden","Salouf"
"CH","Graubunden","Salux"
"CH","Valais","Salvan"
"CH","Graubunden","Samaden"
"CH","Ticino","Sambucco"
"CH","Ticino","Sambuco Di Fuori"
"CH","Ticino","Sambuco"
"CH","Graubunden","Samedan"
"CH","Graubunden","Samnaun"
"CH","Schwyz","Samstagern"
"CH","Ticino","San Bernardino"
"CH","Graubunden","San Carlo"
"CH","Ticino","San Carlo"
"CH","Sankt Gallen","San Gallo"
"CH","Fribourg","Sangernboden"
"CH","Ticino","San Giacomo"
"CH","Uri","San Gions"
"CH","Graubunden","San Giusep"
"CH","Obwalden","San Gottardo"
"CH","Graubunden","Sankt Antonien"
"CH","Fribourg","Sankt Antoni"
"CH","Sankt Gallen","Sankt Fiden"
"CH","Schwyz","Sankt Gallenkappel"
"CH","Sankt Gallen","Sankt Gallen"
"CH","Valais","Sankt German"
"CH","Obwalden","Sankt Gotthard"
"CH","Uri","Sankt Jakob"
"CH","Basel-Stadt","Sankt Johann"
"CH","Sankt Gallen","Sankt Margrethen"
"CH","Graubunden","Sankt Martin"
"CH","Graubunden","Sankt Moritz-Bad"
"CH","Graubunden","Sankt Moritz-Dorf"
"CH","Graubunden","Sankt Murezzan"
"CH","Solothurn","Sankt Niklaus"
"CH","Valais","Sankt Niklaus"
"CH","Graubunden","Sankt Peter"
"CH","Ausser-Rhoden","Sankt Peterzell"
"CH","Valais","Sankt Stephan"
"CH","Fribourg","Sankt Ursen"
"CH","Ticino","San Nazzaro"
"CH","Ticino","Santa Domenica"
"CH","Ticino","Santa Maria In Cama"
"CH","Graubunden","Santa Maria"
"CH","Ticino","Santa Maria"
"CH","Ticino","Sant'Antonio"
"CH","Ticino","San Vittore"
"CH","Valais","Sapinhaut"
"CH","Graubunden","Sardasca"
"CH","Graubunden","Sargans"
"CH","Bern","Sariswil"
"CH","Aargau","Sarmenstorf"
"CH","Obwalden","Sarnen"
"CH","Graubunden","Sarn"
"CH","Geneve","Satigny"
"CH","Schwyz","Sattel"
"CH","Vaud","Sauges"
"CH","Jura","Saulcy"
"CH","Bern","Saus Oberberg"
"CH","Valais","Savatan"
"CH","Valais","Saviese"
"CH","Vaud","Savigny"
"CH","Graubunden","Savognin"
"CH","Ticino","Savosa Paese"
"CH","Bern","Saxeten"
"CH","Valais","Saxon"
"CH","Inner-Rhoden","Sax"
"CH","Graubunden","Scala"
"CH","Graubunden","Scanfs"
"CH","Ticino","Sceresio"
"CH","Luzern","Schachen"
"CH","Schaffhausen","Schaffhausen"
"CH","Aargau","Schafisheim"
"CH","Obwalden","Schaftelen"
"CH","Graubunden","S-Chanf"
"CH","Bern","Schangnau"
"CH","Glarus","Schanis"
"CH","Graubunden","Scharans"
"CH","Bern","Scharligbad"
"CH","Bern","Scharlig"
"CH","Graubunden","S-Charl"
"CH","Obwalden","Scharmadlager"
"CH","Uri","Schattdorf"
"CH","Graubunden","Schatzalp"
"CH","Graubunden","Scheid"
"CH","Solothurn","Schelten"
"CH","Aargau","Schenkon"
"CH","Bern","Scherliau"
"CH","Sankt Gallen","Scherzingen"
"CH","Bern","Scherzligen"
"CH","Graubunden","Schiers"
"CH","Obwalden","Schimbergbad"
"CH","Schwyz","Schindellegi"
"CH","Aargau","Schinznach Bad"
"CH","Aargau","Schinznach Dorf"
"CH","Aargau","Schinznach"
"CH","Schaffhausen","Schlattingen"
"CH","Inner-Rhoden","Schlatt"
"CH","Schaffhausen","Schlatt"
"CH","Zurich","Schlatt"
"CH","Graubunden","Schleins"
"CH","Schaffhausen","Schleitheim"
"CH","Graubunden","Schleuis"
"CH","Zurich","Schlieren"
"CH","Aargau","Schlossrued"
"CH","Graubunden","Schlucht"
"CH","Graubunden","Schluocht"
"CH","Graubunden","Schmelzboden-Monstein"
"CH","Graubunden","Schmelzboden"
"CH","Schwyz","Schmerikon"
"CH","Fribourg","Schmitten"
"CH","Graubunden","Schmitten"
"CH","Bern","Schnottwil"
"CH","Schaffhausen","Schofhausen"
"CH","Aargau","Schoftland"
"CH","Bern","Schonbuhl"
"CH","Nidwalden","Schoneck"
"CH","Nidwalden","Schonegg"
"CH","Sankt Gallen","Schonenberg"
"CH","Zug","Schonenberg"
"CH","Basel-Stadt","Schonenbuch"
"CH","Ausser-Rhoden","Schonengrund"
"CH","Aargau","Schonenwerd"
"CH","Aargau","Schongau"
"CH","Sankt Gallen","Schonholzerswilen"
"CH","Fribourg","Schonried"
"CH","Aargau","Schotz"
"CH","Obwalden","Schrattern Alpe"
"CH","Obwalden","Schrattern"
"CH","Bern","Schrickmatten"
"CH","Schwyz","Schubelbach"
"CH","Graubunden","Schuders"
"CH","Valais","Schulh"
"CH","Graubunden","Schuls"
"CH","Bern","Schupbach"
"CH","Bern","Schupfen"
"CH","Luzern","Schupfheim"
"CH","Graubunden","Schurlialp"
"CH","Aargau","Schwaderloch"
"CH","Bern","Schwanden"
"CH","Glarus","Schwanden"
"CH","Glarus","Schwandi"
"CH","Luzern","Schwarzenberg"
"CH","Bern","Schwarzenburg"
"CH","Bern","Schwarzenegg"
"CH","Obwalden","Schwarzenthal"
"CH","Fribourg","Schwarzseebad"
"CH","Bern","Schwefelbergbad"
"CH","Basel-Landschaft","Schweizerhalle"
"CH","Ausser-Rhoden","Schwellbrunn"
"CH","Obwalden","Schwendibad"
"CH","Obwalden","Schwendikaltbad"
"CH","Bern","Schwendi"
"CH","Schwyz","Schwyz"
"CH","Ticino","Scona"
"CH","Graubunden","Scuol"
"CH","Geneve","Secheron"
"CH","Fribourg","Sedeilles"
"CH","Uri","Sedrun"
"CH","Zurich","Seebach"
"CH","Solothurn","Seeberg"
"CH","Bern","Seedorf"
"CH","Uri","Seedorf"
"CH","Zurich","Seegraben"
"CH","Schwyz","Seelisberg"
"CH","Aargau","Seengen"
"CH","Schwyz","Seewes"
"CH","Graubunden","Seewis Dorf"
"CH","Graubunden","Seewis Im Oberland"
"CH","Graubunden","Seewis Im Pratigau"
"CH","Graubunden","Seewisi Pratigau"
"CH","Graubunden","Seewis"
"CH","Bern","Seftigen"
"CH","Graubunden","Segl-Maria"
"CH","Ticino","Seires"
"CH","Graubunden","Selfranga"
"CH","Ticino","Selma"
"CH","Basel-Landschaft","Seltisberg"
"CH","Solothurn","Selzach"
"CH","Valais","Sembrancher"
"CH","Ticino","Sementina"
"CH","Luzern","Sempach"
"CH","Vaud","Semsales"
"CH","Bern","Sengg"
"CH","Zurich","Sennhof"
"CH","Inner-Rhoden","Sennwald"
"CH","Graubunden","Sent"
"CH","Aargau","Seon"
"CH","Graubunden","Seraplana"
"CH","Graubunden","Serneus Dorf"
"CH","Graubunden","Serneus"
"CH","Neuchatel","Serrieres"
"CH","Graubunden","Sertig Dofli"
"CH","Ticino","Sessa"
"CH","Graubunden","Seth"
"CH","Bern","Seuberg"
"CH","Zurich","Seuzach"
"CH","Inner-Rhoden","Sevelen"
"CH","Graubunden","Sevgein"
"CH","Graubunden","Sevgiein"
"CH","Geneve","Sezegnin"
"CH","Schaffhausen","Siblingen"
"CH","Schwyz","Siebnen"
"CH","Sankt Gallen","Siegershausen"
"CH","Vaud","Siernes Picats"
"CH","Valais","Sierre"
"CH","Ticino","Sigirino"
"CH","Aargau","Siglistorf"
"CH","Bern","Signau"
"CH","Graubunden","Signina"
"CH","Ticino","Signora"
"CH","Bern","Sigriswil"
"CH","Zug","Sihlbrucke"
"CH","Zug","Sihlbrugg Dorf"
"CH","Zug","Sihlbrugg"
"CH","Uri","Silenen"
"CH","Graubunden","Sils Im Domleschg"
"CH","Graubunden","Sils-Maria"
"CH","Graubunden","Sils"
"CH","Graubunden","Silvapiana"
"CH","Graubunden","Silvaplana"
"CH","Graubunden","Silvaplauna"
"CH","Graubunden","Silvrettaegg"
"CH","Graubunden","Silvrettahaus"
"CH","Graubunden","Silvretta Hutte"
"CH","Valais","Simpeln"
"CH","Valais","Simplon Dorf"
"CH","Aargau","Sins"
"CH","Valais","Sion"
"CH","Thurgau","Sirnach"
"CH","Obwalden","Siselen"
"CH","Uri","Sisikon"
"CH","Basel-Landschaft","Sissach"
"CH","Valais","Sitten"
"CH","Vaud","Siviriez"
"CH","Ticino","Soazza"
"CH","Ticino","Sobrio"
"CH","Ticino","Soglio"
"CH","Ticino","Soja"
"CH","Ticino","Solduno"
"CH","Solothurn","Soleure"
"CH","Ticino","Solgone"
"CH","Solothurn","Solothurn"
"CH","Ticino","Someo"
"CH","Valais","Somlaproz"
"CH","Aargau","Sommerau"
"CH","Sankt Gallen","Sommeri"
"CH","Graubunden","Somprai"
"CH","Uri","Somvix"
"CH","Bern","Sonceboz"
"CH","Ticino","Sonogno"
"CH","Ticino","Sonvico"
"CH","Neuchatel","Sonvilier"
"CH","Glarus","Sool"
"CH","Geneve","Soral"
"CH","Obwalden","Sorenberg"
"CH","Ticino","Sorengo"
"CH","Fribourg","Sorens"
"CH","Ticino","Soresina"
"CH","Jura","Sornetan"
"CH","Ticino","Sornico"
"CH","Ticino","Sorte"
"CH","Vaud","Sottens"
"CH","Jura","Soubey"
"CH","Valais","Soussillon"
"CH","Jura","Soyhieres"
"CH","Bern","Speicher"
"CH","Sankt Gallen","Speicher"
"CH","Bern","Spiez"
"CH","Bern","Spiggengrund"
"CH","Graubunden","Spinas"
"CH","Uri","Spiringen"
"CH","Uri","Spitelruti"
"CH","Aargau","Spitzenhaus"
"CH","Graubunden","Spluga"
"CH","Graubunden","Splugen"
"CH","Graubunden","Sporz"
"CH","Aargau","Spreitenbach"
"CH","Ticino","Spruga"
"CH","Ticino","Stabbio"
"CH","Ticino","Stabio"
"CH","Glarus","Stachelberg Bad"
"CH","Aargau","Stadel"
"CH","Schwyz","Stafa"
"CH","Graubunden","Stafel Alp"
"CH","Graubunden","Stafel"
"CH","Valais","Stafel"
"CH","Graubunden","Stafelten"
"CH","Graubunden","Stafelti"
"CH","Valais","Staffelalp"
"CH","Aargau","Staffelbach"
"CH","Valais","Staldenried"
"CH","Bern","Stalden"
"CH","Obwalden","Stalden"
"CH","Valais","Stalden"
"CH","Graubunden","Stalla"
"CH","Basel-Stadt","Stallen"
"CH","Zurich","Stallikon"
"CH","Schaffhausen","Stammheim"
"CH","Graubunden","Stampa"
"CH","Nidwalden","Stansstad"
"CH","Nidwalden","Stans"
"CH","Graubunden","Starlera"
"CH","Zurich","Starnebarg"
"CH","Aargau","Staufen"
"CH","Graubunden","Staviala Vedra"
"CH","Bern","Stechelberg"
"CH","Thurgau","Steckborn"
"CH","Bern","Steffisburg"
"CH","Zurich","Steg"
"CH","Obwalden","Steinalp"
"CH","Thurgau","Stein Am Rhein"
"CH","Bern","Steinenberg"
"CH","Schwyz","Steinen"
"CH","Schwyz","Steinerberg"
"CH","Zug","Steinhausen"
"CH","Bern","Steinhaus"
"CH","Obwalden","Steinhaus"
"CH","Glarus","Steinibach"
"CH","Aargau","Stein"
"CH","Ausser-Rhoden","Stein"
"CH","Obwalden","Stein"
"CH","Zurich","Sternenberg"
"CH","Thurgau","Stettfurt"
"CH","Bern","Stettlen"
"CH","Graubunden","Stierva"
"CH","Aargau","Stilli"
"CH","Uri","Stock"
"CH","Graubunden","Stogl"
"CH","Schwyz","Stoos"
"CH","Bern","Stossen"
"CH","Inner-Rhoden","Stoss"
"CH","Graubunden","Strassberg"
"CH","Aargau","Strengelbach"
"CH","Bern","Stuckishaus"
"CH","Graubunden","Stugl"
"CH","Graubunden","Stuls"
"CH","Graubunden","Sturvis"
"CH","Bern","Suberg"
"CH","Solothurn","Subingen"
"CH","Vaud","Suchy"
"CH","Bern","Sudern"
"CH","Graubunden","Sufers"
"CH","Neuchatel","Sugiez"
"CH","Aargau","Suhr"
"CH","Sankt Gallen","Sulgen"
"CH","Ticino","Sulgone"
"CH","Graubunden","Sulsana"
"CH","Graubunden","Sulsanna"
"CH","Graubunden","Sulsauna"
"CH","Aargau","Sulz"
"CH","Obwalden","Sulzthal"
"CH","Aargau","Sumiswald"
"CH","Bern","Sundlauenen"
"CH","Graubunden","Suracqua"
"CH","Graubunden","Surava"
"CH","Graubunden","Surcuolm"
"CH","Graubunden","Suren"
"CH","Graubunden","Surlej"
"CH","Graubunden","Surrhin"
"CH","Aargau","Sursee"
"CH","Graubunden","Susauna"
"CH","Graubunden","Sus"
"CH","Fribourg","Tafers"
"CH","Thurgau","Tagerwilen"
"CH","Ticino","Tagliada"
"CH","Graubunden","Tamins"
"CH","Vaud","Tanay"
"CH","Vaud","Taney"
"CH","Thurgau","Taniken"
"CH","Thurgau","Tanikon"
"CH","Vaud","Tannay"
"CH","Obwalden","Tannen Alpe"
"CH","Obwalden","Tannen"
"CH","Schwyz","Tann"
"CH","Graubunden","Tarasp"
"CH","Graubunden","Tartar"
"CH","Graubunden","Tarviersch"
"CH","Valais","Tasch"
"CH","Obwalden","Tauffelen"
"CH","Graubunden","Tavanasa"
"CH","Bern","Tavannes"
"CH","Ticino","Taverne"
"CH","Valais","Taveyannaz"
"CH","Aargau","Tecknau"
"CH","Aargau","Tegerfelden"
"CH","Ticino","Tegna"
"CH","Ticino","Tenero"
"CH","Uri","Tenigerbad"
"CH","Graubunden","Tenna"
"CH","Valais","Termen"
"CH","Vaud","Territet"
"CH","Ticino","Tesserete"
"CH","Aargau","Teufental"
"CH","Aargau","Teufen"
"CH","Sankt Gallen","Teufen"
"CH","Aargau","Teufenthal"
"CH","Bern","Teuffenthal"
"CH","Graubunden","Tgantieni"
"CH","Graubunden","Tga"
"CH","Aargau","Thalheim"
"CH","Zurich","Thalheim"
"CH","Graubunden","Thalkirch"
"CH","Graubunden","Thal"
"CH","Zurich","Thalwil"
"CH","Schaffhausen","Thayngen"
"CH","Valais","Thermen"
"CH","Basel-Stadt","Therwil"
"CH","Neuchatel","Thielle"
"CH","Bern","Thierachern"
"CH","Vaud","Thierrens"
"CH","Geneve","Thonex"
"CH","Bern","Thorberg"
"CH","Bern","Thorishaus"
"CH","Thurgau","Thundorf"
"CH","Solothurn","Thunstetten"
"CH","Bern","Thun"
"CH","Graubunden","Thusis"
"CH","Obwalden","Tiefenbach"
"CH","Graubunden","Tiefencastel"
"CH","Bern","Tierachern"
"CH","Bern","Tiermatti"
"CH","Graubunden","Tinizong"
"CH","Graubunden","Tinizung"
"CH","Graubunden","Tinzen"
"CH","Basel-Landschaft","Titterten"
"CH","Thurgau","Tobel"
"CH","Bern","Toffen"
"CH","Graubunden","Tomils"
"CH","Valais","Torbel"
"CH","Ticino","Torre"
"CH","Valais","Tortin"
"CH","Zurich","Tossegg"
"CH","Aargau","Tossriedern"
"CH","Zurich","Toss"
"CH","Fribourg","Tour De Treme"
"CH","Bern","Trachsellauenen"
"CH","Bern","Trachselwald"
"CH","Bern","Tramelan"
"CH","Graubunden","Trans"
"CH","Aargau","Trasadingen"
"CH","Vaud","Travers"
"CH","Graubunden","Travesasch"
"CH","Graubunden","Travisasch"
"CH","Schwyz","Treib"
"CH","Geneve","Trelex"
"CH","Graubunden","Tretsch"
"CH","Fribourg","Treyfayes"
"CH","Fribourg","Trey"
"CH","Fribourg","Treyvaux"
"CH","Luzern","Tribschen"
"CH","Aargau","Triengen"
"CH","Valais","Trient"
"CH","Aargau","Trimbach"
"CH","Graubunden","Trimmis Dorf"
"CH","Graubunden","Trimmis"
"CH","Bern","Trimstein"
"CH","Graubunden","Trins Dorf"
"CH","Graubunden","Trinsermuhle"
"CH","Graubunden","Trins"
"CH","Sankt Gallen","Trogen"
"CH","Vaud","Troistorrents"
"CH","Graubunden","Trubbach"
"CH","Bern","Trubschachen"
"CH","Aargau","Trub"
"CH","Schaffhausen","Trullikon"
"CH","Uri","Truns"
"CH","Uri","Trun"
"CH","Uri","Tschamut"
"CH","Graubunden","Tschappina"
"CH","Bern","Tschenten"
"CH","Graubunden","Tschiertschen"
"CH","Valais","Tschingeren"
"CH","Graubunden","Tschuggen"
"CH","Schwyz","Tuggen"
"CH","Graubunden","Tuors Davant"
"CH","Graubunden","Turahus"
"CH","Zurich","Turbental"
"CH","Zurich","Turbenthal"
"CH","Aargau","Turgi"
"CH","Valais","Turtmann"
"CH","Obwalden","Twann"
"CH","Bern","Uberstorf"
"CH","Luzern","Udligenswil"
"CH","Graubunden","Ueberlandquart"
"CH","Bern","Ueberstorf"
"CH","Schwyz","Uerikon"
"CH","Aargau","Uerkheim"
"CH","Thurgau","Uesslingen"
"CH","Bern","Uetendorf"
"CH","Zurich","Uetikon Am See"
"CH","Zurich","Uetikon"
"CH","Bern","Uettligen"
"CH","Aargau","Uffikon"
"CH","Aargau","Ufhusen"
"CH","Schaffhausen","Uhwiesen"
"CH","Graubunden","Uina Dadora"
"CH","Zurich","Uitikon Am Albis"
"CH","Zurich","Uitikon"
"CH","Obwalden","Ulrichen"
"CH","Jura","Undervelier"
"CH","Zug","Unteraegeri"
"CH","Zug","Unterageri"
"CH","Valais","Unterbachen"
"CH","Obwalden","Unterbach"
"CH","Valais","Unterbach"
"CH","Ausser-Rhoden","Unter-Basenheid"
"CH","Ausser-Rhoden","Unter-Bazenheid"
"CH","Schwyz","Unter-Bilten"
"CH","Zurich","Unter-Buch"
"CH","Valais","Unter Dem Birg"
"CH","Aargau","Unterehrendingen"
"CH","Bern","Unter Eiger"
"CH","Zurich","Unter Embrach"
"CH","Zurich","Unterengstringen"
"CH","Aargau","Untererlinsbach"
"CH","Bern","Unter-Gomerkinden"
"CH","Schwyz","Unteriberg"
"CH","Zurich","Unter Illnau"
"CH","Aargau","Unterkulm"
"CH","Graubunden","Unter-Laret"
"CH","Obwalden","Unter Lauchbuhl"
"CH","Aargau","Unterlunkhofen"
"CH","Graubunden","Unter-Mutten"
"CH","Uri","Unterschachen"
"CH","Schaffhausen","Unter-Schlatt"
"CH","Bern","Unter Schwendimatt"
"CH","Bern","Unterseen"
"CH","Aargau","Unter-Siggental"
"CH","Aargau","Untersiggenthal"
"CH","Bern","Unter-Sohl"
"CH","Uri","Unter Staffel"
"CH","Schaffhausen","Unter-Stammheim"
"CH","Glarus","Unterterzen"
"CH","Graubunden","Untervaz"
"CH","Inner-Rhoden","Unterwasser"
"CH","Zurich","Unter-Wetzikon"
"CH","Bern","Unter-Wohlen"
"CH","Graubunden","Uors"
"CH","Zurich","Urdorf"
"CH","Graubunden","Urmein"
"CH","Ausser-Rhoden","Urnasch"
"CH","Obwalden","Urnerstafel"
"CH","Aargau","Ursenbach"
"CH","Bern","Urtenen"
"CH","Valais","Useigne"
"CH","Zurich","Uster"
"CH","Bern","Utendorf"
"CH","Bern","Uttigen"
"CH","Sankt Gallen","Uttwil"
"CH","Solothurn","Utzenstorf"
"CH","Schwyz","Uznach"
"CH","Ausser-Rhoden","Uzwil"
"CH","Ticino","Vacallo"
"CH","Ticino","Vairano"
"CH","Neuchatel","Valangin"
"CH","Graubunden","Valatschalp"
"CH","Graubunden","Valatscha"
"CH","Ticino","Valbella"
"CH","Graubunden","Valcava"
"CH","Vaud","Val-D'Iliez"
"CH","Vaud","Val D'Illiez"
"CH","Graubunden","Valendas"
"CH","Graubunden","Valens"
"CH","Vaud","Vallorbe"
"CH","Graubunden","Vals Platz"
"CH","Graubunden","Valtnovalp"
"CH","Graubunden","Valzeina"
"CH","Geneve","Vandoeuvres"
"CH","Graubunden","Vanescha"
"CH","Valais","Varen"
"CH","Graubunden","Vason"
"CH","Graubunden","Vattis"
"CH","Vaud","Vauderens"
"CH","Geneve","Vaud"
"CH","Bern","Vauffelin"
"CH","Vaud","Vaulion"
"CH","Fribourg","Vaulruz"
"CH","Bern","Vechigen"
"CH","Aargau","Veltheim"
"CH","Zurich","Veltheim"
"CH","Jura","Vendlincourt"
"CH","Vaud","Vennes-Sur-Lausanne"
"CH","Vaud","Vennes"
"CH","Valais","Verbier"
"CH","Geneve","Verbois"
"CH","Valais","Vercorin"
"CH","Ticino","Verdabbio"
"CH","Ticino","Verdasio"
"CH","Ticino","Vergeletto"
"CH","Valais","Vermala"
"CH","Jura","Vermes"
"CH","Valais","Vernamiege"
"CH","Valais","Vernayaz"
"CH","Valais","Vernec"
"CH","Geneve","Vernier"
"CH","Graubunden","Versam"
"CH","Ticino","Verscio"
"CH","Geneve","Versoix"
"CH","Geneve","Vesenaz"
"CH","Valais","Vetroz"
"CH","Vaud","Vevey"
"CH","Valais","Vex"
"CH","Geneve","Veyrier"
"CH","Valais","Veysonnaz"
"CH","Vaud","Veytaux-Chillon"
"CH","Vaud","Veytaux"
"CH","Geneve","Vezenaz"
"CH","Graubunden","Viano"
"CH","Graubunden","Vicosoprano"
"CH","Jura","Vicques"
"CH","Valais","Viege"
"CH","Ticino","Viganello"
"CH","Graubunden","Vigens"
"CH","Graubunden","Vignogn"
"CH","Fribourg","Villarsel-Le-Gibloux"
"CH","Fribourg","Villarsel"
"CH","Fribourg","Villarsiviriaux"
"CH","Neuchatel","Villars-Le-Grand"
"CH","Fribourg","Villars-Sur-Glane"
"CH","Fribourg","Villars-Sur-Marly"
"CH","Vaud","Villars-Sur-Ollon"
"CH","Vaud","Villars"
"CH","Fribourg","Villarvolard"
"CH","Graubunden","Villa"
"CH","Obwalden","Villa"
"CH","Fribourg","Villaz-Saint-Pierre"
"CH","Valais","Ville D'Issert"
"CH","Vaud","Villeneuve"
"CH","Neuchatel","Villeret"
"CH","Valais","Villetta"
"CH","Valais","Villettaz"
"CH","Aargau","Villigen"
"CH","Aargau","Villmergen"
"CH","Aargau","Villnachern"
"CH","Graubunden","Vilters"
"CH","Geneve","Vinzel"
"CH","Vaud","Vionnaz"
"CH","Ticino","Vira Gambarogno"
"CH","Ticino","Vira"
"CH","Ticino","Visletto"
"CH","Valais","Visperterminen"
"CH","Valais","Visp"
"CH","Valais","Visse"
"CH","Valais","Vissoie"
"CH","Valais","Vissoye"
"CH","Graubunden","Vitg Dadens"
"CH","Graubunden","Vitg Dado"
"CH","Nidwalden","Vitznau"
"CH","Zurich","Volketswil"
"CH","Aargau","Vordemwald"
"CH","Uri","Vorder Boden"
"CH","Zurich","Vorder Feld"
"CH","Bern","Vorderfultigen"
"CH","Obwalden","Vorder Stafel"
"CH","Schwyz","Vordertal"
"CH","Schwyz","Vorderthal"
"CH","Schwyz","Vorder Waggithal"
"CH","Uri","Vorfrutt"
"CH","Graubunden","Vor Siez"
"CH","Vaud","Vouvry"
"CH","Graubunden","Vrin"
"CH","Fribourg","Vuadens"
"CH","Fribourg","Vuisternens"
"CH","Vaud","Vuiteboeuf"
"CH","Vaud","Vullierens"
"CH","Graubunden","Vulpera"
"CH","Bern","Wabern"
"CH","Bern","Wachseldorn"
"CH","Schwyz","Wadenswil"
"CH","Thurgau","Wagenhausen"
"CH","Basel-Stadt","Wahlen"
"CH","Bern","Wahlen"
"CH","Bern","Wahlern"
"CH","Zug","Walchwil"
"CH","Aargau","Waldenburg"
"CH","Graubunden","Waldhaus"
"CH","Nidwalden","Waldheim"
"CH","Thurgau","Waldi"
"CH","Sankt Gallen","Waldkirch"
"CH","Ausser-Rhoden","Waldstatt"
"CH","Bern","Wald"
"CH","Schwyz","Wald"
"CH","Bern","Walern"
"CH","Bern","Walkringen"
"CH","Bern","Wallenbuch"
"CH","Glarus","Wallendstadt"
"CH","Fribourg","Wallenried"
"CH","Glarus","Wallenstadt"
"CH","Zurich","Wallisellen"
"CH","Graubunden","Waltensburg Dorf"
"CH","Graubunden","Waltensburg"
"CH","Aargau","Waltenschwil"
"CH","Aargau","Walterswil"
"CH","Zurich","Waltikon"
"CH","Sankt Gallen","Walzenhausen"
"CH","Solothurn","Wangen An Der Aare"
"CH","Aargau","Wangen"
"CH","Schwyz","Wangen"
"CH","Thurgau","Wangi"
"CH","Graubunden","Wangs"
"CH","Aargau","Wasen"
"CH","Obwalden","Wassen"
"CH","Inner-Rhoden","Wasserauen"
"CH","Aargau","Wasterkingen"
"CH","Bern","Wattenwil"
"CH","Ausser-Rhoden","Wattwil"
"CH","Aargau","Wauwil"
"CH","Glarus","Weesen"
"CH","Aargau","Wegenstetten"
"CH","Luzern","Weggis"
"CH","Bern","Weiermannshaus"
"CH","Bern","Weiermoos"
"CH","Thurgau","Weinfelden"
"CH","Zurich","Weiningen"
"CH","Inner-Rhoden","Weissbad"
"CH","Fribourg","Weissenbach"
"CH","Bern","Weissenburg"
"CH","Zurich","Weisslingen"
"CH","Graubunden","Weisstannen"
"CH","Solothurn","Welschenrohr"
"CH","Bern","Wengen"
"CH","Bern","Wengi"
"CH","Inner-Rhoden","Werdenberg"
"CH","Zurich","Werdholzli"
"CH","Graubunden","Wergenstein"
"CH","Zurich","Werkholzli"
"CH","Schwyz","Wernetshausen"
"CH","Luzern","Werthenstein"
"CH","Aargau","Wettingen"
"CH","Thurgau","Wetzikon"
"CH","Zurich","Wetzikon"
"CH","Bern","Weyermannshaus"
"CH","Bern","Wichtrach"
"CH","Zurich","Wiedikon"
"CH","Solothurn","Wiedlisbach"
"CH","Zurich","Wiesendangen"
"CH","Graubunden","Wieseneralp"
"CH","Graubunden","Wiesen"
"CH","Graubunden","Wiesner Alp"
"CH","Aargau","Wiggen"
"CH","Obwalden","Wiggen"
"CH","Thurgau","Wigoltingen"
"CH","Aargau","Wikon"
"CH","Zurich","Wila"
"CH","Schaffhausen","Wilchingen"
"CH","Zurich","Wildberg"
"CH","Aargau","Wildegg"
"CH","Bern","Wilderswil"
"CH","Inner-Rhoden","Wildhaus"
"CH","Obwalden","Wilerbad"
"CH","Bern","Wileroltigen"
"CH","Bern","Wiler"
"CH","Solothurn","Wiler"
"CH","Uri","Wiler"
"CH","Valais","Wiler"
"CH","Obwalden","Willigen"
"CH","Aargau","Willisau Stadt"
"CH","Aargau","Willisau"
"CH","Aargau","Wil"
"CH","Thurgau","Wil"
"CH","Bern","Wimmis"
"CH","Aargau","Windisch"
"CH","Aargau","Windlach"
"CH","Aargau","Winikon"
"CH","Ausser-Rhoden","Winkeln Bei Sankt Gallen"
"CH","Ausser-Rhoden","Winkeln"
"CH","Luzern","Winkel"
"CH","Bern","Winklen"
"CH","Zurich","Winterthur Toss"
"CH","Zurich","Winterthur"
"CH","Zurich","Witikon"
"CH","Sankt Gallen","Wittenbach"
"CH","Aargau","Wittnau"
"CH","Graubunden","Wity"
"CH","Neuchatel","Witzwil"
"CH","Aargau","Wohlen"
"CH","Bern","Wohlen"
"CH","Nidwalden","Wolfenschiessen"
"CH","Graubunden","Wolfgang"
"CH","Aargau","Wolflinswil"
"CH","Aargau","Wolfwil"
"CH","Luzern","Wolhusen"
"CH","Schwyz","Wollerau"
"CH","Bern","Worben"
"CH","Bern","Worblaufen"
"CH","Bern","Worb"
"CH","Fribourg","Wuadingen"
"CH","Bern","Wunnewil"
"CH","Ausser-Rhoden","Wuppenau"
"CH","Aargau","Wurenlingen"
"CH","Aargau","Wurenling"
"CH","Aargau","Wurenlos"
"CH","Basel-Landschaft","Wyhlen"
"CH","Aargau","Wynau"
"CH","Solothurn","Wynigen"
"CH","Aargau","Wyssachen"
"CH","Graubunden","Wyte"
"CH","Graubunden","Wyti"
"CH","Vaud","Yens"
"CH","Vaud","Yverden"
"CH","Vaud","Yverdon-Les-Bains"
"CH","Vaud","Yverdon"
"CH","Vaud","Yvonand"
"CH","Vaud","Yvorne"
"CH","Graubunden","Zaloner Hutten"
"CH","Bern","Zaziwil"
"CH","Aargau","Zeglingen"
"CH","Aargau","Zeihen"
"CH","Valais","Zelg"
"CH","Aargau","Zell"
"CH","Zurich","Zell"
"CH","Valais","Zeneggen"
"CH","Valais","Zermatt"
"CH","Valais","Zermeiggern"
"CH","Graubunden","Zernes"
"CH","Graubunden","Zernez"
"CH","Ticino","Zervreila-Oberboden"
"CH","Graubunden","Zervreila-Unterboden"
"CH","Ticino","Zervreila"
"CH","Glarus","Ziegelbrucke"
"CH","Uri","Zignau"
"CH","Sankt Gallen","Zihlschlacht"
"CH","Graubunden","Zillis"
"CH","Bern","Zimmerwald"
"CH","Valais","Zinal"
"CH","Graubunden","Zizers"
"CH","Aargau","Zofingen"
"CH","Bern","Zollbruck"
"CH","Bern","Zollikofen"
"CH","Zurich","Zollikon"
"CH","Solothurn","Zuchwil"
"CH","Ausser-Rhoden","Zuckenriet"
"CH","Zug","Zugersee"
"CH","Zug","Zug"
"CH","Basel-Stadt","Zullwil"
"CH","Obwalden","Zumdorf"
"CH","Fribourg","Zumholz"
"CH","Zurich","Zumikon"
"CH","Obwalden","Zum Loch"
"CH","Basel-Landschaft","Zunzgen"
"CH","Graubunden","Zuoz"
"CH","Ausser-Rhoden","Zurchersmuhle"
"CH","Zurich","Zurichhorn"
"CH","Zurich","Zurich"
"CH","Aargau","Zurzach"
"CH","Aargau","Zuzgen"
"CH","Ausser-Rhoden","Zuzwil"
"CH","Bern","Zweilutschinen"
"CH","Fribourg","Zweisimmen"
"CH","Basel-Stadt","Zwingen"
"CH","Ticino","Zwischbergen"
