"GM","Central River","Abeokuta"
"GM","Western","Abuko"
"GM","Central River","Ahalulie"
"GM","Western","Alaji Yoro"
"GM","Western","Alakounda"
"GM","Western","Albadarr"
"GM","Western","Albreda"
"GM","Western","Alhaji Abdoulie Liegh"
"GM","North Bank","Alhaji Bajonkoto"
"GM","Central River","Alhaji Dembo"
"GM","North Bank","Alicali Kunda"
"GM","North Bank","Alical Kunda"
"GM","Western","Alijamadu"
"GM","Central River","Alimaka"
"GM","Western","Aljamdu"
"GM","Western","Aljamdu Kamara Kunda"
"GM","Western","Aljamdu Kanteh Kunda"
"GM","Western","Allahein"
"GM","Western","Alla Kunda"
"GM","Central River","Alla Tenta"
"GM","Upper River","Alohungari"
"GM","Upper River","Alohungari Banta"
"GM","Western","Alpha"
"GM","Western","Alpha Hamjatu"
"GM","Western","Alpha N'Ding"
"GM","Western","Amdalai"
"GM","Western","Amdallai"
"GM","Western","Amdulai"
"GM","Western","Amdulay"
"GM","Western","Ampaya"
"GM","Western","Anias Kunda"
"GM","Central River","Anulie"
"GM","Western","Arangalain"
"GM","Western","Arankon Kunda"
"GM","Western","Arongkoli Kunda"
"GM","Lower River","Baba"
"GM","Western","Babilon Gunjur"
"GM","Western","Babou Jobe"
"GM","Upper River","Badari"
"GM","Upper River","Badja Kunda"
"GM","Western","Ba Duma"
"GM","Lower River","Badume"
"GM","Western","Bafuloto"
"GM","Western","Bafulotor"
"GM","Western","Bahdad"
"GM","Lower River","Bahen"
"GM","Western","Bahoom"
"GM","Upper River","Bahwa"
"GM","Central River","Baiaba"
"GM","Central River","Bai Ba"
"GM","North Bank","Baien"
"GM","Western","Baijana"
"GM","Western","Baijangkortor"
"GM","Central River","Bai N'Ding"
"GM","Western","Baintengkay"
"GM","Western","Baipal"
"GM","Lower River","Bai Tenda"
"GM","Western","Baitit Mamu Fana"
"GM","Western","Bajagar"
"GM","Western","Bajagar Dumbutu"
"GM","Western","Bajagar Jola"
"GM","Western","Bajana"
"GM","Upper River","Bajankoto"
"GM","Western","Baji Kunda"
"GM","Western","Bajilo"
"GM","Western","Bajiran"
"GM","Western","Bajong Koto"
"GM","Western","Bajong Kotor"
"GM","Lower River","Bajon Koto"
"GM","Western","Bajonkoto"
"GM","Western","Bajon Kotor"
"GM","Central River","Bakadagy"
"GM","Upper River","Bakadagy"
"GM","Central River","Bakadaji"
"GM","Upper River","Bakadaji"
"GM","Central River","Bakadaji Kunda"
"GM","Western","Bakalari"
"GM","Western","Bakalarr"
"GM","North Bank","Bakang"
"GM","Western","Bakary Sambou"
"GM","Western","Bakau"
"GM","Western","Bakau Kunku"
"GM","Western","Bakau Nding"
"GM","Western","Bakendik"
"GM","Western","Bakkendik"
"GM","Western","Bakolar"
"GM","Western","Bakote"
"GM","Western","Bakoteh"
"GM","Western","Bakoti"
"GM","Western","Bakotti"
"GM","Western","Ba Kunda"
"GM","Western","Balangar"
"GM","Western","Balanghar"
"GM","Western","Balanghar Ker N'Derry"
"GM","Western","Balanghar Njoben"
"GM","Western","Balanghar Wharf Town"
"GM","Upper River","Bala Silla"
"GM","North Bank","Bali"
"GM","North Bank","Bali Hali Hawah"
"GM","North Bank","Bali Hali Howeh"
"GM","Lower River","Balingho"
"GM","Lower River","Balingo"
"GM","Western","Ballangar"
"GM","Western","Ballen"
"GM","North Bank","Balli"
"GM","Lower River","Balo Ibra"
"GM","Lower River","Balo Omar"
"GM","Western","Bamba"
"GM","Western","Bamba Jallow"
"GM","Western","Bambaka"
"GM","Western","Bambako"
"GM","Western","Bambako Kura"
"GM","Western","Bamba Kolon"
"GM","Western","Bamba Kolong"
"GM","Lower River","Bambale"
"GM","Lower River","Bambali"
"GM","Lower River","Bambatenda"
"GM","Upper River","Banatenda"
"GM","Western","Bandinto"
"GM","Upper River","Banenko"
"GM","Upper River","Banenko Simaila"
"GM","Western","Bangali"
"GM","Western","Bangaly"
"GM","Upper River","Bangasiya Fali"
"GM","Western","Bangherr"
"GM","Western","Baniakan"
"GM","Western","Baniakang"
"GM","Western","Bani Bajenko"
"GM","Central River","Bani"
"GM","Upper River","Bani"
"GM","Central River","Banicuba Yoroyel"
"GM","Upper River","Baniko"
"GM","Upper River","Banja"
"GM","Banjul","Banjul"
"GM","Western","Banjul Nding"
"GM","Central River","Bankuba Samboido"
"GM","Lower River","Bankulling"
"GM","Upper River","Bankuwule"
"GM","Upper River","Banna Tenda"
"GM","Western","Banniba Jonki"
"GM","Central River","Banni"
"GM","North Bank","Banni"
"GM","Central River","Bansang"
"GM","Central River","Bansang Tenda"
"GM","North Bank","Banta Killi"
"GM","Western","Bantam Bilo"
"GM","Western","Bantanding"
"GM","Western","Bantanding Sancha"
"GM","Western","Bantanding Toranka"
"GM","Western","Bantang Killing"
"GM","North Bank","Bantang Killing"
"GM","Western","Bantang Koto"
"GM","Upper River","Bantang Kotor"
"GM","Central River","Bantango Koto"
"GM","Western","Bantanjang"
"GM","Western","Bantanta"
"GM","Central River","Bantanto"
"GM","Western","Bantanto"
"GM","Western","Bantanto Ebrima Kah"
"GM","Western","Bantanto Jawara Jallow"
"GM","Western","Bantanto Ker Daburi"
"GM","Western","Bantanto Ker Daburie"
"GM","Western","Bantanto Ker Ebrima Kah"
"GM","Western","Bantanto Ker Olai"
"GM","Western","Bantanto Ker Oldi"
"GM","Western","Bantanto Ker Samba Olo"
"GM","Western","Bantanto Ker Sulay"
"GM","Western","Bantanto Musa Bah"
"GM","Central River","Bantan Yima"
"GM","Lower River","Bantasu"
"GM","Lower River","Banta Su"
"GM","Upper River","Banto Nding"
"GM","Upper River","Banu Kunda"
"GM","Central River","Barajali"
"GM","Upper River","Barajali Kunda"
"GM","Central River","Barajali Tenda"
"GM","Upper River","Baraji Kunda"
"GM","Western","Baria"
"GM","North Bank","Baria"
"GM","Upper River","Baro Kunda"
"GM","Western","Baro Kunda"
"GM","Western","Baro Kunda Tenda"
"GM","North Bank","Barra"
"GM","Central River","Barrajalli"
"GM","Upper River","Barrakunda"
"GM","Upper River","Barra Kunda"
"GM","North Bank","Barria"
"GM","Western","Barrinding"
"GM","Western","Barrow Kunda"
"GM","Upper River","Barry Narbeh"
"GM","Central River","Barsangsang"
"GM","Western","Barukunda"
"GM","Upper River","Base Nding"
"GM","Western","Basori"
"GM","Upper River","Basse"
"GM","North Bank","Bassen"
"GM","Western","Bassen Kansana"
"GM","Upper River","Basse Santa Su"
"GM","Lower River","Bassik"
"GM","Western","Bassori"
"GM","Western","Batelling"
"GM","Western","Batena"
"GM","North Bank","Batending"
"GM","North Bank","Batending Kajara"
"GM","Banjul","Bathurst"
"GM","Western","Bati"
"GM","Western","Bati Hai"
"GM","Western","Bati Jaha"
"GM","Western","Bati Jama Gen"
"GM","Western","Bati N'Da"
"GM","Western","Bati Ndar"
"GM","Western","Bati Yungo"
"GM","Western","Batori Sateh"
"GM","Western","Bator Sateh"
"GM","Western","Battabut"
"GM","Western","Battabut Denelu"
"GM","Western","Battabut Kantora"
"GM","Western","Battelling"
"GM","Western","Battending"
"GM","North Bank","Battending"
"GM","Western","Batti N'Dau"
"GM","Western","Batukunku"
"GM","Western","Bayarr"
"GM","North Bank","Beeta"
"GM","North Bank","Beeta Bukafungi"
"GM","Central River","Belal"
"GM","Western","Berending"
"GM","Lower River","Beretto"
"GM","Western","Berrending"
"GM","Upper River","Berry Narbeh"
"GM","North Bank","Bessi"
"GM","Western","Bessi Nding"
"GM","Upper River","Bia Hamady"
"GM","Western","Bijiba"
"GM","Western","Bijilo"
"GM","Western","Bintang"
"GM","Western","Bintinki"
"GM","North Bank","Biram Giddo Ya"
"GM","North Bank","Biram Kardo Ya"
"GM","North Bank","Biram Kunda"
"GM","Lower River","Biram Yacin"
"GM","Lower River","Biranoya"
"GM","Upper River","Birom"
"GM","Lower River","Birong"
"GM","North Bank","Birong Kunda"
"GM","Upper River","Bisandugu"
"GM","Western","Bissari Bajongkoto"
"GM","Western","Bissari"
"GM","Western","Bissari Madi"
"GM","North Bank","Bita"
"GM","Western","Bluntu"
"GM","Upper River","Bolum"
"GM","Lower River","Bombale"
"GM","Western","Bonda"
"GM","Western","Bondali"
"GM","Western","Bondali Jola"
"GM","Western","Bondali Tenda"
"GM","Western","Bonto"
"GM","Central River","Boraba"
"GM","Central River","Boroba"
"GM","Upper River","Boro Kandakase"
"GM","Upper River","Boro Majang Kunda"
"GM","Upper River","Boro Manjang Kunda"
"GM","Upper River","Boro Modi Bane"
"GM","Central River","Borong Kunda"
"GM","Upper River","Boro Sambakabaya"
"GM","Upper River","Boro Sambaya"
"GM","Western","Bosa"
"GM","North Bank","Bottending"
"GM","Central River","Bowe"
"GM","Upper River","Brefet"
"GM","Western","Brefet"
"GM","Central River","Brekana"
"GM","Upper River","Brifu"
"GM","Central River","Brikama Ba"
"GM","Central River","Brikama"
"GM","Western","Brikama"
"GM","North Bank","Brikama"
"GM","Central River","Brikama Nding"
"GM","Western","Brufut"
"GM","Western","Brufut Manjago"
"GM","Western","Brumen"
"GM","Western","Buchilling"
"GM","Western","Budayell"
"GM","Western","Buduck Maila Secka"
"GM","Western","Buduk"
"GM","Lower River","Buiba"
"GM","Lower River","Buiba Jalo Kunda"
"GM","Lower River","Buiba Mandinka"
"GM","Lower River","Buiba Musa Njadoh"
"GM","Lower River","Buiba Musa Sallah"
"GM","North Bank","Bukafungi"
"GM","Central River","Bukari Kunda"
"GM","North Bank","Bulangor"
"GM","Western","Bulanjor"
"GM","North Bank","Bulanjor"
"GM","Western","Bulengart"
"GM","Western","Bulghurk"
"GM","Western","Bulgurk"
"GM","Western","Bullelai"
"GM","Western","Bullellai"
"GM","Western","Bulok"
"GM","Western","Bulufula"
"GM","Western","Bulufulla"
"GM","Western","Bumari"
"GM","Western","Bundali"
"GM","Western","Bungiga"
"GM","Lower River","Buniadu"
"GM","Western","Buniadu"
"GM","Western","Bunkilling"
"GM","Western","Bunobor"
"GM","Western","Buntung"
"GM","Western","Bunubor Brikama"
"GM","Western","Bunubor"
"GM","Western","Bununka Kunda"
"GM","Western","Bunyai"
"GM","Western","Buraing"
"GM","Western","Buramba"
"GM","Western","Buram"
"GM","North Bank","Burang Ya"
"GM","Western","Burelai"
"GM","Western","Bureng"
"GM","Western","Burock"
"GM","Lower River","Burrong"
"GM","Central River","Buruku"
"GM","Western","Busanehkai"
"GM","Western","Busongai"
"GM","Western","Busumbala"
"GM","Western","Busumbata"
"GM","Central River","Busura"
"GM","Upper River","Busura"
"GM","Western","Busura"
"GM","Upper River","Busure"
"GM","Western","Bwiam"
"GM","Western","Carrols Wharf"
"GM","Western","Chabai"
"GM","Central River","Cha Kunda"
"GM","Central River","Chalen"
"GM","Central River","Chalen Ker Bakari Salla"
"GM","Central River","Chalen Ker Bakary Salla"
"GM","North Bank","Chamaya"
"GM","Western","Chamen Baka"
"GM","Western","Chamen"
"GM","North Bank","Chamen"
"GM","Western","Chamen Sosseh"
"GM","Upper River","Chamoi"
"GM","Central River","Changai"
"GM","Upper River","Changally"
"GM","Upper River","Changally Chewdu"
"GM","Upper River","Changally Lankadi"
"GM","Central River","Charen"
"GM","Central River","Chargel"
"GM","Central River","Charjel"
"GM","Western","Charmen"
"GM","Central River","Charno Musa"
"GM","Upper River","Charnum"
"GM","Lower River","Checken"
"GM","North Bank","Cheedi Laibe Ya"
"GM","North Bank","Cheedy Wollof"
"GM","Central River","Cheken"
"GM","Western","Chermo Omar"
"GM","Central River","Cherna Musa"
"GM","Western","Cherno Omar"
"GM","Upper River","Chewal Bessell"
"GM","Western","Chilla"
"GM","Western","Chisay"
"GM","Western","Choya"
"GM","Western","Choyen"
"GM","Western","Cibagnari"
"GM","Upper River","Daba Kunda"
"GM","Western","Dabaly"
"GM","Western","Dabatu"
"GM","Lower River","Dafa"
"GM","North Bank","Dai"
"GM","North Bank","Dai Mandinka"
"GM","Western","Dalaba"
"GM","Upper River","Damfa Kunda"
"GM","Upper River","Dandugu"
"GM","Lower River","Dankadanka"
"GM","Western","Dankunko"
"GM","Western","Dankunku"
"GM","Western","Dankunku Fula"
"GM","Western","Daranka"
"GM","Western","Daresalama"
"GM","Western","Darselameh"
"GM","Western","Darselami"
"GM","Western","Darsilam"
"GM","Upper River","Darsilame"
"GM","Upper River","Darsilame Ker Koro"
"GM","Upper River","Darsilame Key Koro"
"GM","Upper River","Darsilami"
"GM","Western","Darsilami"
"GM","North Bank","Darsilami"
"GM","Upper River","Darsilami Jimara"
"GM","Upper River","Darsilami Tenda"
"GM","Upper River","Darsilane Ker Koro"
"GM","Central River","Daru"
"GM","Western","Daru"
"GM","North Bank","Daru"
"GM","Lower River","Daru Fatiho"
"GM","North Bank","Darule Barakatu"
"GM","North Bank","Daru Lohen"
"GM","Western","Daru Mbaien"
"GM","North Bank","Daru Rilwan"
"GM","Western","Darusalam"
"GM","North Bank","Darusalam"
"GM","Central River","Darusalameh"
"GM","Western","Darusalem"
"GM","Western","Dasalami"
"GM","North Bank","Dasalami"
"GM","Central River","Dasilame"
"GM","Lower River","Dasilami"
"GM","Upper River","Dasilami"
"GM","Western","Dasilami"
"GM","North Bank","Dasilami"
"GM","Western","Dau Dula"
"GM","Western","Dekordeh Bah"
"GM","Western","Demati Kunda"
"GM","Western","Demba Cheesay"
"GM","Western","Demba Chippo"
"GM","Western","Demba Darboe"
"GM","Western","Demba Hainey"
"GM","Central River","Demba Kale"
"GM","Central River","Demba Kali"
"GM","Upper River","Demba Koumbel"
"GM","Upper River","Demba Kumbale"
"GM","Central River","Demba Kunda"
"GM","Upper River","Demba Kunda"
"GM","Western","Demba Kunda"
"GM","North Bank","Demban"
"GM","Western","Demba Njai Ya"
"GM","Central River","Dembaso"
"GM","Central River","Demba Waddu"
"GM","Central River","Demba Wanda"
"GM","Upper River","Demba Wendu"
"GM","Upper River","Dembel Jawor"
"GM","Upper River","Dembo Kumbel"
"GM","Central River","Demfai"
"GM","Central River","Demfai Karim"
"GM","Central River","Demfai Njaga"
"GM","Central River","Denton"
"GM","Western","Dewru"
"GM","Western","Deya"
"GM","Upper River","Diabugu Basilla"
"GM","Upper River","Diabugu"
"GM","Upper River","Diabugu Tenda"
"GM","Western","Diemballa Ker Cherno"
"GM","Western","Diemballa Ker Madi"
"GM","Western","Diemballa Ker Musa"
"GM","Lower River","Digante"
"GM","Lower River","Diganteh"
"GM","Western","Dimbaga"
"GM","Central River","Dingarai"
"GM","Central River","Dingirie"
"GM","Upper River","Dinguiri"
"GM","Upper River","Dinguirin"
"GM","Western","Dinkirai"
"GM","Lower River","Dipa Kunda"
"GM","Western","Dipa Kunda"
"GM","Lower River","Dipa Kunda Wollof"
"GM","Western","Dippa Kunda"
"GM","Upper River","Dirboko"
"GM","Western","Djalabango"
"GM","Upper River","Djan Counda"
"GM","Western","Djifanga"
"GM","Upper River","Doba Kunda"
"GM","Central River","Dobang Kunda"
"GM","Central River","Dobbo"
"GM","Central River","Dobo"
"GM","North Bank","Dobo"
"GM","Western","Dobong"
"GM","Central River","Doke Alla"
"GM","Central River","Doki Alla"
"GM","Western","Dongoro Ba"
"GM","Western","Dongoro"
"GM","Western","Dongoro Nding"
"GM","Western","Douassu"
"GM","Upper River","Dramane"
"GM","North Bank","Drame Joka"
"GM","North Bank","Drame Joku"
"GM","Upper River","Dula Kunda"
"GM","Western","Duma Sansang"
"GM","Western","Dumbutto"
"GM","Western","Dumbuttu"
"GM","Western","Dumbutu"
"GM","Upper River","Dumfoya"
"GM","Western","Dumungkareh"
"GM","Central River","Dungal"
"GM","Western","Dungu"
"GM","Western","Duniajoe"
"GM","Western","Dunyo Joyo"
"GM","Western","Duonki"
"GM","Lower River","Dutabulu"
"GM","Lower River","Dutta Bullu"
"GM","Central River","Ebadong"
"GM","Western","Eboe Town"
"GM","North Bank","Eloi"
"GM","North Bank","Elol"
"GM","Western","Erangalain"
"GM","North Bank","Essau"
"GM","Western","Faarla"
"GM","Central River","Fadia Kunda"
"GM","Upper River","Fadiya Kunda"
"GM","Western","Fafanding"
"GM","Western","Fafending"
"GM","Western","Fajara"
"GM","Western","Faji Kunda"
"GM","North Bank","Famori"
"GM","Upper River","Fantumbu"
"GM","Western","Faraba Banta"
"GM","Western","Faraba Bantang"
"GM","Central River","Faraba"
"GM","Western","Faraba Soto"
"GM","Western","Faraba Sutu"
"GM","Lower River","Farafenni"
"GM","Western","Farakunda"
"GM","Western","Fara Kunku"
"GM","Central River","Faranabe"
"GM","Lower River","Farato"
"GM","Central River","Farato"
"GM","Upper River","Farato"
"GM","Western","Farato"
"GM","Western","Farba N' Daw"
"GM","Upper River","Farem-Toumbo"
"GM","Upper River","Farintumbu"
"GM","Western","Farlah"
"GM","Lower River","Faro Ya"
"GM","Central River","Fas Abdou"
"GM","Central River","Fas"
"GM","Western","Fas"
"GM","Central River","Fas Maundeh"
"GM","Western","Fas Omar Sahor"
"GM","Western","Fass Bamba"
"GM","Lower River","Fass"
"GM","Central River","Fass"
"GM","Western","Fass"
"GM","Western","Fass Mbaien"
"GM","Western","Fass Njama"
"GM","Western","Fass Omar Sahor"
"GM","Upper River","Fatako"
"GM","Upper River","Fatotenda"
"GM","Upper River","Fatoto"
"GM","Upper River","Fattatenda"
"GM","Western","Felleng Kotor"
"GM","Western","Felling Kotor"
"GM","Upper River","Findefeto"
"GM","Upper River","Findofato"
"GM","Central River","Firdausy"
"GM","Central River","Fitu"
"GM","Central River","Fitu Fula"
"GM","Central River","Fitu Wollof"
"GM","Upper River","Fode Kounda"
"GM","Upper River","Fode Kunda"
"GM","North Bank","Fody Biran"
"GM","Western","Folonko"
"GM","Lower River","Fonkoi Kunda"
"GM","Central River","Fori"
"GM","Lower River","Forlolor"
"GM","Central River","Fuka"
"GM","Central River","Fula Bantang"
"GM","Upper River","Fula"
"GM","Western","Fula Kolon"
"GM","Western","Fula Kolong"
"GM","Western","Fula Kulda"
"GM","Central River","Fula Kunda"
"GM","Upper River","Fula Kunda"
"GM","Western","Fula Kunda"
"GM","Western","Fula Kunku"
"GM","Upper River","Fula More Boche"
"GM","Western","Funtang"
"GM","Central River","Futa Yel"
"GM","Upper River","Gadafaro"
"GM","Central River","Galleh Jolloff"
"GM","Central River","Galleh Jollof"
"GM","Central River","Galleh Manda"
"GM","Central River","Galleh Wollof"
"GM","Western","Gallo-Ya"
"GM","North Bank","Gallo Ya"
"GM","Western","Galowya"
"GM","Upper River","Gambissara Bondoh"
"GM","Upper River","Gambissara Fula"
"GM","Upper River","Gambissara"
"GM","Upper River","Gambissara Jawo"
"GM","Upper River","Gambissara Jawor"
"GM","Upper River","Gambissar"
"GM","Upper River","Garawol"
"GM","Western","Gauwa"
"GM","Central River","Gayen Pate Gaie"
"GM","Upper River","Gayo"
"GM","Western","Gebangarr"
"GM","Upper River","Gembissara"
"GM","Western","Genge"
"GM","Western","Genge Tukulor"
"GM","Western","Genge Wollof"
"GM","Lower River","Genieri"
"GM","Central River","Georgetown"
"GM","Western","Ghana Town"
"GM","Western","Gibanak"
"GM","Central River","Gidda"
"GM","Lower River","Giffin"
"GM","Western","Gikis Dandon"
"GM","Western","Gikis"
"GM","North Bank","Gikis"
"GM","Upper River","Gillangel"
"GM","North Bank","Ginak Kajata"
"GM","North Bank","Ginak Niji"
"GM","Western","Giniah"
"GM","Lower River","Ginoi"
"GM","Upper River","Giroba"
"GM","Upper River","Giroba Kunda"
"GM","Lower River","Gissay"
"GM","Central River","Guidi Musa"
"GM","Western","Gui Jahanka"
"GM","Central River","Gungorong"
"GM","Central River","Gunjur"
"GM","Western","Gunjur"
"GM","North Bank","Gunjur"
"GM","Upper River","Gunjur Kuta"
"GM","Western","Gunkeru"
"GM","Western","Gunkoru Ker Hamet"
"GM","Western","Gunkoru Tukulor"
"GM","Western","Gunkoru Wolloff"
"GM","Western","Gunkoru Wollof"
"GM","Central River","Hai-Rewan"
"GM","Upper River","Hamadalie"
"GM","Western","Hamawda"
"GM","Central River","Hamdalae"
"GM","Western","Hamdalae"
"GM","Lower River","Hamdalai"
"GM","Central River","Hamdalai"
"GM","Upper River","Hamdalai"
"GM","Western","Hamdalai"
"GM","North Bank","Hamdalai"
"GM","Central River","Hamdalie"
"GM","Upper River","Hela Kunda"
"GM","Western","Herabeh Konoh"
"GM","Upper River","Heramakono"
"GM","Western","Hibra"
"GM","Western","Hoi"
"GM","Central River","Hosnan"
"GM","Western","How Ba"
"GM","Western","Ibo Town"
"GM","Central River","Ida"
"GM","North Bank","Illiassa"
"GM","North Bank","India Baddibu"
"GM","North Bank","India"
"GM","Western","Inoman"
"GM","Upper River","Jababa"
"GM","Western","Jaba"
"GM","Western","Jabang"
"GM","Lower River","Jabbi Kunda"
"GM","Central River","Jabel Kunda"
"GM","Lower River","Jabisa"
"GM","Lower River","Jabis"
"GM","Central River","Jafai"
"GM","Lower River","Jafini"
"GM","North Bank","Jagel"
"GM","Western","Jaggle"
"GM","Western","Jaggli"
"GM","Western","Jagle"
"GM","North Bank","Jago"
"GM","Upper River","Jahabi"
"GM","Upper River","Jaha"
"GM","North Bank","Jahajan"
"GM","North Bank","Jahajari"
"GM","Upper River","Jaha Madina"
"GM","Upper River","Jahatuje"
"GM","Western","Jahawur Mandinka"
"GM","Western","Jahawur Tukulor"
"GM","Lower River","Jaidina"
"GM","Central River","Jailan"
"GM","Western","Jaiteh Kunda"
"GM","Central River","Jakaba"
"GM","Upper River","Jakaba"
"GM","North Bank","Jakadia"
"GM","Western","Jakau"
"GM","Western","Jakau-Ur"
"GM","Western","Jakau-Ur Sinchu"
"GM","Central River","Jakhaly"
"GM","Western","Jakin"
"GM","Western","Jakisu"
"GM","Western","Jakoe"
"GM","Western","Jakoi Bintang"
"GM","North Bank","Jakoi"
"GM","North Bank","Jakoi Sibrik"
"GM","Western","Jako Kanjeru"
"GM","Western","Ja Koto"
"GM","Western","Jakotto"
"GM","Lower River","Jalaba"
"GM","North Bank","Jalaba"
"GM","Central River","Jala Koto"
"GM","North Bank","Jalakoto"
"GM","Upper River","Jala Kunda"
"GM","Western","Jalambantang"
"GM","Lower River","Jalangbereh"
"GM","Western","Jalato Ali"
"GM","Western","Jalato Nderry"
"GM","Western","Jalato Sololi Mena"
"GM","Western","Jalew"
"GM","Lower River","Jali"
"GM","North Bank","Jali Kunda"
"GM","Western","Jallakotto"
"GM","Central River","Jallal"
"GM","Western","Jallo Koto"
"GM","Western","Jallow Koto"
"GM","Lower River","Jallow Kunda"
"GM","Western","Jallow Kunda"
"GM","North Bank","Jally Kunda"
"GM","Central River","Jalo Kunda Abdu Secka"
"GM","Central River","Jalo Kunda Bakari Sabali"
"GM","Central River","Jalo Kunda Demba Sira"
"GM","Central River","Jalo Kunda Fula"
"GM","Central River","Jalo Kunda"
"GM","Central River","Jalo Kunda Malick N'Yang"
"GM","Central River","Jalo Kunda Mat Mbye"
"GM","Central River","Jalo Kunda Sering Ceesay"
"GM","Central River","Jaluby"
"GM","Central River","Jaluby Koto"
"GM","Central River","Jaluby Tukulor"
"GM","Central River","Jamagain"
"GM","Lower River","Jamagen"
"GM","Central River","Jamagen"
"GM","Central River","Jama Gen"
"GM","Central River","Jamagen"
"GM","Western","Jamagen"
"GM","Western","Jama Gen"
"GM","Western","Jama"
"GM","Western","Jama Ken"
"GM","Central River","Jamali Babou"
"GM","Central River","Jamali Bere Jallow"
"GM","Central River","Jamali Ganiado Njie"
"GM","Western","Jamali"
"GM","Central River","Jamali Momodou Kuta"
"GM","Central River","Jamali Tamsin Musa"
"GM","Central River","Jamali Tamsir Secka"
"GM","Lower River","Jamal Mballo"
"GM","Central River","Jamaly"
"GM","Western","Jamara"
"GM","Western","Jamara Nema"
"GM","Western","Jamara Wollof"
"GM","Central River","Jamari"
"GM","Central River","Jamarli"
"GM","Western","Jambanjali"
"GM","Western","Jambanjeli"
"GM","Lower River","Jambanya"
"GM","Upper River","Jambaruya"
"GM","Western","Jambour"
"GM","Western","Jambur"
"GM","Western","Jamisa"
"GM","North Bank","Jammeh Kunda"
"GM","North Bank","Jammi Kunda"
"GM","Central River","Jamu"
"GM","Western","Jamweley"
"GM","Western","Jamwell"
"GM","Upper River","Jamwelly"
"GM","Western","Jamwelly"
"GM","Western","Jamwilli"
"GM","Western","Janack"
"GM","North Bank","Jana Kuyel"
"GM","Western","Janding Ba"
"GM","Western","Janding Jilahar"
"GM","Western","Janeck"
"GM","Central River","Janeh Kunda"
"GM","Western","Jane Kunda"
"GM","Western","Jangmarr"
"GM","Western","Jang-Maru"
"GM","Lower River","Janna Kunda"
"GM","Lower River","Janneh Kunda"
"GM","Western","Janweley"
"GM","Lower River","Jappeni"
"GM","Western","Jarbang"
"GM","Western","Jareng Ker Modou Warr"
"GM","Western","Jareng Ker Sait Sowe"
"GM","Western","Jaring Alieu M'Boge"
"GM","Western","Jaring Madi Jama"
"GM","Western","Jaring Mandinka"
"GM","Western","Jarjangfara"
"GM","North Bank","Jarju Kunda"
"GM","Upper River","Jar Kunda"
"GM","North Bank","Jarlang"
"GM","Western","Jarreng"
"GM","Western","Jarrol"
"GM","Central River","Jarrume Koto"
"GM","Central River","Jarrume Kuta"
"GM","Central River","Jarume Koto"
"GM","Central River","Jarume Kuta"
"GM","Lower River","Jasobo"
"GM","Western","Jassong"
"GM","Western","Jatabba"
"GM","Upper River","Jata"
"GM","Central River","Jataly"
"GM","Western","Jata Sutu"
"GM","Western","Jatikoi"
"GM","Western","Jattaba"
"GM","Western","Jatta Kunda"
"GM","Western","Jatta Sutu"
"GM","Upper River","Jau Kunda"
"GM","Upper River","Jawbeh Madeh"
"GM","Upper River","Jawbeh Modeh"
"GM","Central River","Jawbe"
"GM","Upper River","Jawla"
"GM","Central River","Jda"
"GM","Upper River","Jekka"
"GM","Upper River","Jendeh"
"GM","Lower River","Jenoi"
"GM","Western","Jenun Kunda"
"GM","Western","Jereh Kungoto"
"GM","North Bank","Jeriko"
"GM","Western","Jessadi"
"GM","Western","Jessadi Tenda"
"GM","Western","Jessadi Wharf Town"
"GM","Western","Jessida Tenda"
"GM","Western","Jeswang"
"GM","Western","Jiboroh"
"GM","Western","Jiboroh Kotor"
"GM","Western","Jiboroh Kuta"
"GM","Western","Jida"
"GM","Western","Jifarong"
"GM","Western","Jiffarong"
"GM","North Bank","Jiffet"
"GM","Lower River","Jiffin"
"GM","Western","Jifoni"
"GM","Lower River","Jigimar"
"GM","Western","Jillimfara"
"GM","Upper River","Jimara"
"GM","Western","Jimbala Fel N'Goh"
"GM","Western","Jimbala Ker Chandou"
"GM","Western","Jimbala Ker Kara"
"GM","Western","Jimbana"
"GM","North Bank","Jinak"
"GM","Central River","Jingory Manga"
"GM","Central River","Jingory Mustapha"
"GM","Western","Jiroff"
"GM","Western","Jiroff Tenda"
"GM","North Bank","Jirong"
"GM","North Bank","Jirrong"
"GM","North Bank","Jissa"
"GM","Western","Joba"
"GM","Lower River","Jobe Kunda"
"GM","Western","Jockul"
"GM","Central River","Jogdu"
"GM","Central River","Jokul"
"GM","Central River","Jokul Ndowen"
"GM","Central River","Joli Kah"
"GM","Western","Jollofin"
"GM","Lower River","Jomarr"
"GM","Western","Jombiya"
"GM","Western","Jom Kunda"
"GM","Western","Jongerr"
"GM","Western","Jorem Bunda Kunda"
"GM","Western","Jorem Drameh Kunda"
"GM","Western","Jorem"
"GM","Western","Joren"
"GM","North Bank","Jowara"
"GM","Upper River","Juburruya"
"GM","Western","Jufureh"
"GM","Western","Jufuri"
"GM","Lower River","Jula Kunda"
"GM","Western","Juma Kunda"
"GM","Western","Jumakunda"
"GM","North Bank","Jumansari"
"GM","North Bank","Jumansari Korto"
"GM","North Bank","Jumansari Koto"
"GM","Western","Jumaru"
"GM","Upper River","Jum Bakary"
"GM","Upper River","Jum Mankama"
"GM","Central River","Junku"
"GM","Lower River","Juoli"
"GM","Upper River","Jurro Kunda"
"GM","Western","Jurunku"
"GM","Western","Jwenkelly"
"GM","Central River","Ka-Ai"
"GM","Upper River","Kabakama"
"GM","Western","Kaba Kotor"
"GM","Western","Kabamba"
"GM","Western","Kabekel"
"GM","North Bank","Kabokor"
"GM","Western","Kabomb"
"GM","Western","Kachow Nding"
"GM","Western","Kachuma"
"GM","Western","Kafaya"
"GM","Western","Kafenkena"
"GM","Western","Kafenkeng"
"GM","Western","Kaffenkeng"
"GM","Western","Kafuta"
"GM","Western","Kafuta Tubung"
"GM","Western","Kafuta Tumbung"
"GM","Central River","Kahan"
"GM","Central River","Kahone"
"GM","Central River","Kahow"
"GM","Lower River","Kaiaf"
"GM","Western","Kaianga"
"GM","North Bank","Kaie"
"GM","Central River","Kai Hai Fula Kunda"
"GM","Central River","Kai Hai"
"GM","Western","Kai Hai"
"GM","North Bank","Kaijara"
"GM","Western","Kaimbalaing"
"GM","Western","Kaimbujae"
"GM","Western","Kaimbujae Nding"
"GM","Western","Kaiyabor"
"GM","North Bank","Kajabina"
"GM","North Bank","Kajata"
"GM","Western","Kakudia"
"GM","Western","Kalagi"
"GM","Western","Kalaja"
"GM","Western","Kalaji"
"GM","Western","Kalang"
"GM","Lower River","Kalataba"
"GM","Central River","Kalem Pol"
"GM","Western","Kaleng"
"GM","Western","Kalikajara"
"GM","Central River","Kali Kunda"
"GM","Western","Kalimu"
"GM","Western","Kaling"
"GM","Western","Kallang"
"GM","Western","Kamamudu"
"GM","Western","Kambagali"
"GM","Western","Kambagol"
"GM","Western","Kambalayba"
"GM","Western","Kambalin"
"GM","Upper River","Kambele"
"GM","Central River","Kambi"
"GM","Western","Kambong"
"GM","Western","Kambuji"
"GM","Western","Kamemero"
"GM","Western","Kamenero"
"GM","Western","Kamessen"
"GM","Western","Kamessing"
"GM","Western","Kamfenda"
"GM","Western","Kamos"
"GM","Western","Kampant"
"GM","Western","Kampassa"
"GM","Upper River","Kamunakore"
"GM","Upper River","Kanape"
"GM","Western","Kanau"
"GM","Upper River","Kandimai"
"GM","North Bank","Kandong"
"GM","North Bank","Kandonk"
"GM","Western","Kanfinda"
"GM","Western","Kangalabata"
"GM","Western","Kangiramba"
"GM","Western","Kangwalli"
"GM","Western","Kanifing Industrial Estate"
"GM","Western","Kanifing"
"GM","Lower River","Kani Kunda"
"GM","Lower River","Kani Kunda Wharf Town"
"GM","Western","Kanilai"
"GM","North Bank","Kanjabina"
"GM","Western","Kanjending"
"GM","Western","Kanjeramba"
"GM","Western","Kanjibat"
"GM","Western","Kanjiramba"
"GM","Western","Kanjundu"
"GM","Western","Kankuntu"
"GM","Western","Kankuran"
"GM","Western","Kansala"
"GM","Western","Kansambou"
"GM","Upper River","Kantale Kunda"
"GM","Western","Kantimba"
"GM","Western","Kantong Kunda"
"GM","Western","Kanton Kunda"
"GM","Western","Kantora"
"GM","Upper River","Kanube"
"GM","Upper River","Kanube Tenda"
"GM","Lower River","Kanuma"
"GM","Western","Kanuma"
"GM","North Bank","Kanuma"
"GM","Central River","Kaolang"
"GM","Western","Kapongah"
"GM","Central River","Kara"
"GM","Western","Karanai"
"GM","Central River","Karantaba Dutu Koto"
"GM","Lower River","Karantaba"
"GM","Central River","Karantaba"
"GM","Upper River","Karantaba"
"GM","North Bank","Karantaba"
"GM","Central River","Karantaba Tabokoto"
"GM","Central River","Karantaba Tenda"
"GM","Central River","Karantaba Tukulor"
"GM","Central River","Karantaba Wolloff"
"GM","Central River","Karantaba Woloff"
"GM","Upper River","Karaoli"
"GM","Western","Karewan"
"GM","Western","Karmanka"
"GM","Western","Karrol"
"GM","Upper River","Karsi Kunda"
"GM","Western","Kartung"
"GM","Western","Kasa Kunda"
"GM","North Bank","Kashan"
"GM","North Bank","Kasila"
"GM","Central River","Kas Malal Bah"
"GM","Central River","Kas N'Jaibal"
"GM","Western","Kassagne"
"GM","Western","Kassang"
"GM","Central River","Kass"
"GM","Central River","Kass Malal Bah"
"GM","Central River","Kass N'Jaibal"
"GM","Central River","Kass Perom"
"GM","Central River","Kass Wollof"
"GM","Central River","Kass Yallal"
"GM","Central River","Kas Yallal"
"GM","Lower River","Kataba"
"GM","Central River","Kataba"
"GM","Lower River","Kataba Mandinka"
"GM","Lower River","Kataba Mbap"
"GM","Central River","Kataba Omar Ndow"
"GM","Central River","Kataba Sering Kah"
"GM","Lower River","Katabatata"
"GM","Western","Katamina"
"GM","North Bank","Katchang"
"GM","North Bank","Katchang Tenda"
"GM","Western","Katimina"
"GM","Western","Katokorr"
"GM","Central River","Kattaba"
"GM","North Bank","Kaur"
"GM","Western","Kau-Ur"
"GM","Western","Kawali"
"GM","Western","Kayabor"
"GM","Central River","Kayainding"
"GM","Western","Kayimu Bintang"
"GM","Western","Kayimu"
"GM","Western","Kayrang"
"GM","Upper River","Kebbe"
"GM","Western","Kebbe"
"GM","Upper River","Kebbe Kunda"
"GM","North Bank","Kekuta Kunda"
"GM","Western","Kembuje"
"GM","Lower River","Kemoto"
"GM","Upper River","Kendalu"
"GM","Lower River","Keneba"
"GM","Western","Keninding Saibali"
"GM","Lower River","Kenniang"
"GM","Lower River","Kenniba"
"GM","Upper River","Kenniba"
"GM","Lower River","Keno Koto"
"GM","Western","Ker Abdou Fady"
"GM","Central River","Ker Abdu"
"GM","Lower River","Ker Ali"
"GM","Central River","Keralima"
"GM","Western","Ker Alpha"
"GM","Western","Ker Alpha Sana"
"GM","North Bank","Ker Ardo"
"GM","Western","Ker Bakary"
"GM","Central River","Ker Bakary Salla"
"GM","Western","Ker Bamba"
"GM","Lower River","Ker Bamba Lowe"
"GM","Lower River","Ker Bambo Lowe"
"GM","North Bank","Ker Banno"
"GM","Western","Ker Batch"
"GM","North Bank","Ker Batram Yasin"
"GM","Western","Ker Bessenti"
"GM","Western","Ker Biggie"
"GM","North Bank","Ker Biram Kardo"
"GM","North Bank","Ker Biram Yasin"
"GM","Lower River","Ker Biram Yassin"
"GM","North Bank","Ker Biram Yassin"
"GM","Western","Ker Biran Kani"
"GM","Western","Ker Biran"
"GM","Lower River","Ker Biran Yassin"
"GM","Western","Ker Chaindu"
"GM","Western","Ker Chandeh"
"GM","Western","Ker Chende"
"GM","Western","Ker Dekordeh"
"GM","Western","Ker Demba Gabu"
"GM","Western","Ker Demba"
"GM","Western","Ker-Dobally"
"GM","Western","Ker Dobaly"
"GM","North Bank","Kerevane"
"GM","Central River","Kerewan Duto Koto"
"GM","Central River","Kerewan"
"GM","Upper River","Kerewan"
"GM","Western","Kerewan"
"GM","North Bank","Kerewan"
"GM","Central River","Kerewan Samba Sira"
"GM","North Bank","Ker Famara"
"GM","Western","Ker Ganyado"
"GM","North Bank","Ker Geryado"
"GM","Western","Ker Gido"
"GM","Western","Ker Goolgor"
"GM","North Bank","Ker Gumalo"
"GM","Lower River","Ker Halli"
"GM","North Bank","Ker Hardo"
"GM","Western","Ker Ibra"
"GM","North Bank","Ker Illo Buya"
"GM","Western","Ker Jabel"
"GM","Western","Ker Jah"
"GM","Western","Ker Jaho"
"GM","Western","Ker Janko"
"GM","Western","Ker Jarga"
"GM","North Bank","Ker Jarga"
"GM","Western","Ker Jatta"
"GM","North Bank","Ker Jawbe"
"GM","Western","Ker Jibby"
"GM","Western","Ker Jibel"
"GM","Western","Ker Juma"
"GM","North Bank","Ker Kalim"
"GM","Western","Ker Katim"
"GM","North Bank","Ker Katim"
"GM","Western","Ker Kossa"
"GM","North Bank","Ker Lelly"
"GM","Western","Ker Lien"
"GM","Western","Ker Mademba"
"GM","Western","Ker Madi"
"GM","Western","Ker Maila"
"GM","Western","Ker Majara"
"GM","North Bank","Ker Majojo"
"GM","Western","Ker Maka"
"GM","Western","Ker Maka Tukulor"
"GM","Western","Ker Malick Abdou Njie"
"GM","Western","Ker Malick"
"GM","Western","Ker Malick Sarr"
"GM","Western","Ker Malima"
"GM","Western","Ker Mama Hugo"
"GM","Western","Ker Mama"
"GM","Western","Ker Mamour Fatim"
"GM","North Bank","Ker Mari"
"GM","North Bank","Ker Marjow"
"GM","North Bank","Ker Mata Jeme"
"GM","Western","Ker M'Bouguma"
"GM","Western","Ker Mod Hali"
"GM","Western","Ker Modi Hali"
"GM","North Bank","Ker Modi Teddy"
"GM","Western","Ker Mod"
"GM","Western","Ker Momodou Fana"
"GM","Western","Ker Musa"
"GM","Central River","Ker N'Gaien"
"GM","Central River","Ker Ngaien"
"GM","Western","Ker N'Gatta"
"GM","Western","Ker N'Gissay"
"GM","Western","Ker N'Gojan"
"GM","Western","Ker Ngonyan"
"GM","Western","Ker Ngor"
"GM","North Bank","Ker N'Gor"
"GM","Western","Ker Ngumbo"
"GM","Central River","Ker Niada"
"GM","Western","Ker N'Jugari"
"GM","Lower River","Ker Njugar Ndure"
"GM","Central River","Ker Omar Dahor"
"GM","Western","Ker Omar Mane"
"GM","North Bank","Ker Omar Saine"
"GM","Western","Ker Ousman Buso"
"GM","Lower River","Ker Pateh"
"GM","North Bank","Ker Pate Kore"
"GM","Western","Ker Patteh"
"GM","Central River","Kerr Sait Maram"
"GM","Western","Ker Saderr Jobe"
"GM","Western","Ker Sain Musa"
"GM","Western","Ker Sait Cham"
"GM","Central River","Ker Sait Maram"
"GM","Western","Ker Sait Maram"
"GM","Western","Ker Samba Kalla"
"GM","Central River","Ker Samba"
"GM","North Bank","Ker Samba"
"GM","North Bank","Ker Samba Kumda"
"GM","Western","Ker Samba N'Jabeh"
"GM","Western","Ker Samba N'Jobbeh"
"GM","Central River","Ker Samba Sowe"
"GM","North Bank","Ker Samba Sow"
"GM","Western","Ker Samba Yassin"
"GM","Western","Ker Sam Boye"
"GM","Western","Ker Saniang"
"GM","Western","Ker Selleh"
"GM","Western","Ker Serigne Njaga"
"GM","Western","Ker Sering Jabel"
"GM","Western","Ker Sering N'Jie"
"GM","North Bank","Ker Shikh Taal"
"GM","Western","Ker Sidyke"
"GM","Western","Ker Sidy"
"GM","North Bank","Ker Silla"
"GM","Upper River","Ker Singarteh"
"GM","Western","Ker Sirrai"
"GM","Western","Ker Tamsir"
"GM","Western","Ker Tiendu"
"GM","Western","Ker Tiern"
"GM","Western","Ker Tierno"
"GM","Western","Ker Waka"
"GM","Western","Ker Wally"
"GM","Western","Ker Werrigo"
"GM","Western","Ker Yoro Bah"
"GM","Western","Ker Yoro Jallow"
"GM","Lower River","Ker Yoro Sowe"
"GM","Central River","Kesereh"
"GM","North Bank","Ket Kuli"
"GM","Central River","Kewal"
"GM","Central River","Kewel"
"GM","Upper River","Khayell Bessell"
"GM","Central River","Khewal"
"GM","Central River","Kiberi"
"GM","Western","Kidi Kunda"
"GM","North Bank","Kidi Kunda"
"GM","Western","Killa"
"GM","Western","Killing"
"GM","Western","Killy"
"GM","North Bank","Kinteh Kunda"
"GM","North Bank","Kinti Kunda"
"GM","Upper River","Kiskisi"
"GM","Western","Kissay"
"GM","Western","Kiti"
"GM","Western","Kiti Manjago"
"GM","Upper River","Kobotor"
"GM","Western","Kofa"
"GM","Lower River","Kohel"
"GM","Upper River","Koina"
"GM","Upper River","Koina Tenda"
"GM","Upper River","Kolibantang"
"GM","Central River","Koli Kunda"
"GM","Upper River","Koli Kunda"
"GM","Western","Koli Kunda"
"GM","Upper River","Kolinto"
"GM","Lower River","Kolior"
"GM","Western","Kololi"
"GM","Western","Komansor"
"GM","Central River","Konko Fulla"
"GM","Central River","Konkohdoma"
"GM","Central River","Konko Koto"
"GM","Western","Konteh"
"GM","North Bank","Konti Kunda"
"GM","North Bank","Konti Kunda Niji"
"GM","North Bank","Konti Kunda Sukoto"
"GM","Central River","Kora"
"GM","Upper River","Koro Numa Kunda"
"GM","Upper River","Korro Jula Kunda"
"GM","Upper River","Kossema"
"GM","Western","Kossema"
"GM","Upper River","Kossemar Dembell"
"GM","Upper River","Kossemar"
"GM","Upper River","Kossemar Mamodu Sutu"
"GM","Upper River","Kossemar Momadu Sutu"
"GM","Western","Kotu"
"GM","Upper River","Kristi Kunda"
"GM","Upper River","Kuari"
"GM","Western","Kubariko"
"GM","Lower River","Kubendar"
"GM","Western","Kubune"
"GM","Western","Kubuni"
"GM","Central River","Kucha"
"GM","Central River","Kudang"
"GM","Western","Kudang"
"GM","Western","Kudang Tenda"
"GM","Western","Kudang Wharf"
"GM","Central River","Kuiran"
"GM","Central River","Kujew"
"GM","Upper River","Kukuyal"
"GM","Upper River","Kukuyel"
"GM","Upper River","Kulari"
"GM","Upper River","Kular"
"GM","Central River","Kulibanta"
"GM","Western","Kuli Kunda"
"GM","Upper River","Kulkulel"
"GM","Western","Kuloro"
"GM","Western","Kulukoch"
"GM","Western","Kumbaney"
"GM","Western","Kumbani"
"GM","Lower River","Kumbijae"
"GM","Lower River","Kumbija"
"GM","Upper River","Kumbija"
"GM","Western","Kumbija"
"GM","Upper River","Kumbita"
"GM","Upper River","Kumbul"
"GM","Upper River","Kunda"
"GM","Western","Kunda"
"GM","Upper River","Kundam Demba"
"GM","Upper River","Kundam Fode"
"GM","Upper River","Kundam"
"GM","Upper River","Kundum"
"GM","North Bank","Kungeru"
"GM","Upper River","Kunjala"
"GM","Western","Kunjenjen"
"GM","Lower River","Kunjetta"
"GM","Lower River","Kunjung"
"GM","Western","Kunkujang Jattaya"
"GM","Western","Kunkujang"
"GM","Western","Kunkujang Manjago"
"GM","Western","Kunkujang Nding"
"GM","Western","Kunkujan Jataya"
"GM","Western","Kunkujan"
"GM","Western","Kunong Fula Kunda"
"GM","Western","Kunong Mansasansang"
"GM","Western","Kunong Numu Kunda"
"GM","North Bank","Kuntair"
"GM","Central River","Kuntaur Fula Kunda"
"GM","Central River","Kuntaur"
"GM","Central River","Kunting"
"GM","Central River","Kununku"
"GM","Upper River","Kuoba Kunda"
"GM","Upper River","Kuoba"
"GM","Upper River","Kuonko"
"GM","Lower River","Kurang Kotor"
"GM","Upper River","Kurau Bakari"
"GM","Upper River","Kurau Kemo Arfang"
"GM","Upper River","Kurau"
"GM","Western","Kurinulain"
"GM","Central River","Kur Kur Yoro Mballow"
"GM","Lower River","Kurong Kortor"
"GM","Lower River","Kurong Kotor"
"GM","Central River","Kurop"
"GM","Central River","Kurup"
"GM","Upper River","Kuryande"
"GM","Upper River","Kusa Burey"
"GM","Upper River","Kusaie"
"GM","Central River","Kusalang"
"GM","Western","Kusamai"
"GM","Lower River","Kusassa"
"GM","Upper River","Kusi"
"GM","Western","Kussamai"
"GM","Upper River","Kusun"
"GM","Central River","Kutcha"
"GM","Lower River","Kuyang"
"GM","Central River","Kuyarang"
"GM","Western","Kwinella"
"GM","Western","Labba Korreh"
"GM","North Bank","Laliya"
"GM","Central River","Lama"
"GM","Western","Lameng"
"GM","Western","Lamin Beretto"
"GM","Central River","Lamin Koto"
"GM","Central River","Lamin"
"GM","Western","Lamin"
"GM","Central River","Lamoi"
"GM","Lower River","Lang Sarr"
"GM","Western","Lang Sarr"
"GM","Central River","Larlagoi"
"GM","Western","Latra Kunda"
"GM","Western","Latra Sabiji"
"GM","Western","Latra Sibige"
"GM","Western","Latri Kunda"
"GM","Western","Latri Kundal"
"GM","Western","Latrikunda Sabiji"
"GM","Western","Latri"
"GM","Western","Latri Sabiji"
"GM","Western","Leba Biji"
"GM","Western","Leba"
"GM","Western","Leba Mali Mbye"
"GM","Western","Leba Pegail"
"GM","Western","Leba Samba"
"GM","Western","Leba Sasuna"
"GM","Western","Leese Ya"
"GM","Upper River","Legi Kunda"
"GM","Western","Lewna"
"GM","Upper River","Limbambulu"
"GM","Western","Linjanya"
"GM","Western","Little Banjul"
"GM","Central River","Logo Moji"
"GM","Western","Lohen"
"GM","Western","Luluchore"
"GM","North Bank","Lumang"
"GM","Lower River","Lumen"
"GM","Central River","Mabali Kotor"
"GM","Central River","Mabali Kuta"
"GM","Western","Macca"
"GM","Western","Mademba"
"GM","Central River","Madiana"
"GM","Western","Madiana"
"GM","North Bank","Madi"
"GM","Western","Madina Adam"
"GM","Central River","Madina Alpha"
"GM","Western","Madina Bafuloto"
"GM","Upper River","Madina Bala"
"GM","Western","Madina Dabo Kunda"
"GM","Central River","Madina Demba"
"GM","Central River","Madina Fula Balde"
"GM","Upper River","Madina Fula Kunda"
"GM","Central River","Madina Jawbeh"
"GM","Upper River","Madina Kuru"
"GM","Upper River","Madina Kuta"
"GM","Western","Madina Madi"
"GM","Lower River","Madina"
"GM","Central River","Madina"
"GM","Upper River","Madina"
"GM","Western","Madina"
"GM","North Bank","Madina"
"GM","Western","Madina Mbaien"
"GM","Central River","Madina N'Jaien"
"GM","Western","Madina Njaien"
"GM","Central River","Madina Njaine"
"GM","Western","Madina Njugari"
"GM","Central River","Madina N'Yang-En"
"GM","Upper River","Madina Sadda"
"GM","Western","Madina Sey Kunda"
"GM","Central River","Madina Sinchu Yoro"
"GM","Western","Madina Talakoto"
"GM","Upper River","Madina Tenda"
"GM","Central River","Madina Tujeng"
"GM","Central River","Madina Tunjang"
"GM","Central River","Madina Umfally"
"GM","Central River","Madina Yoro Sowe"
"GM","Western","Maga Geyor"
"GM","Western","Mahmuda"
"GM","Western","Mahnyinah"
"GM","North Bank","Maidi"
"GM","North Bank","Maimeh"
"GM","Western","Maindina Ba"
"GM","North Bank","Majama Kunda"
"GM","Western","Maka Bala Mana"
"GM","Lower River","Maka Farafenni"
"GM","Central River","Maka Gui"
"GM","Western","Maka Gui"
"GM","Upper River","Makajan Kunda"
"GM","Upper River","Makajan"
"GM","Central River","Maka"
"GM","Upper River","Maka"
"GM","Western","Maka"
"GM","Western","Makama"
"GM","Western","Maka Njen Jam"
"GM","Western","Maka Omar Manneh"
"GM","Western","Maka Wollof"
"GM","Western","Makka"
"GM","Western","Makumbaya"
"GM","Western","Male Kunda"
"GM","Upper River","Maliky Mansong"
"GM","Upper River","Malubaliya"
"GM","Upper River","Mamadi Ceesay"
"GM","Upper River","Mamadi Sisi"
"GM","Upper River","Mampata Yeli"
"GM","Western","Mamu Fana"
"GM","Lower River","Manar"
"GM","Central River","Manda"
"GM","Western","Mandina Bah"
"GM","Western","Mandinaba"
"GM","Western","Mandina Ba"
"GM","Lower River","Mandina"
"GM","Western","Mandina"
"GM","Western","Mandinari"
"GM","Upper River","Mandingko"
"GM","Central River","Mandingo"
"GM","North Bank","Mandori"
"GM","Lower River","Mandua"
"GM","Western","Manduari"
"GM","Lower River","Manduar"
"GM","Western","Manduar"
"GM","Upper River","Mane Kunda"
"GM","Central River","Mangiumba"
"GM","Western","Manjaharr"
"GM","Western","Manjai Kunda"
"GM","Western","Manjal Kunda"
"GM","Central River","Mankajang"
"GM","Central River","Manna"
"GM","Upper River","Manneh Kunda"
"GM","Upper River","Mano Kotor"
"GM","Western","Manong"
"GM","Upper River","Manor Koto"
"GM","Upper River","Mansajang Kunda"
"GM","Lower River","Mansa Konko"
"GM","Upper River","Mansa Kunda"
"GM","Western","Mansakunda"
"GM","Western","Mansal"
"GM","Upper River","Mansong"
"GM","Western","Marakissa"
"GM","Central River","Mara Magai"
"GM","Western","Mariama Kunda"
"GM","Western","Marige"
"GM","Lower River","Marka Farafenni"
"GM","North Bank","Marrong Kunda"
"GM","Western","Marsai"
"GM","Central River","Massembe Chandere"
"GM","Lower River","Massembe"
"GM","Central River","Maundeh Kunda"
"GM","Western","Mauwhunda Kunda"
"GM","North Bank","Mayamba"
"GM","Western","Mayork"
"GM","Upper River","M'Baia"
"GM","Western","Mbaien Burama"
"GM","Western","Mbaien Chand Mbye"
"GM","Central River","M'Baien Fulla"
"GM","Western","Mbaien Ker Nyang"
"GM","Western","Mbaien Maka"
"GM","Lower River","Mbaien"
"GM","Western","Mbaien"
"GM","Central River","Mbaien Sara Kumba Kah"
"GM","Central River","Mbaien Wollof"
"GM","Upper River","Mballo Kunda"
"GM","North Bank","Mbamori Kunda"
"GM","Lower River","Mbange Ndarra"
"GM","North Bank","Mbangkama"
"GM","Central River","Mban"
"GM","Lower River","Mbap Ba"
"GM","Lower River","Mbap Marigay"
"GM","Central River","Mbaro"
"GM","Western","Mbarra Kunku"
"GM","Central River","M'Bawarr"
"GM","North Bank","M'Bengkama"
"GM","Western","Mbogen"
"GM","Central River","Mbol Bouk"
"GM","North Bank","M'Bolett"
"GM","Western","Mbolgoh"
"GM","North Bank","Mbollet Bah"
"GM","North Bank","M'Bollet"
"GM","Western","M'Bollet N'Ding"
"GM","Western","M'Bowen"
"GM","Western","Mbulgurk"
"GM","Central River","Mbul Manda"
"GM","Western","Mbulum"
"GM","Western","M'Bulum"
"GM","Upper River","Mbye Kunda"
"GM","Lower River","Mbye Niake"
"GM","Western","Medina Dudu"
"GM","Western","Medina-Duisi"
"GM","Upper River","Medina Jambol"
"GM","North Bank","Medina Kanuma"
"GM","Western","Medina Manneh"
"GM","Western","Medina Mannen"
"GM","Central River","Medina"
"GM","Upper River","Medina"
"GM","Western","Medina"
"GM","Western","Medina Modum"
"GM","Western","Medina Njama"
"GM","Western","Medina Njammeh Sise"
"GM","Western","Medina Njien"
"GM","Western","Medina Sacheboe"
"GM","Western","Medina Sedia"
"GM","Western","Medina Seringe Mass"
"GM","Western","Medina Sering Mas"
"GM","Western","Medina Sering Mass"
"GM","Western","Medina Sering Njie"
"GM","Western","Medina Sotokoi"
"GM","Western","Medina Suware Kunda"
"GM","North Bank","Memmeh"
"GM","North Bank","Memme"
"GM","Western","Mendy Kunda"
"GM","Western","Meris"
"GM","Central River","Mesaith Sayan"
"GM","Lower River","Mina"
"GM","Western","Minjang"
"GM","North Bank","Minti Kunda"
"GM","Western","Misera Fafa Jow"
"GM","Central River","Misera"
"GM","Upper River","Misera"
"GM","Western","Misera"
"GM","North Bank","Misira Alhaji"
"GM","Western","Misira Fafa Jow"
"GM","Lower River","Misira"
"GM","Central River","Misira"
"GM","Western","Misira"
"GM","North Bank","Misira"
"GM","Western","Misira Sambail Cham"
"GM","Central River","Misira Toben"
"GM","Western","Missera Amadou Badjan"
"GM","Central River","Missira Mbaien"
"GM","Upper River","Missira"
"GM","Central River","Missira Ngain Tanu"
"GM","Western","Missira Patteh"
"GM","Lower River","Missira Tenda"
"GM","Upper River","Missir"
"GM","Western","Modi Kulo"
"GM","Western","Modouya"
"GM","Upper River","Modu Jawo Kunda"
"GM","Upper River","Momadu Kunda"
"GM","Upper River","Momodu Kunda"
"GM","Western","Monong"
"GM","Upper River","Morbugu"
"GM","Upper River","Mousa Nding Kunda"
"GM","Lower River","M'Palen"
"GM","Western","Mukumbaya"
"GM","Central River","Mundong"
"GM","Lower River","Munku Talla"
"GM","North Bank","Munya Gen"
"GM","Upper River","Mure Kunda"
"GM","Central River","Muritabeh"
"GM","Western","Musa Deba"
"GM","Upper River","Musa Kunda"
"GM","North Bank","Myamba"
"GM","Upper River","Nafugan"
"GM","Upper River","Nafuka"
"GM","Western","Nana"
"GM","Lower River","Naneko"
"GM","Western","Nanetto"
"GM","Western","Naningkoi"
"GM","Western","Napoli"
"GM","Upper River","Naude"
"GM","Central River","N'Baien"
"GM","Lower River","N'Daharr"
"GM","Western","Ndakar Angleh"
"GM","Western","Ndakaru"
"GM","Western","Ndangen"
"GM","Lower River","Ndanka Ndanka"
"GM","North Bank","Ndemban Ba"
"GM","North Bank","Ndemban Chapechum"
"GM","North Bank","N'Demba N'Ding"
"GM","North Bank","Ndemban Jola"
"GM","North Bank","N'Demban"
"GM","Upper River","Ndimbo"
"GM","Western","Ndimbuya Romba"
"GM","Upper River","Ndimo"
"GM","Upper River","N'Ding Madina"
"GM","Western","N'Dofan"
"GM","Central River","N'Dorna"
"GM","Central River","N'Dorrna"
"GM","Lower River","Ndowen"
"GM","Western","Ndrammeh"
"GM","Western","N'Dungu Charen"
"GM","Western","N'Dungu Kebbeh"
"GM","Western","N'Dungu Kebbe"
"GM","North Bank","Nduren"
"GM","Central River","Nema Kunda"
"GM","Western","Nema Kunku"
"GM","Western","Nemakunku"
"GM","Western","Nema Kunku"
"GM","Western","Nema Kuta"
"GM","Lower River","Nema"
"GM","Central River","Nema"
"GM","Western","Nema"
"GM","North Bank","Nema"
"GM","Western","Neman Kunda"
"GM","Western","Nemasamba"
"GM","Central River","Nemataba"
"GM","Lower River","Nettebiri"
"GM","Western","New Kembuji"
"GM","Lower River","Ngaien Beretto"
"GM","Central River","N'Gaien"
"GM","Upper River","N' Gai Golore"
"GM","Central River","N'Gale Kunda"
"GM","Upper River","Ngallen"
"GM","Western","Nganingkoi"
"GM","Western","Ngawar"
"GM","Western","N'Gawarr"
"GM","Central River","Ngayene"
"GM","Central River","N'Gayen"
"GM","Western","Ngeden"
"GM","Lower River","N'Geyen Fula"
"GM","Western","N'Geyen Ker Farba N'Daw"
"GM","Western","N'Geyen"
"GM","Lower River","N'Geyen Sabach"
"GM","Lower River","N'Geyen Sanjal"
"GM","North Bank","Nghato Norr"
"GM","Lower River","N'Gien Beretto"
"GM","Lower River","N'Gien"
"GM","Western","Ngike"
"GM","Lower River","Ngooka"
"GM","Lower River","Ngueur"
"GM","Central River","Niahen"
"GM","Central River","Niakoi"
"GM","North Bank","Niambalon"
"GM","North Bank","Niambolon"
"GM","Western","Niana Farra"
"GM","Central River","Nianga"
"GM","Central River","Nianha"
"GM","Central River","Niani Baia"
"GM","Central River","Niani Bantang"
"GM","Western","Nianija"
"GM","Upper River","Niani Kunda"
"GM","Central River","Niani Marigo"
"GM","Central River","Niani Maro"
"GM","Central River","Niani Maru"
"GM","Upper River","Niankui"
"GM","Upper River","Niankwi"
"GM","Western","Niawoorulung"
"GM","Central River","Nibras"
"GM","Upper River","Niji"
"GM","Western","Niji"
"GM","North Bank","Niji"
"GM","Western","Nila Koto"
"GM","Western","Nimsat"
"GM","Western","Nioro Bamba"
"GM","Western","Nioro Buba Njie"
"GM","Central River","Nioro Demba Njie"
"GM","Western","Nioro Ebrima Won"
"GM","Western","Nioro Jattaba"
"GM","Western","Nioro"
"GM","Western","Nioro Tukulore"
"GM","Western","Nioro Wollof"
"GM","North Bank","Nirabaya"
"GM","North Bank","N'Jaba Kunda"
"GM","North Bank","Njabba Kunda"
"GM","Lower River","Njabo"
"GM","Upper River","Njaga Jarry"
"GM","Upper River","N'Jagga Jarry"
"GM","Lower River","N'Jaien"
"GM","Central River","Njai Kunda"
"GM","Western","Njai Kunda"
"GM","Upper River","N'Ja Kunda"
"GM","North Bank","Nja Kunda"
"GM","North Bank","N'Ja Kunda"
"GM","Central River","N'Jalal"
"GM","Central River","N'Jalal Pole"
"GM","Central River","Njalal Tukulor"
"GM","Central River","Njallal"
"GM","Upper River","N'Jal Mbye"
"GM","Western","Njama Fafa Sise"
"GM","Western","N'Jama"
"GM","Western","Njambour"
"GM","Lower River","Njamburr"
"GM","Central River","N'Jameng Kunda"
"GM","Lower River","Njangen"
"GM","Central River","N'Jareng Kunda"
"GM","Upper River","Njarinjofa"
"GM","Upper River","Njarinjota"
"GM","Upper River","Njarinjufa"
"GM","Upper River","N'Jarry Njoffa"
"GM","Western","Njau Jahu"
"GM","Western","N'Jau"
"GM","Western","Njau"
"GM","Upper River","Njayel"
"GM","Western","N'Jeng-En"
"GM","Lower River","N'Jenghen"
"GM","Lower River","Njenghen Njie Kunda"
"GM","Lower River","N'Jie Kunda"
"GM","Central River","Njie Kunda"
"GM","Western","Njie Kunda"
"GM","North Bank","N'Jie Kunda"
"GM","North Bank","Njie Kundaring"
"GM","Western","Njoba Kunda"
"GM","Central River","N'Joben Fula"
"GM","Central River","N'Joben"
"GM","Central River","Njoben"
"GM","Central River","N'Joben"
"GM","Western","N'Joben"
"GM","Western","Njoben Samba Narr Bah"
"GM","Central River","Njoben Tukulor"
"GM","Central River","Njoben Wollof"
"GM","Western","Njogoben"
"GM","North Bank","Njohnen"
"GM","Western","N'Jok"
"GM","Western","Njolfen"
"GM","Western","Njongon"
"GM","Western","N'Joofain"
"GM","Central River","N'Joren"
"GM","Lower River","Njugar Kunda"
"GM","Upper River","Nkea Kunda"
"GM","Upper River","Nobakunda"
"GM","North Bank","No Kunda Fula"
"GM","North Bank","No Kunda"
"GM","North Bank","Nowleru"
"GM","North Bank","N'Toro Alasan"
"GM","North Bank","N'Toro Baien"
"GM","North Bank","N'Toro Taim"
"GM","North Bank","N'Toro Tem"
"GM","Upper River","Numu Kunda Kotor"
"GM","Lower River","Numu Kunda"
"GM","Upper River","Numu Kunda"
"GM","Western","Numu Kunda"
"GM","Upper River","Numyell"
"GM","Western","Nyaffy"
"GM","Western","Nyafui"
"GM","Upper River","Nyamanari"
"GM","Central River","Nyanga Bantang"
"GM","Central River","Nyangan"
"GM","Central River","N'Yang-En Baba N'Yang"
"GM","Central River","N'Yang-En"
"GM","North Bank","Nyangit"
"GM","Lower River","N'Yang Kunda"
"GM","North Bank","Nyirba"
"GM","Western","Nyofellah Madina"
"GM","Western","Nyofellah Manjago"
"GM","Western","Nyofelleh Madina"
"GM","Western","Nyofelleh Manjago"
"GM","Western","Nyofelleh"
"GM","Western","Nyorro"
"GM","Western","Oceesay Kunday"
"GM","Western","Old-Busumbala"
"GM","Central River","Old Fort George"
"GM","Western","Old Jeshwang"
"GM","Western","Old Jeswang"
"GM","Western","Old Kembuji"
"GM","Western","Old Yundum"
"GM","Western","Omar Jowara"
"GM","Western","Omortoh"
"GM","Central River","Pachari Konoh Ba"
"GM","Central River","Pachari Sana"
"GM","Western","Pacholi"
"GM","Upper River","Pachunko"
"GM","North Bank","Paima"
"GM","Lower River","Pakala"
"GM","Western","Pakala"
"GM","Western","Pakali Ba"
"GM","Lower River","Pakali Nding"
"GM","Western","Pakan"
"GM","Western","Pakao Ibrai"
"GM","Western","Pakao Penku"
"GM","Western","Pakau Ba"
"GM","Western","Pakau Penku"
"GM","Western","Pakela Demba Colleh"
"GM","Western","Pakkau"
"GM","Western","Pakolar"
"GM","Lower River","Pakuba"
"GM","Western","Palaka"
"GM","Western","Palelai"
"GM","Lower River","Palen Fula"
"GM","Western","Palen N'Dimba"
"GM","North Bank","Palen"
"GM","Lower River","Palen Sanjal"
"GM","Lower River","Palen Wollof"
"GM","Central River","Pallan Mandinka"
"GM","Central River","Pallan"
"GM","Central River","Pallan Toranka"
"GM","Central River","Pallol"
"GM","Central River","Pallol Pol Ollof"
"GM","Western","Panchang Madi Fana"
"GM","Western","Panchang"
"GM","Central River","Panchari Sana"
"GM","Western","Pancholi"
"GM","North Bank","Panne Ba"
"GM","North Bank","Panne"
"GM","Western","Pappa"
"GM","Western","Passi Challi"
"GM","Western","Passi Mamut"
"GM","Upper River","Passimu"
"GM","Lower River","Passi Mut"
"GM","Western","Passi"
"GM","Central River","Patchari"
"GM","Central River","Patchari Sana"
"GM","Upper River","Patchunko"
"GM","Central River","Pateh Sam"
"GM","Western","Pateh Ya"
"GM","Central River","Pate"
"GM","North Bank","Payama"
"GM","Western","Pelngo"
"GM","Western","Penjem"
"GM","Western","Penjemu"
"GM","Upper River","Perai Memadi"
"GM","Upper River","Perai"
"GM","Upper River","Perai Tenda"
"GM","Western","Pignai"
"GM","Western","Pimak"
"GM","Western","Piniai Fula Kunda"
"GM","Western","Piniai Mandinka"
"GM","Western","Piniai"
"GM","Upper River","Pirai"
"GM","Western","Pirang"
"GM","Upper River","Plinky Bakary"
"GM","Upper River","Plinky Woppa"
"GM","Upper River","Plinky Wopp"
"GM","Lower River","Pokalle Ding"
"GM","Lower River","Polga"
"GM","Lower River","Polodi"
"GM","Western","Porli"
"GM","Upper River","Priakunda"
"GM","Western","Prince"
"GM","Central River","Ramatulai"
"GM","Central River","Ramatulie"
"GM","Central River","Renerru"
"GM","Central River","Runeru"
"GM","Lower River","Sabach Ngaien"
"GM","Upper River","Sabally Kunda"
"GM","Central River","Sabari"
"GM","North Bank","Saba"
"GM","Western","Sabigending"
"GM","Western","Sabiji"
"GM","Upper River","Sabi"
"GM","Western","Sabu Kunda"
"GM","Upper River","Sabuseri"
"GM","Central River","Sabu Sirae"
"GM","Central River","Sabu Sirde"
"GM","Central River","Safalu"
"GM","Western","Sainala"
"GM","Upper River","Saja Kunda"
"GM","Western","Sakura"
"GM","Western","Salanding"
"GM","Western","Sala"
"GM","North Bank","Salekaine"
"GM","North Bank","Salekini"
"GM","Upper River","Salikene"
"GM","North Bank","Salikene"
"GM","Central River","Salikeni"
"GM","North Bank","Salikeni"
"GM","Upper River","Salikenye"
"GM","Upper River","Samantalu"
"GM","Central River","Sambai Kunda"
"GM","Upper River","Samba Jowala"
"GM","Upper River","Samba Kabude"
"GM","Upper River","Samba Koi"
"GM","Upper River","Sambakubasu"
"GM","Upper River","Samba Kunda"
"GM","North Bank","Samba Musa"
"GM","North Bank","Samba Musu"
"GM","Western","Samba Ndama"
"GM","Lower River","Sambang"
"GM","Lower River","Sambang Tenda"
"GM","Lower River","Sambang Wolloff"
"GM","Upper River","Sambantalu"
"GM","Central River","Samba N'Yang"
"GM","Western","Samba Secka"
"GM","Central River","Samba So"
"GM","Lower River","Samba Sotor"
"GM","Central River","Samba Tako"
"GM","Lower River","Samba Ya Nding"
"GM","Lower River","Samba Ya"
"GM","Upper River","Samba Yerro"
"GM","Western","Sambeli Kunda"
"GM","Central River","Sambel Kunda"
"GM","Upper River","Sambel Kunda"
"GM","Western","Sambuya"
"GM","Western","Sameh"
"GM","Central River","Same"
"GM","Western","Same"
"GM","Western","Sami Bajonkoto"
"GM","Central River","Sami Fati"
"GM","Western","Sami Koto"
"GM","Central River","Sami Madina"
"GM","Central River","Sami Omar Jula"
"GM","Central River","Sami Pachonki"
"GM","Central River","Sami"
"GM","Upper River","Sami"
"GM","Western","Sami"
"GM","Central River","Sami Surwa Kunda"
"GM","Central River","Sami Wharf Town"
"GM","Western","Sam Joben"
"GM","Central River","Sam Ngaien"
"GM","Central River","Sanchabari"
"GM","Upper River","Sanchabari"
"GM","Western","Sanchaba"
"GM","Lower River","Sancha Madina"
"GM","Lower River","Sancha Palen"
"GM","Western","Sanchi"
"GM","Central River","Sanda"
"GM","Upper River","Sandefu"
"GM","North Bank","Sandehmunku"
"GM","Western","Sandeng"
"GM","Western","Saneh Kunda"
"GM","Western","Saneykunda"
"GM","Western","Sangajor Jiramba"
"GM","Western","Sangajor"
"GM","Western","Sangkarang"
"GM","Central River","Sanguleh"
"GM","Western","Sanianga"
"GM","Western","Saniang Kunda"
"GM","North Bank","Saniang Kunda"
"GM","Western","Saniang"
"GM","Upper River","Sankabarry"
"GM","Lower River","Sankalang"
"GM","Western","Sankandi"
"GM","Lower River","Sankuia"
"GM","Central River","Sankulejang"
"GM","Upper River","Sankulekunda"
"GM","Central River","Sankuli Kunda"
"GM","Lower River","Sankwia"
"GM","Lower River","Sankwia Tenda"
"GM","Western","Sanneh Kunda"
"GM","Western","Sansa Nding"
"GM","Lower River","Santamba"
"GM","Lower River","Santamba Wharf"
"GM","Lower River","Santang Ba"
"GM","Western","Santangba"
"GM","Lower River","Santang Ba Wharf"
"GM","Western","Santangkoto"
"GM","Central River","Santanto Bubu Tabanding"
"GM","Central River","Santanto Jamuya Kande"
"GM","Central River","Santanto-Koto"
"GM","Central River","Santanto Kuta"
"GM","Central River","Santanto Mawdo Bambe"
"GM","Central River","Santanto Omar Kande"
"GM","Central River","Santanto Serifu M'Balo"
"GM","Central River","Santanto Yoba Jallow"
"GM","Upper River","Sanunding"
"GM","Western","Sanya Kunda"
"GM","Western","Sanyang"
"GM","Central River","Sapu"
"GM","Central River","Sara Debo"
"GM","Western","Sara Job Kunda"
"GM","Western","Sara Juma"
"GM","Lower River","Sara Kunda"
"GM","Western","Sara Mama"
"GM","Central River","Sare Abdou"
"GM","Central River","Sare Adama"
"GM","Central River","Sare Ali"
"GM","Upper River","Sare Ali"
"GM","Upper River","Sare Alpha"
"GM","Central River","Sare Amady Jabel"
"GM","Central River","Sare Amady Jebel"
"GM","Central River","Sare Babu Jimby"
"GM","Lower River","Sare Babu"
"GM","Upper River","Sare Bacha"
"GM","Central River","Sare Bakare Demba"
"GM","Upper River","Sare Bakare"
"GM","Central River","Sare Bakary Demba"
"GM","Upper River","Sare Bakary"
"GM","Central River","Sare Balla"
"GM","Upper River","Sare Belali"
"GM","Upper River","Sare Beru"
"GM","Upper River","Sare Biram"
"GM","Upper River","Sare Bocchi"
"GM","Upper River","Sare Bohum"
"GM","Upper River","Sare Boja Demmo"
"GM","Upper River","Sare Boja"
"GM","Upper River","Sare Bojo"
"GM","Upper River","Sare Bona"
"GM","Central River","Sare Boutie"
"GM","Upper River","Sare Buhum"
"GM","Upper River","Sare Buluma"
"GM","Upper River","Sare Cherno"
"GM","Western","Sare Chikam"
"GM","Western","Sare Dabatu"
"GM","Upper River","Sare Dabo"
"GM","Upper River","Sare Dadeh"
"GM","Central River","Sare Dadi"
"GM","Upper River","Sare Dadi"
"GM","Central River","Sare Debo"
"GM","Upper River","Sare Demba Dardoh"
"GM","Upper River","Sare Demba"
"GM","Upper River","Sare Dene"
"GM","Upper River","Sare Dumfoya"
"GM","Central River","Sare Duto"
"GM","Central River","Sare Fally"
"GM","Upper River","Sare Fodigey"
"GM","Lower River","Sare Fonkoi"
"GM","Central River","Sare Fosary"
"GM","Central River","Sare Futa"
"GM","Western","Sare Galaja"
"GM","Western","Sare Galajo"
"GM","Upper River","Sare Ganardu"
"GM","Upper River","Sare Ganya"
"GM","Upper River","Sare Geda"
"GM","Upper River","Sare Gela"
"GM","Upper River","Sare Gelel"
"GM","Central River","Sare Goral Bah"
"GM","Upper River","Sare Gubbu"
"GM","Lower River","Sare Hamady"
"GM","Upper River","Sare Hamady"
"GM","Upper River","Sare Hande"
"GM","Western","Sareh Mowndeh"
"GM","Western","Sareh"
"GM","Central River","Sare Jabel"
"GM","Upper River","Sare Jallow"
"GM","Lower River","Sare Jam Gido"
"GM","Central River","Sare Jarje"
"GM","Upper River","Sare Jatta"
"GM","Upper River","Sare Jawbeh"
"GM","Central River","Sare Jideh"
"GM","Central River","Sare Jide"
"GM","Upper River","Sare Jowbe"
"GM","Upper River","Sare Jula"
"GM","Upper River","Sare Juley"
"GM","Western","Sare Jutah"
"GM","Central River","Sare Kanaman"
"GM","Central River","Sare Kannen"
"GM","Central River","Sare Kinte"
"GM","Upper River","Sare Koki"
"GM","Upper River","Sare Kuba"
"GM","Western","Sare Kunda"
"GM","Upper River","Sare Lalla"
"GM","Upper River","Sare Lalu"
"GM","Central River","Sare Louba"
"GM","Upper River","Sare Luntang"
"GM","Central River","Sare Madi"
"GM","Central River","Sare Malang"
"GM","Upper River","Sare Mala"
"GM","Central River","Sare Malik"
"GM","Western","Sare Mamoudou"
"GM","Western","Sare Mamoudu"
"GM","Upper River","Sare Mansala"
"GM","Upper River","Sare Mansong"
"GM","Western","Sare Marie"
"GM","Central River","Sare Maundeh"
"GM","Upper River","Sare Maunde"
"GM","Central River","Sare M'Bunka"
"GM","Upper River","Sare Mbye"
"GM","Western","Sare Modi Kah"
"GM","Western","Sare Modi Kulo"
"GM","Central River","Sare Modu Bah"
"GM","Central River","Sare Mowdeh"
"GM","Upper River","Sare Muntaha"
"GM","Upper River","Sare Musa"
"GM","Central River","Sare Naba"
"GM","Western","Sare Ndala"
"GM","Western","Sare Nfali"
"GM","Upper River","Sare Ngaba"
"GM","Upper River","Sare Ngabba"
"GM","Central River","Sare Ngai"
"GM","Upper River","Sare N'Gai"
"GM","Upper River","Sare N'Gatam"
"GM","Central River","Sare Njagga"
"GM","Western","Sare N'Joba"
"GM","Central River","Sare N'Jobo"
"GM","Central River","Sare Nyagna"
"GM","Upper River","Sare Parteh Jameh"
"GM","Upper River","Sare Pateh Jameh"
"GM","Lower River","Sare Pateh"
"GM","Western","Sare Pateh"
"GM","Central River","Sare Pate"
"GM","Central River","Sare Ram"
"GM","Central River","Sare Sabo"
"GM","Lower River","Sare Saidy"
"GM","Upper River","Sare Sajor Biloh"
"GM","Western","Sare Sajo"
"GM","Upper River","Sare Salieu"
"GM","Upper River","Sare Samba Jidah"
"GM","Central River","Sare Samba Kah"
"GM","Central River","Sare Samba Ngai"
"GM","Central River","Sare Sambaro"
"GM","Upper River","Sare Sambaru"
"GM","Central River","Sare Samba"
"GM","Upper River","Sare Samba"
"GM","Central River","Sare Samba Sumaleh"
"GM","Western","Sare Samba Takor"
"GM","Central River","Sare Samba Taku"
"GM","Upper River","Sare Samba Tene M'Balde"
"GM","Western","Sare Sambel Kunda"
"GM","Central River","Sare Sambuldu"
"GM","Upper River","Sare Sandi"
"GM","Central River","Sare Saoma"
"GM","Central River","Sare Saouma"
"GM","Upper River","Sare Sarjo Biloh"
"GM","Upper River","Sare Sarko"
"GM","Upper River","Sare Silere"
"GM","Central River","Sare Sofi"
"GM","Western","Sare Suna"
"GM","Upper River","Sare Talata"
"GM","Upper River","Sare Timbo"
"GM","Upper River","Sare Tobi"
"GM","Upper River","Sare Tuluwuleng"
"GM","Upper River","Sare Vesu"
"GM","Upper River","Sare Wonku"
"GM","Upper River","Sare Yesu"
"GM","Central River","Sare Yewtu"
"GM","Central River","Sare Yora Beri"
"GM","Central River","Sare Yoro Beri"
"GM","Central River","Sare Yoro Buka"
"GM","Central River","Sare Yoro Egge"
"GM","Central River","Sare Yoro Golori"
"GM","Upper River","Sare Yorori"
"GM","Central River","Sare Yoro"
"GM","Central River","Sare Yoro Taker"
"GM","Central River","Sare Yoro Takor"
"GM","Central River","Sare Yoro Tako"
"GM","Central River","Sare Yoro Yeli"
"GM","Upper River","Sare Yorrori"
"GM","Western","Saringa"
"GM","Western","Sarin N'Jaga"
"GM","Upper River","Sarkuli Kunda"
"GM","Western","Sarm"
"GM","Lower River","Sarra Kunda"
"GM","Western","Sarre Kunda"
"GM","Central River","Saruja"
"GM","Lower River","Sasita"
"GM","Western","Satakoi"
"GM","Central River","Sawadi Kunda"
"GM","Central River","Seleri Kunda"
"GM","Western","Selete"
"GM","Western","Selety"
"GM","Western","Semangara"
"GM","Upper River","Sendebo"
"GM","Lower River","Seno Bajonki"
"GM","Lower River","Seno Ba"
"GM","Central River","Sepu"
"GM","Western","Sere Kunda Nding"
"GM","Western","Sere Kunda"
"GM","Western","Serekunda"
"GM","Central River","Sering Sahor"
"GM","Central River","Sering Saho"
"GM","Western","Serrekunda"
"GM","Western","Sey Kunda"
"GM","Western","Sharm"
"GM","Western","Shindifula"
"GM","Western","Shindifulla"
"GM","Central River","Sibanor"
"GM","Western","Sibanor"
"GM","Western","Sibi Nding"
"GM","Western","Sibito"
"GM","Western","Sibitto"
"GM","Western","Sidiya"
"GM","Western","Sifa"
"GM","Western","Sifoe"
"GM","Upper River","Sifula"
"GM","Western","Sika Baduma"
"GM","Western","Sika Bajonkoto"
"GM","Western","Sika"
"GM","Western","Sikon"
"GM","Lower River","Si Kunda"
"GM","Western","Si Kunda"
"GM","Central River","Sileria"
"GM","Central River","Sileri Ba"
"GM","Upper River","Silla Kunda"
"GM","Upper River","Simbadu"
"GM","Western","Simbara Hai"
"GM","Western","Simbara Kai"
"GM","Western","Simbara Ker Chaindu"
"GM","Western","Simbara Ker Mafaal"
"GM","Western","Simbara Madi Sisi"
"GM","Western","Simbara Ngor"
"GM","Western","Simbara Sinchu Manjai"
"GM","Western","Simbara Tukulor"
"GM","Western","Simbarre Kai"
"GM","Upper River","Sinchang Keykala"
"GM","Upper River","Sinchang Njokala"
"GM","Upper River","Sinchang Saradu"
"GM","Upper River","Sinchang"
"GM","Central River","Sinchu Alpha Saine"
"GM","Central River","Sinchu Alpha Sain"
"GM","Central River","Sinchu Bachi"
"GM","Upper River","Sinchu Bachy"
"GM","Central River","Sinchu Balla"
"GM","Central River","Sinchu Bamba"
"GM","Western","Sinchu Baya"
"GM","Central River","Sinchu Boggal"
"GM","Central River","Sinchu Bora"
"GM","Central River","Sinchu Chamalel"
"GM","Central River","Sinchu Danku"
"GM","Western","Sinchu Demba"
"GM","Central River","Sinchu Dembel"
"GM","Central River","Sinchu Dumbe"
"GM","Upper River","Sinchu Fye"
"GM","Central River","Sinchu Garba"
"GM","Central River","Sinchu Garber"
"GM","Central River","Sinchu Garrba"
"GM","Central River","Sinchu Gundo"
"GM","Central River","Sinchu Jajeh Sagnia"
"GM","Central River","Sinchu Jenun Touray"
"GM","Western","Sinchu Kai-Hai"
"GM","Upper River","Sinchu Kali"
"GM","Central River","Sinchu Kusalang"
"GM","Lower River","Sinchu Medina"
"GM","Central River","Sinchu Musa"
"GM","Central River","Sinchu Omar See"
"GM","Western","Sinchu Omar"
"GM","Central River","Sinchu Ousman"
"GM","Central River","Sinchu Samba Koumbel"
"GM","Upper River","Sinchu Sambar"
"GM","Upper River","Sinchu Sara"
"GM","Western","Sinchu Tamsir"
"GM","Upper River","Sinchu Wallbeh"
"GM","Western","Sinchu Yoro"
"GM","Western","Sinki"
"GM","Upper River","Sinsu Demba"
"GM","Upper River","Sinsu Kusala"
"GM","Upper River","Sinsu Mousa"
"GM","Upper River","Sinsu Njiebeh"
"GM","Central River","Sintchi Kattaba"
"GM","Western","Sintet"
"GM","Upper River","Sise Kunda"
"GM","Western","Sissora"
"GM","North Bank","Sita Bantang"
"GM","Lower River","Sitafuma"
"GM","Western","Sita Nunku"
"GM","Western","Sita"
"GM","Western","Sito"
"GM","Western","Sittanunka"
"GM","Western","Sittanunku"
"GM","Western","Sitta"
"GM","Western","Sobaly"
"GM","Central River","Sofi Kunda"
"GM","Western","Sohm"
"GM","Central River","Sololo"
"GM","Lower River","Soma"
"GM","North Bank","Somita Saniang Kunda"
"GM","North Bank","Somita Selelew"
"GM","North Bank","Somita"
"GM","Western","Sondeh Densay"
"GM","Upper River","Song Kunda"
"GM","Western","Sor Kunda"
"GM","Western","Sortokoi"
"GM","Western","Sotokoi"
"GM","Upper River","Sotoma N'Ding"
"GM","Upper River","Sotoma"
"GM","Upper River","Sotuma Sainy"
"GM","Upper River","Sotuma Sairey"
"GM","Upper River","Sotuma Sairy"
"GM","Upper River","Sotuma Samba Koi"
"GM","Upper River","Sotuma Samba"
"GM","Upper River","Sotuma"
"GM","North Bank","Suara Kunda"
"GM","North Bank","Suarra Kunda"
"GM","Lower River","Subundu"
"GM","Upper River","Sudowol"
"GM","Lower River","Sukoto Fula"
"GM","Lower River","Sukotto"
"GM","Western","Sukotto"
"GM","Central River","Sukur"
"GM","Central River","Sukuta"
"GM","Western","Sukuta"
"GM","Western","Sukuto"
"GM","Central River","Sukutta"
"GM","Western","Sukutta"
"GM","Central River","Sulolor Fula Kunda"
"GM","Central River","Sulolor"
"GM","Upper River","Sumakunda Bakary"
"GM","Upper River","Sumakunda Fye"
"GM","Western","Suma Kunda Koto"
"GM","Upper River","Sumakunda Mamudu"
"GM","Upper River","Sumakunda Samba"
"GM","Upper River","Suma Kunda"
"GM","Western","Suma Kunda"
"GM","Lower River","Sumbundu"
"GM","Upper River","Sun Kunda"
"GM","Western","Suol"
"GM","Western","Surukung"
"GM","Upper River","Sutukoba"
"GM","Upper River","Sutuko"
"GM","Western","Sutukung"
"GM","Western","Suturah"
"GM","Western","Sutu Sinjang"
"GM","Upper River","Sututa"
"GM","Western","Tabafulanding"
"GM","Western","Tabaiel"
"GM","Upper River","Tabajang Kisimasu"
"GM","Upper River","Tabajang"
"GM","Upper River","Tabajan"
"GM","Central River","Taba Nani"
"GM","Central River","Tabanani"
"GM","Western","Tabanani"
"GM","Upper River","Tabanding Sakbo"
"GM","Central River","Taba Nding"
"GM","Upper River","Tabanding"
"GM","Western","Tabaworo Kunda"
"GM","Lower River","Taba Woro"
"GM","Western","Taba Woro"
"GM","Central River","Tabba Nanna"
"GM","Central River","Tabba Nanni"
"GM","Western","Tabo Kotor"
"GM","Western","Tabokoto"
"GM","Western","Tabo Koto"
"GM","Lower River","Taburo Koto"
"GM","Lower River","Taiba"
"GM","Central River","Taiba"
"GM","Western","Taiba"
"GM","North Bank","Taiba"
"GM","Central River","Taibatu N'Yang-En"
"GM","Upper River","Taibatu"
"GM","Western","Taibatu"
"GM","Central River","Taifa Amadou"
"GM","Central River","Taifa Seekou"
"GM","Central River","Taimang"
"GM","Lower River","Taindaitor"
"GM","North Bank","Talen Pol"
"GM","North Bank","Talen Wollof"
"GM","Western","Talinding Kunjang"
"GM","Western","Talindin Kunda"
"GM","Upper River","Talito Luntang"
"GM","Upper River","Talito Musa"
"GM","Upper River","Talito"
"GM","North Bank","Tallen"
"GM","North Bank","Tally Ya"
"GM","Central River","Tamanso Kunda"
"GM","Lower River","Tamba Koto"
"GM","Western","Tambakunda"
"GM","Western","Tamba Kunda"
"GM","Western","Tamba Nani"
"GM","North Bank","Tambana"
"GM","Upper River","Tambasansan"
"GM","Upper River","Tambasensan"
"GM","North Bank","Tampoto Koto"
"GM","North Bank","Tampoto"
"GM","Central River","Tandi Kunda"
"GM","Central River","Tandi"
"GM","Central River","Tandi Wolloff"
"GM","Central River","Tandi Wollof"
"GM","Western","Tanene"
"GM","Western","Tanjen"
"GM","Western","Tanje"
"GM","Western","Tanji Manjago"
"GM","Western","Tanji"
"GM","Lower River","Tankanto"
"GM","Central River","Tankong Kunda"
"GM","Central River","Tankon Kunda"
"GM","Lower River","Tankular"
"GM","Lower River","Tankural"
"GM","Upper River","Tarbu Chindeh"
"GM","Lower River","Tarburung Kotor"
"GM","Central River","Tasali"
"GM","Central River","Tasili"
"GM","Western","Tawah"
"GM","North Bank","Tawa Kaltu"
"GM","Western","Tawtoh"
"GM","Upper River","Temanto Demba Jamang"
"GM","Upper River","Temanto Demba"
"GM","Upper River","Temanto Sana"
"GM","Central River","Temanto"
"GM","Upper River","Temanto"
"GM","Lower River","Tembetto"
"GM","Western","Tendaba"
"GM","Lower River","Tendaito"
"GM","Lower River","Tenda"
"GM","Western","Tendeba"
"GM","Central River","Tende"
"GM","Lower River","Tendito"
"GM","Central River","Tenenfara"
"GM","Central River","Teneng Fara"
"GM","Upper River","Tengkul"
"GM","Upper River","Tenkoli"
"GM","Western","Tento Madi"
"GM","Western","Tento Malick Bah"
"GM","Western","Tento"
"GM","North Bank","Tiaba"
"GM","Upper River","Tia"
"GM","Upper River","Tiembasisi"
"GM","North Bank","Timbing Kortor"
"GM","Upper River","Timbinto"
"GM","Upper River","Timbintu"
"GM","Central River","Timpa"
"GM","Upper River","Tinkinjo"
"GM","Western","Tintiba"
"GM","Western","Tintinto"
"GM","Central River","Toben"
"GM","Lower River","Tomba Koto"
"GM","Lower River","Toniataba"
"GM","Lower River","Tonitaba"
"GM","Lower River","Toranka Bantang"
"GM","Lower River","Toranko Bantang"
"GM","Upper River","Torbeh Chindeh"
"GM","Western","Torben"
"GM","North Bank","Toro Mbaien"
"GM","North Bank","Toro Tayem"
"GM","Western","Torro"
"GM","Western","Trankill"
"GM","Western","Tranquil"
"GM","Upper River","Tuba Burey"
"GM","Central River","Tuba Demba Sama"
"GM","Western","Tuba Demba"
"GM","North Bank","Tuba Gumbuya"
"GM","Upper River","Tuba Kata"
"GM","Western","Tuba Kolong"
"GM","Western","Tubakolon"
"GM","Central River","Tuba Koto"
"GM","Central River","Tuba Kuta"
"GM","Upper River","Tuba Kuta"
"GM","Western","Tubakuta"
"GM","North Bank","Tubakuta"
"GM","North Bank","Tuba Kuta"
"GM","Western","Tubamadadi"
"GM","Western","Tuba Mbakeh"
"GM","Upper River","Tubanding"
"GM","Central River","Tuba Ousman Boye"
"GM","Western","Tuba Pakala"
"GM","Upper River","Tuba Sandu Kotor"
"GM","Upper River","Tuba Tafsir"
"GM","Central River","Tuba"
"GM","Upper River","Tuba"
"GM","Western","Tuba"
"GM","North Bank","Tuba"
"GM","Upper River","Tuba Wappa"
"GM","Lower River","Tuba Wollof"
"GM","Upper River","Tuba-Wuli"
"GM","Western","Tubaya"
"GM","Western","Tubeya"
"GM","Western","Tujereng"
"GM","Western","Tujering"
"GM","Western","Tujurei"
"GM","Central River","Tumani Fati"
"GM","Western","Tuman Tenda"
"GM","Upper River","Tumbul Tanga"
"GM","Western","Tunjina"
"GM","North Bank","Turan"
"GM","Upper River","Ture Kunda"
"GM","Western","Turi Kunda"
"GM","Upper River","Turu Kunda"
"GM","Western","Tyba"
"GM","Western","Upert"
"GM","Western","Vintang"
"GM","Central River","Wakilarr"
"GM","North Bank","Walalan"
"GM","Upper River","Waliba Kunda"
"GM","Upper River","Walliba Kunda"
"GM","Central River","Walli Kunda"
"GM","Upper River","Wallikunda"
"GM","Upper River","Wassadung Demba"
"GM","Upper River","Wassadung"
"GM","Western","Wassadun"
"GM","Central River","Wassu"
"GM","North Bank","Wayahon"
"GM","Western","Welingara"
"GM","Central River","Wellingara Adama"
"GM","Western","Wellingara Alhaji Alpha"
"GM","Lower River","Wellingara Ba"
"GM","Western","Wellingara Bubacarr Bah"
"GM","Western","Wellingara Ello"
"GM","Central River","Wellingara Galo"
"GM","Upper River","Wellingara Mansak"
"GM","Upper River","Wellingara Mansal"
"GM","Western","Wellingara Momodou"
"GM","Lower River","Wellingara Nding"
"GM","Central River","Wellingara"
"GM","Western","Wellingara"
"GM","North Bank","Wellingara"
"GM","Central River","Wellingara Yoro"
"GM","Western","Wessedung"
"GM","Western","Willimissa"
"GM","Western","Willingara Ba"
"GM","Central River","Willingara Kejaw"
"GM","Upper River","Willingara Samba Tako"
"GM","Lower River","Willingara"
"GM","Central River","Willingara"
"GM","Upper River","Willingara"
"GM","Western","Willingara"
"GM","Western","Wirdeba"
"GM","Central River","Woi Buray"
"GM","Upper River","Wulem Kunda"
"GM","Western","Wulumisa"
"GM","Western","Wurokang"
"GM","Western","Yala"
"GM","North Bank","Yallal Bah Ker De Kumba"
"GM","Lower River","Yallal Ba"
"GM","Lower River","Yallal"
"GM","North Bank","Yallal"
"GM","Lower River","Yallol Ba"
"GM","North Bank","Yallol"
"GM","Upper River","Yamadu"
"GM","Western","Yambur"
"GM","Upper River","Yarobawal"
"GM","Upper River","Yarry Njoffa"
"GM","Lower River","Yelitenda"
"GM","Central River","Yida"
"GM","Western","Yolof"
"GM","Central River","Yonah"
"GM","Central River","Yona"
"GM","Lower River","Yora Jula"
"GM","Central River","Yoro Beri Kunda"
"GM","Upper River","Yoro Cheke"
"GM","Western","Yoro Ya"
"GM","Upper River","Yorro Pendeh"
"GM","Upper River","Yorubawal"
"GM","North Bank","Yuma"
"GM","Western","Yumdum"
"GM","North Bank","Yuna"
"GM","Western","Yundum"
"GM","Western","Yundun"
"GM","Western","Yungo"
