"GQ","Centro Sur","Abaamang"
"GQ","Centro Sur","Abagnam"
"GQ","Wele-Nzas","Abama"
"GQ","Kie-Ntem","Abam"
"GQ","Kie-Ntem","Aban"
"GQ","Centro Sur","Abanayop"
"GQ","Litoral","Abanda"
"GQ","Kie-Ntem","Abanengui"
"GQ","Centro Sur","Abanfang"
"GQ","Centro Sur","Abanga"
"GQ","Centro Sur","Abang"
"GQ","Kie-Ntem","Abang"
"GQ","Centro Sur","Abe"
"GQ","Kie-Ntem","Abeayop"
"GQ","Kie-Ntem","Abebain"
"GQ","Centro Sur","Abenelam"
"GQ","Centro Sur","Abenelang"
"GQ","Kie-Ntem","Abenelang"
"GQ","Litoral","Abenelang"
"GQ","Centro Sur","Abengnam"
"GQ","Centro Sur","Abeng-Nam"
"GQ","Litoral","Abeng'Nam"
"GQ","Litoral","Abengnam"
"GQ","Litoral","Abennam"
"GQ","Centro Sur","Abenye"
"GQ","Centro Sur","Abet"
"GQ","Centro Sur","Abiara"
"GQ","Kie-Ntem","Abiara"
"GQ","Centro Sur","Abogocola"
"GQ","Centro Sur","Abogokola"
"GQ","Centro Sur","Abogosu"
"GQ","Kie-Ntem","Abomdama"
"GQ","Kie-Ntem","Abomedamo"
"GQ","Kie-Ntem","Abomendama"
"GQ","Litoral","Abomenvila"
"GQ","Kie-Ntem","Abon"
"GQ","Centro Sur","Abongsu"
"GQ","Centro Sur","Aboramban"
"GQ","Centro Sur","Aboransama"
"GQ","Centro Sur","Abumayeme"
"GQ","Kie-Ntem","Abumbem"
"GQ","Litoral","Abumensok"
"GQ","Centro Sur","Abumeyeme"
"GQ","Litoral","Abumnsoc"
"GQ","Centro Sur","Acaasi"
"GQ","Kie-Ntem","Acaasi"
"GQ","Litoral","Acaasi"
"GQ","Wele-Nzas","Acaasi"
"GQ","Litoral","Acalayon"
"GQ","Centro Sur","Acalayong"
"GQ","Litoral","Acalayong"
"GQ","Centro Sur","Acam"
"GQ","Kie-Ntem","Acam"
"GQ","Wele-Nzas","Acam"
"GQ","Centro Sur","Acanabor"
"GQ","Litoral","Acanabor"
"GQ","Litoral","Acanabot"
"GQ","Centro Sur","Acan"
"GQ","Centro Sur","Acas"
"GQ","Centro Sur","Achap"
"GQ","Kie-Ntem","Achap"
"GQ","Kie-Ntem","Achebe-Biyong"
"GQ","Litoral","Achimelan"
"GQ","Centro Sur","Achimelang"
"GQ","Centro Sur","Achimilang"
"GQ","Wele-Nzas","Acoacam"
"GQ","Wele-Nzas","Acoacan"
"GQ","Wele-Nzas","Acoaesakira"
"GQ","Centro Sur","Acoc"
"GQ","Kie-Ntem","Acoc"
"GQ","Litoral","Acocnfang"
"GQ","Centro Sur","Acocseng"
"GQ","Wele-Nzas","Acocsi"
"GQ","Wele-Nzas","Acoesakira"
"GQ","Centro Sur","Acoga"
"GQ","Kie-Ntem","Acoga"
"GQ","Litoral","Acoga"
"GQ","Centro Sur","Acom"
"GQ","Kie-Ntem","Acom"
"GQ","Litoral","Acom"
"GQ","Centro Sur","Acombele"
"GQ","Centro Sur","Acon"
"GQ","Kie-Ntem","Acon"
"GQ","Centro Sur","Aconangui"
"GQ","Kie-Ntem","Aconangui"
"GQ","Kie-Ntem","Aconcemento"
"GQ","Centro Sur","Aconekie"
"GQ","Litoral","Aconekie"
"GQ","Wele-Nzas","Aconekie"
"GQ","Centro Sur","Aconekien"
"GQ","Kie-Ntem","Aconekien"
"GQ","Centro Sur","Aconibe"
"GQ","Centro Sur","Aconikie"
"GQ","Litoral","Aconikie"
"GQ","Wele-Nzas","Aconikie"
"GQ","Litoral","Aconngui"
"GQ","Litoral","Acora"
"GQ","Kie-Ntem","Acot"
"GQ","Kie-Ntem","Acueton"
"GQ","Wele-Nzas","Acumayene"
"GQ","Kie-Ntem","Acunse"
"GQ","Centro Sur","Acurenam"
"GQ","Litoral","Acurenam"
"GQ","Centro Sur","Acurenan"
"GQ","Centro Sur","Acurensoc"
"GQ","Wele-Nzas","Acurensoc"
"GQ","Centro Sur","Acurnam"
"GQ","Kie-Ntem","Acuse"
"GQ","Centro Sur","Adjamibang"
"GQ","Wele-Nzas","Adjap"
"GQ","Centro Sur","Adjelon"
"GQ","Kie-Ntem","Adurelan"
"GQ","Kie-Ntem","Adurelang"
"GQ","Centro Sur","Adyabasi"
"GQ","Centro Sur","Adyamibang"
"GQ","Centro Sur","Adyap"
"GQ","Kie-Ntem","Adyap"
"GQ","Litoral","Adyap"
"GQ","Wele-Nzas","Adyap"
"GQ","Centro Sur","Adyebe"
"GQ","Kie-Ntem","Adyebe"
"GQ","Centro Sur","Adyelon"
"GQ","Wele-Nzas","Afaabitom"
"GQ","Centro Sur","Afaanam"
"GQ","Centro Sur","Afa'Annam"
"GQ","Centro Sur","Afaansoc"
"GQ","Centro Sur","Afa'Ansok"
"GQ","Centro Sur","Afa`Ansok-Esong"
"GQ","Wele-Nzas","Afabitom"
"GQ","Wele-Nzas","Afaetam"
"GQ","Wele-Nzas","Afaetan"
"GQ","Litoral","Afanabang"
"GQ","Litoral","Afan"
"GQ","Kie-Ntem","Afanangui"
"GQ","Kie-Ntem","Afanebang"
"GQ","Kie-Ntem","Afanengui"
"GQ","Centro Sur","Afansoc"
"GQ","Centro Sur","Af'Ansok-Abenelang"
"GQ","Wele-Nzas","Afomadim"
"GQ","Wele-Nzas","Afomandyim"
"GQ","Kie-Ntem","Afommanchim"
"GQ","Wele-Nzas","Afommanchim"
"GQ","Wele-Nzas","Agua"
"GQ","Wele-Nzas","Aguanam"
"GQ","Kie-Ntem","Ajene"
"GQ","Centro Sur","Aka'Asi"
"GQ","Wele-Nzas","Aka'Asi"
"GQ","Centro Sur","Akalayong"
"GQ","Litoral","Akalayong"
"GQ","Centro Sur","Akam"
"GQ","Kie-Ntem","Akam"
"GQ","Wele-Nzas","Akam"
"GQ","Centro Sur","Akanabor"
"GQ","Litoral","Akanabor"
"GQ","Centro Sur","Akanabor-Ogude"
"GQ","Centro Sur","Akelayong"
"GQ","Kie-Ntem","Akinebitom"
"GQ","Centro Sur","Akoga"
"GQ","Kie-Ntem","Akoga"
"GQ","Litoral","Akoga"
"GQ","Centro Sur","Akok"
"GQ","Kie-Ntem","Akok"
"GQ","Wele-Nzas","Akokam"
"GQ","Litoral","Akokufang"
"GQ","Kie-Ntem","Akom"
"GQ","Litoral","Akom"
"GQ","Centro Sur","Akonangui"
"GQ","Centro Sur","Akonebe"
"GQ","Centro Sur","Akonekie"
"GQ","Wele-Nzas","Akonekie"
"GQ","Kie-Ntem","Akoo"
"GQ","Wele-Nzas","Ako'Osi"
"GQ","Litoral","Akora"
"GQ","Wele-Nzas","Akosakira"
"GQ","Kie-Ntem","Akostom-Mikueme"
"GQ","Centro Sur","Akourenam"
"GQ","Centro Sur","Akournam"
"GQ","Centro Sur","Akurenam"
"GQ","Centro Sur","Akurenan"
"GQ","Centro Sur","Akurensok"
"GQ","Centro Sur","Akurnam"
"GQ","Kie-Ntem","Akuse"
"GQ","Centro Sur","Alar"
"GQ","Centro Sur","Alarmintang"
"GQ","Kie-Ntem","Alarmitang"
"GQ","Litoral","Alarmitang"
"GQ","Centro Sur","Alat"
"GQ","Wele-Nzas","Alem"
"GQ","Centro Sur","Alen"
"GQ","Kie-Ntem","Alen"
"GQ","Wele-Nzas","Alen"
"GQ","Centro Sur","Alenasi"
"GQ","Litoral","Alep"
"GQ","Kie-Ntem","Alogoecog"
"GQ","Centro Sur","Alogontang"
"GQ","Centro Sur","Alon"
"GQ","Kie-Ntem","Alon"
"GQ","Centro Sur","Alongntang"
"GQ","Litoral","Aloum"
"GQ","Centro Sur","Alum"
"GQ","Kie-Ntem","Alum"
"GQ","Litoral","Alum"
"GQ","Wele-Nzas","Alum"
"GQ","Wele-Nzas","Alun"
"GQ","Litoral","Aman"
"GQ","Centro Sur","Amanening"
"GQ","Annobon","Ambo"
"GQ","Centro Sur","Amsen"
"GQ","Centro Sur","Amvam"
"GQ","Kie-Ntem","Amvam"
"GQ","Centro Sur","Amvamg"
"GQ","Kie-Ntem","Amvamg"
"GQ","Centro Sur","Amvangsi"
"GQ","Centro Sur","Amvonga"
"GQ","Litoral","Amyonga"
"GQ","Centro Sur","Andoc"
"GQ","Kie-Ntem","Andoc"
"GQ","Centro Sur","Andok"
"GQ","Kie-Ntem","Andok"
"GQ","Centro Sur","Andom"
"GQ","Kie-Ntem","Andom"
"GQ","Wele-Nzas","Andom"
"GQ","Kie-Ntem","Andon"
"GQ","Litoral","Andum"
"GQ","Centro Sur","Aneng"
"GQ","Centro Sur","Angala"
"GQ","Litoral","Angala"
"GQ","Annobon","Anganchi"
"GQ","Kie-Ntem","Angoc"
"GQ","Kie-Ntem","Angomayop"
"GQ","Centro Sur","Angon"
"GQ","Wele-Nzas","Angonbibana"
"GQ","Wele-Nzas","Angon Mibana"
"GQ","Kie-Ntem","Angonoveng"
"GQ","Kie-Ntem","Angonuain"
"GQ","Centro Sur","Angua"
"GQ","Litoral","Anguec"
"GQ","Litoral","Anguek"
"GQ","Centro Sur","Anguma"
"GQ","Kie-Ntem","Anguma"
"GQ","Centro Sur","Angume"
"GQ","Litoral","Anguoc"
"GQ","Kie-Ntem","Anisoc"
"GQ","Litoral","Anisoc"
"GQ","Wele-Nzas","Anisoc"
"GQ","Kie-Ntem","Anisok"
"GQ","Litoral","Anisok"
"GQ","Wele-Nzas","Anisok"
"GQ","Annobon","Annobon"
"GQ","Wele-Nzas","Anomo"
"GQ","Litoral","Anonguabani"
"GQ","Litoral","Anonguambane"
"GQ","Litoral","Anonguanbani"
"GQ","Litoral","Anongue"
"GQ","Centro Sur","Ansem"
"GQ","Litoral","Ansem"
"GQ","Wele-Nzas","Anunga"
"GQ","Wele-Nzas","Anungom"
"GQ","Wele-Nzas","Anungon"
"GQ","Centro Sur","Anvangosi"
"GQ","Centro Sur","Anvonga"
"GQ","Wele-Nzas","Anzem"
"GQ","Litoral","Asa"
"GQ","Litoral","Asam"
"GQ","Litoral","Asamboa"
"GQ","Kie-Ntem","Asang"
"GQ","Kie-Ntem","Asasi"
"GQ","Wele-Nzas","Asasi"
"GQ","Kie-Ntem","Asem"
"GQ","Litoral","Asem"
"GQ","Kie-Ntem","Asemosi"
"GQ","Litoral","Asen"
"GQ","Centro Sur","Aseng"
"GQ","Litoral","Aseng"
"GQ","Kie-Ntem","Aseosi"
"GQ","Litoral","Asesoc"
"GQ","Litoral","Ase'Sok"
"GQ","Wele-Nzas","Asia"
"GQ","Centro Sur","Asobla"
"GQ","Centro Sur","Asoc"
"GQ","Kie-Ntem","Asoc"
"GQ","Litoral","Asoc"
"GQ","Wele-Nzas","Asoc"
"GQ","Centro Sur","Asocleme"
"GQ","Centro Sur","Asoclon"
"GQ","Wele-Nzas","Asoc-Ncama"
"GQ","Centro Sur","Asocndoba"
"GQ","Centro Sur","Asogabia"
"GQ","Centro Sur","Asogabo"
"GQ","Wele-Nzas","Asogomansuein"
"GQ","Centro Sur","Asogouein"
"GQ","Centro Sur","Asoguebenga"
"GQ","Centro Sur","Asok"
"GQ","Kie-Ntem","Asok"
"GQ","Litoral","Asok"
"GQ","Wele-Nzas","Asok"
"GQ","Centro Sur","Asokdoba"
"GQ","Wele-Nzas","Asokmasun"
"GQ","Wele-Nzas","Asok-Nkama"
"GQ","Centro Sur","Asoo"
"GQ","Kie-Ntem","Asoung"
"GQ","Centro Sur","Asuiabe"
"GQ","Kie-Ntem","Asuiabe"
"GQ","Litoral","Asuiabe"
"GQ","Kie-Ntem","Asung"
"GQ","Kie-Ntem","Atoasoc"
"GQ","Kie-Ntem","Atok Nsok"
"GQ","Centro Sur","Atom"
"GQ","Kie-Ntem","Atom"
"GQ","Litoral","Atom"
"GQ","Kie-Ntem","Aton"
"GQ","Wele-Nzas","Atud"
"GQ","Kie-Ntem","Atut"
"GQ","Wele-Nzas","Atut"
"GQ","Annobon","Aual"
"GQ","Centro Sur","Avagnam"
"GQ","Centro Sur","Avam"
"GQ","Kie-Ntem","Avam"
"GQ","Kie-Ntem","Avang"
"GQ","Centro Sur","Avangnam"
"GQ","Centro Sur","Avanguenan"
"GQ","Centro Sur","Aveguening"
"GQ","Centro Sur","Avelenam"
"GQ","Centro Sur","Avelengong"
"GQ","Centro Sur","Avensoc"
"GQ","Kie-Ntem","Ayaaman"
"GQ","Kie-Ntem","Ayaamang"
"GQ","Kie-Ntem","Aya'Amvela"
"GQ","Kie-Ntem","Ayaamvele"
"GQ","Kie-Ntem","Ayaantang"
"GQ","Litoral","Ayaantang"
"GQ","Centro Sur","Ayabifara"
"GQ","Wele-Nzas","Ayabilon"
"GQ","Litoral","Aya'Bivila"
"GQ","Litoral","Ayacbenvila"
"GQ","Litoral","Ayacmbong"
"GQ","Centro Sur","Ayacntang"
"GQ","Litoral","Ayacue"
"GQ","Litoral","Ayaelon"
"GQ","Wele-Nzas","Ayaelon"
"GQ","Litoral","Ayafein"
"GQ","Litoral","Ayagfe"
"GQ","Kie-Ntem","Ayakmang"
"GQ","Litoral","Aya'Kue"
"GQ","Litoral","Ayamboga"
"GQ","Kie-Ntem","Ayamiken"
"GQ","Kie-Ntem","Aya'Miteng"
"GQ","Centro Sur","Ayana"
"GQ","Centro Sur","Ayan"
"GQ","Centro Sur","Ayanesala"
"GQ","Litoral","Ayanesala"
"GQ","Kie-Ntem","Aya`Ntang"
"GQ","Litoral","Aya'Ntang"
"GQ","Kie-Ntem","Ayap"
"GQ","Wele-Nzas","Ayap"
"GQ","Kie-Ntem","Ayap-Ngo"
"GQ","Wele-Nzas","Ayavene"
"GQ","Litoral","Aye"
"GQ","Litoral","Ayeenin"
"GQ","Centro Sur","Ayeguening"
"GQ","Wele-Nzas","Ayeguening"
"GQ","Centro Sur","Ayeme"
"GQ","Centro Sur","Ayene"
"GQ","Kie-Ntem","Ayene"
"GQ","Wele-Nzas","Ayene"
"GQ","Kie-Ntem","Ayene-Enduguensan"
"GQ","Centro Sur","Ayenesala"
"GQ","Litoral","Ayenesala"
"GQ","Kie-Ntem","Ayuen"
"GQ","Bioko Norte","Bacake Grande"
"GQ","Bioko Norte","Bacake Pequeno"
"GQ","Bioko Norte","Bacipu"
"GQ","Litoral","Baga"
"GQ","Bioko Norte","Baho"
"GQ","Bioko Sur","Baho"
"GQ","Bioko Norte","Baho Basuala"
"GQ","Bioko Norte","Baho Grande"
"GQ","Bioko Norte","Baho-Iko"
"GQ","Bioko Norte","Baho Pequeno"
"GQ","Bioko Norte","Bahu"
"GQ","Bioko Norte","Bakake Grande"
"GQ","Bioko Norte","Bakake Pequeno"
"GQ","Bioko Sur","Balacha De Concepcion"
"GQ","Litoral","Balakeke"
"GQ","Bioko Sur","Balelipa"
"GQ","Bioko Norte","Baloeri De Cristo Rey"
"GQ","Bioko Sur","Balombe"
"GQ","Litoral","Bama"
"GQ","Kie-Ntem","Bame"
"GQ","Centro Sur","Banapa"
"GQ","Litoral","Bandondolo"
"GQ","Litoral","Bandy"
"GQ","Litoral","Bandye"
"GQ","Bioko Norte","Baney"
"GQ","Kie-Ntem","Banga"
"GQ","Centro Sur","Bang"
"GQ","Kie-Ntem","Bang"
"GQ","Litoral","Bangbira"
"GQ","Litoral","Bangole"
"GQ","Litoral","Bangui"
"GQ","Litoral","Bansogo"
"GQ","Bioko Sur","Bantabare"
"GQ","Bioko Sur","Bantabare Pequeno"
"GQ","Litoral","Banvene"
"GQ","Bioko Norte","Bany"
"GQ","Bioko Norte","Bao Basuala"
"GQ","Bioko Norte","Bao Grande"
"GQ","Bioko Norte","Bao Pequeno"
"GQ","Bioko Norte","Bareso"
"GQ","Bioko Norte","Bariaobe"
"GQ","Bioko Norte","Bariobe"
"GQ","Bioko Sur","Barrio De Las Palmas"
"GQ","Bioko Sur","Barrio Las Palmas"
"GQ","Bioko Sur","Basacato"
"GQ","Bioko Norte","Basacato Del Este"
"GQ","Bioko Sur","Basacato Del Oeste"
"GQ","Bioko Sur","Basakato"
"GQ","Bioko Norte","Basakato Del Este"
"GQ","Bioko Sur","Basakato Del Oeste"
"GQ","Bioko Norte","Basapo"
"GQ","Centro Sur","Bas"
"GQ","Bioko Norte","Basile"
"GQ","Centro Sur","Basile"
"GQ","Bioko Norte","Basile Bubi"
"GQ","Bioko Norte","Basile Radio"
"GQ","Bioko Norte","Basipu"
"GQ","Bioko Norte","Basopo"
"GQ","Bioko Norte","Basuala"
"GQ","Bioko Norte","Basuala Mision"
"GQ","Bioko Norte","Basupi Fiston"
"GQ","Bioko Norte","Basupu"
"GQ","Bioko Norte","Basupu Del Oeste"
"GQ","Litoral","Bata"
"GQ","Bioko Sur","Batete"
"GQ","Bioko Norte","Batikopo"
"GQ","Bioko Norte","Batoicopo"
"GQ","Kie-Ntem","Beayop"
"GQ","Kie-Ntem","Be"
"GQ","Litoral","Bebogo"
"GQ","Litoral","Bebudu"
"GQ","Kie-Ntem","Bebulu"
"GQ","Litoral","Bedimbe"
"GQ","Kie-Ntem","Bedoum"
"GQ","Kie-Ntem","Bedoumo"
"GQ","Litoral","Beduba"
"GQ","Litoral","Bedubu"
"GQ","Kie-Ntem","Bedum"
"GQ","Kie-Ntem","Bedumo"
"GQ","Centro Sur","Bedya"
"GQ","Kie-Ntem","Bee"
"GQ","Litoral","Behoke"
"GQ","Litoral","Behopue"
"GQ","Bioko Sur","Belebu Balacha"
"GQ","Bioko Sur","Belelipa"
"GQ","Centro Sur","Belen"
"GQ","Bioko Sur","Belepipa"
"GQ","Bioko Sur","Beletipa"
"GQ","Litoral","Belombo"
"GQ","Litoral","Belungu"
"GQ","Centro Sur","Bemvong"
"GQ","Litoral","Bemvong"
"GQ","Litoral","Bendanga"
"GQ","Wele-Nzas","Bengonbeyene"
"GQ","Litoral","Beningo"
"GQ","Centro Sur","Benito"
"GQ","Litoral","Benito"
"GQ","Litoral","Benvene"
"GQ","Centro Sur","Berbere"
"GQ","Centro Sur","Berebere"
"GQ","Kie-Ntem","Besabeba"
"GQ","Kie-Ntem","Besongo"
"GQ","Litoral","Besu"
"GQ","Bioko Sur","Betelipa"
"GQ","Litoral","Betimbe"
"GQ","Litoral","Betimbile"
"GQ","Litoral","Bevova"
"GQ","Centro Sur","Beyibe"
"GQ","Litoral","Bia"
"GQ","Litoral","Biadibe"
"GQ","Litoral","Biameno"
"GQ","Litoral","Biapa"
"GQ","Kie-Ntem","Bibain"
"GQ","Kie-Ntem","Bibara"
"GQ","Centro Sur","Bibas"
"GQ","Kie-Ntem","Bibe"
"GQ","Wele-Nzas","Bibe"
"GQ","Kie-Ntem","Bibein"
"GQ","Kie-Ntem","Biben"
"GQ","Wele-Nzas","Bibo"
"GQ","Centro Sur","Bibobindoc"
"GQ","Litoral","Biboco"
"GQ","Litoral","Bibogo"
"GQ","Litoral","Bibono"
"GQ","Kie-Ntem","Bibulubam"
"GQ","Kie-Ntem","Bibulu"
"GQ","Centro Sur","Bicaba"
"GQ","Kie-Ntem","Bicaba"
"GQ","Litoral","Bicaba"
"GQ","Kie-Ntem","Bicat"
"GQ","Kie-Ntem","Bichabichan"
"GQ","Litoral","Bicoeme"
"GQ","Litoral","Bicomo"
"GQ","Wele-Nzas","Bicon"
"GQ","Litoral","Biconete"
"GQ","Litoral","Bicoro"
"GQ","Wele-Nzas","Bicuama"
"GQ","Litoral","Bicubini"
"GQ","Litoral","Bicueme"
"GQ","Kie-Ntem","Bicugo"
"GQ","Litoral","Bicui"
"GQ","Centro Sur","Bicum"
"GQ","Litoral","Bicum"
"GQ","Litoral","Bicuna"
"GQ","Centro Sur","Bicurga"
"GQ","Centro Sur","Bidoa"
"GQ","Kie-Ntem","Bidobo"
"GQ","Centro Sur","Bidogo"
"GQ","Wele-Nzas","Bidogo"
"GQ","Wele-Nzas","Bidok"
"GQ","Litoral","Bidoma"
"GQ","Centro Sur","Bidon"
"GQ","Kie-Ntem","Biduangona"
"GQ","Litoral","Bidue"
"GQ","Litoral","Bidya Bidyan"
"GQ","Centro Sur","Bidyangobibere"
"GQ","Centro Sur","Bidyigdyiga"
"GQ","Kie-Ntem","Bifee"
"GQ","Kie-Ntem","Bifet"
"GQ","Centro Sur","Bigueme"
"GQ","Litoral","Bigueme"
"GQ","Wele-Nzas","Bigumo"
"GQ","Kie-Ntem","Biguoba"
"GQ","Centro Sur","Biguogo"
"GQ","Kie-Ntem","Biion"
"GQ","Centro Sur","Bikaba"
"GQ","Kie-Ntem","Bikaba"
"GQ","Litoral","Bikaba"
"GQ","Litoral","Bikom"
"GQ","Kie-Ntem","Bikugo"
"GQ","Litoral","Bikumbini"
"GQ","Centro Sur","Bikurga"
"GQ","Bioko Sur","Bilelepa"
"GQ","Bioko Sur","Bilelipa"
"GQ","Kie-Ntem","Bilen"
"GQ","Litoral","Bilen"
"GQ","Centro Sur","Bilene"
"GQ","Litoral","Bileng"
"GQ","Wele-Nzas","Bileosi"
"GQ","Centro Sur","Bilon"
"GQ","Kie-Ntem","Bilon"
"GQ","Litoral","Bilon"
"GQ","Kie-Ntem","Bilont"
"GQ","Litoral","Bilorto"
"GQ","Litoral","Bimbon"
"GQ","Kie-Ntem","Bindele"
"GQ","Litoral","Bindele"
"GQ","Centro Sur","Bindoc"
"GQ","Centro Sur","Bindok"
"GQ","Litoral","Bindola"
"GQ","Litoral","Bindun"
"GQ","Litoral","Bindung"
"GQ","Litoral","Bindyengue"
"GQ","Litoral","Bineng"
"GQ","Litoral","Bingacue"
"GQ","Litoral","Bingakue"
"GQ","Litoral","Bingocom"
"GQ","Wele-Nzas","Bingon"
"GQ","Litoral","Bingong"
"GQ","Wele-Nzas","Bingono"
"GQ","Centro Sur","Binguala"
"GQ","Centro Sur","Binguara"
"GQ","Litoral","Binguenguen"
"GQ","Centro Sur","Binguengueng"
"GQ","Litoral","Binguru"
"GQ","Centro Sur","Binsan"
"GQ","Bioko Sur","Bioco"
"GQ","Kie-Ntem","Biok"
"GQ","Bioko Sur","Bioko"
"GQ","Kie-Ntem","Bisabat"
"GQ","Litoral","Bisabicuna"
"GQ","Litoral","Bisabinya"
"GQ","Centro Sur","Bisangobibere"
"GQ","Centro Sur","Bisega"
"GQ","Centro Sur","Bisobinam"
"GQ","Kie-Ntem","Bisobinam"
"GQ","Litoral","Bisobinam"
"GQ","Wele-Nzas","Bisobinam"
"GQ","Kie-Ntem","Bisobinbong"
"GQ","Wele-Nzas","Bisobinnam"
"GQ","Wele-Nzas","Bisominam"
"GQ","Centro Sur","Bison"
"GQ","Kie-Ntem","Bison"
"GQ","Centro Sur","Bisong"
"GQ","Kie-Ntem","Bisong"
"GQ","Centro Sur","Bisono"
"GQ","Litoral","Bisum"
"GQ","Centro Sur","Bisun"
"GQ","Kie-Ntem","Bisun"
"GQ","Kie-Ntem","Bitet"
"GQ","Litoral","Bitica"
"GQ","Litoral","Bitika"
"GQ","Centro Sur","Bitom"
"GQ","Kie-Ntem","Biyabiyan"
"GQ","Litoral","Boabele"
"GQ","Litoral","Boboba"
"GQ","Bioko Sur","Bococo"
"GQ","Kie-Ntem","Bocondo"
"GQ","Bioko Sur","Bocoricho Balacha"
"GQ","Bioko Sur","Bocoricho Ombori"
"GQ","Bioko Sur","Boemeriba"
"GQ","Litoral","Bofondo"
"GQ","Bioko Sur","Bohe"
"GQ","Bioko Sur","Bohemeriba"
"GQ","Bioko Sur","Boho"
"GQ","Litoral","Bohoco"
"GQ","Bioko Sur","Bokoko"
"GQ","Bioko Sur","Bokoricho-Balacha"
"GQ","Bioko Sur","Bokoricho-Ombori"
"GQ","Centro Sur","Bola"
"GQ","Kie-Ntem","Bolando"
"GQ","Wele-Nzas","Bolankui"
"GQ","Bioko Sur","Boloco Big"
"GQ","Bioko Sur","Boloco"
"GQ","Bioko Sur","Boloko"
"GQ","Bioko Sur","Boloko Grande"
"GQ","Litoral","Bolondo"
"GQ","Wele-Nzas","Bolonkiein"
"GQ","Bioko Sur","Bombe"
"GQ","Litoral","Bomidi"
"GQ","Litoral","Bompami"
"GQ","Litoral","Bomudi"
"GQ","Litoral","Bomudis"
"GQ","Centro Sur","Bon"
"GQ","Litoral","Bonche"
"GQ","Litoral","Bondei"
"GQ","Litoral","Bondya'Amba"
"GQ","Litoral","Bongo"
"GQ","Centro Sur","Bonguila"
"GQ","Kie-Ntem","Bono"
"GQ","Litoral","Bonobono"
"GQ","Litoral","Bonung"
"GQ","Litoral","Bonyaambe"
"GQ","Centro Sur","Boo"
"GQ","Litoral","Boo"
"GQ","Kie-Ntem","Bosoong"
"GQ","Bioko Norte","Bososo"
"GQ","Bioko Norte","Botenos"
"GQ","Bioko Norte","Botonos"
"GQ","Litoral","Bouembo"
"GQ","Kie-Ntem","Buabe"
"GQ","Kie-Ntem","Bubulu"
"GQ","Bioko Sur","Buchica"
"GQ","Litoral","Buembo"
"GQ","Bioko Sur","Buemeriba"
"GQ","Litoral","Buma"
"GQ","Centro Sur","Caangan"
"GQ","Litoral","Cabo San Juan"
"GQ","Litoral","Cadiz"
"GQ","Litoral","Calatrava"
"GQ","Kie-Ntem","Cam"
"GQ","Wele-Nzas","Cam"
"GQ","Litoral","Camfere"
"GQ","Litoral","Camferec"
"GQ","Litoral","Campo"
"GQ","Litoral","Canfere"
"GQ","Litoral","Cang"
"GQ","Litoral","Casablanca"
"GQ","Kie-Ntem","Charman"
"GQ","Centro Sur","Chimi"
"GQ","Centro Sur","Churu"
"GQ","Bioko Norte","Ciudad De Ela Nguema"
"GQ","Bioko Sur","Ciudad De Luba"
"GQ","Bioko Norte","Ciudad De Malabo"
"GQ","Bioko Sur","Ciudad De Riaba"
"GQ","Bioko Sur","Claret De Batete"
"GQ","Wele-Nzas","Cnesis"
"GQ","Litoral","Coes"
"GQ","Centro Sur","Cogo"
"GQ","Litoral","Cogo"
"GQ","Litoral","Comandakina"
"GQ","Litoral","Combere"
"GQ","Litoral","Combo"
"GQ","Litoral","Combue"
"GQ","Wele-Nzas","Com"
"GQ","Litoral","Como"
"GQ","Centro Sur","Compania"
"GQ","Bioko Sur","Concepcion"
"GQ","Kie-Ntem","Cono"
"GQ","Centro Sur","Corro"
"GQ","Litoral","Cotango"
"GQ","Litoral","Coto"
"GQ","Litoral","Coumenye"
"GQ","Litoral","Covadonga"
"GQ","Centro Sur","Cucumancoc"
"GQ","Litoral","Culananda"
"GQ","Litoral","Cuma"
"GQ","Litoral","Cumangul"
"GQ","Litoral","Cumenye"
"GQ","Kie-Ntem","Cunoguono"
"GQ","Bioko Norte","Cupapa"
"GQ","Kie-Ntem","Dalama"
"GQ","Litoral","Dama"
"GQ","Centro Sur","Dejambeme"
"GQ","Litoral","Deogracias"
"GQ","Litoral","Dibanyolo"
"GQ","Litoral","Dibolo"
"GQ","Wele-Nzas","Dibolo"
"GQ","Kie-Ntem","Dipicar"
"GQ","Kie-Ntem","Djobete"
"GQ","Centro Sur","Dnmanduin"
"GQ","Litoral","Dogo"
"GQ","Litoral","Domande"
"GQ","Kie-Ntem","Dumandui"
"GQ","Centro Sur","Dumanduin"
"GQ","Kie-Ntem","Dumanduin"
"GQ","Kie-Ntem","Dumanduy"
"GQ","Centro Sur","Dum"
"GQ","Kie-Ntem","Dum"
"GQ","Wele-Nzas","Dumo"
"GQ","Wele-Nzas","Dumosi"
"GQ","Centro Sur","Dun"
"GQ","Centro Sur","Dyaambem"
"GQ","Centro Sur","Dyeng"
"GQ","Centro Sur","Dyio"
"GQ","Litoral","Ebacoc"
"GQ","Centro Sur","Ebain"
"GQ","Kie-Ntem","Ebain"
"GQ","Wele-Nzas","Ebain"
"GQ","Litoral","Ebala"
"GQ","Centro Sur","Ebamayong"
"GQ","Centro Sur","Ebam"
"GQ","Kie-Ntem","Ebam"
"GQ","Wele-Nzas","Ebam"
"GQ","Centro Sur","Ebamoyong"
"GQ","Centro Sur","Ebana"
"GQ","Centro Sur","Ebane"
"GQ","Kie-Ntem","Ebang"
"GQ","Wele-Nzas","Ebang"
"GQ","Litoral","Ebanguesimba"
"GQ","Kie-Ntem","Ebansoc"
"GQ","Kie-Ntem","Ebansok"
"GQ","Litoral","Ebara"
"GQ","Kie-Ntem","Ebasoc"
"GQ","Kie-Ntem","Ebay"
"GQ","Centro Sur","Ebcua Meyene"
"GQ","Wele-Nzas","Ebebeng"
"GQ","Centro Sur","Ebebiyin"
"GQ","Kie-Ntem","Ebebiyin"
"GQ","Kie-Ntem","Ebe"
"GQ","Kie-Ntem","Ebein"
"GQ","Wele-Nzas","Ebein"
"GQ","Kie-Ntem","Ebemayong"
"GQ","Litoral","Ebendo"
"GQ","Kie-Ntem","Ebengon"
"GQ","Centro Sur","Ebensam"
"GQ","Centro Sur","Ebesam"
"GQ","Centro Sur","Ebesang"
"GQ","Centro Sur","Ebiane"
"GQ","Kie-Ntem","Ebiane"
"GQ","Kie-Ntem","Ebibeyin"
"GQ","Kie-Ntem","Ebibeying"
"GQ","Centro Sur","Ebien"
"GQ","Kie-Ntem","Ebiengon"
"GQ","Centro Sur","Ebinayon"
"GQ","Centro Sur","Ebinayong"
"GQ","Centro Sur","Ebineyon"
"GQ","Centro Sur","Ebinoyon"
"GQ","Centro Sur","Eboafan"
"GQ","Kie-Ntem","Eboamvam"
"GQ","Centro Sur","Ebobut"
"GQ","Kie-Ntem","Ebo"
"GQ","Litoral","Eboga"
"GQ","Litoral","Ebolobur"
"GQ","Centro Sur","Eboloua"
"GQ","Centro Sur","Ebolua"
"GQ","Kie-Ntem","Ebom"
"GQ","Wele-Nzas","Ebom"
"GQ","Centro Sur","Ebomekour"
"GQ","Centro Sur","Ebomekur"
"GQ","Centro Sur","Ebomicu"
"GQ","Wele-Nzas","Ebomicu"
"GQ","Litoral","Ebomitong"
"GQ","Wele-Nzas","Ebommiku"
"GQ","Centro Sur","Ebomncu"
"GQ","Centro Sur","Ebomosi"
"GQ","Centro Sur","Ebongle"
"GQ","Kie-Ntem","Ebongo"
"GQ","Litoral","Ebongo"
"GQ","Centro Sur","Ebonguilla"
"GQ","Litoral","Eboto"
"GQ","Litoral","Ebuma"
"GQ","Bioko Sur","Eburu"
"GQ","Litoral","Ecang"
"GQ","Centro Sur","Echaesia"
"GQ","Centro Sur","Echam"
"GQ","Kie-Ntem","Echam"
"GQ","Litoral","Echume"
"GQ","Litoral","Ecobenam"
"GQ","Wele-Nzas","Ecoc"
"GQ","Wele-Nzas","Ecoco"
"GQ","Wele-Nzas","Ecog"
"GQ","Kie-Ntem","Ecoguon"
"GQ","Litoral","Ecoguon"
"GQ","Centro Sur","Ecoguong"
"GQ","Kie-Ntem","Ecoguong"
"GQ","Kie-Ntem","Econeguon"
"GQ","Kie-Ntem","Ecoo"
"GQ","Wele-Nzas","Ecuac"
"GQ","Wele-Nzas","Ecuamayene"
"GQ","Centro Sur","Ecuc"
"GQ","Kie-Ntem","Ecuc"
"GQ","Litoral","Ecuc"
"GQ","Litoral","Ecuco"
"GQ","Wele-Nzas","Ecui"
"GQ","Litoral","Ecumanguma"
"GQ","Kie-Ntem","Ecumdum"
"GQ","Kie-Ntem","Ecumeben"
"GQ","Litoral","Ecumongom"
"GQ","Kie-Ntem","Ecuon"
"GQ","Litoral","Ecurudya"
"GQ","Litoral","Ecurya"
"GQ","Litoral","Edobngong"
"GQ","Centro Sur","Edolo"
"GQ","Litoral","Eduba"
"GQ","Centro Sur","Edum"
"GQ","Kie-Ntem","Edum"
"GQ","Wele-Nzas","Edum"
"GQ","Wele-Nzas","Edumesok"
"GQ","Kie-Ntem","Edumzam"
"GQ","Kie-Ntem","Edyomeete"
"GQ","Centro Sur","Edyuba"
"GQ","Centro Sur","Efon"
"GQ","Centro Sur","Efong"
"GQ","Centro Sur","Efula"
"GQ","Kie-Ntem","Efulan-Ayene"
"GQ","Centro Sur","Efulan"
"GQ","Kie-Ntem","Efulan"
"GQ","Litoral","Efulan"
"GQ","Wele-Nzas","Efulan"
"GQ","Centro Sur","Efulayong"
"GQ","Litoral","Efule"
"GQ","Kie-Ntem","Egon"
"GQ","Kie-Ntem","Eguom"
"GQ","Litoral","Eguonannam"
"GQ","Kie-Ntem","Eguong"
"GQ","Kie-Ntem","Eguong-Niemayong"
"GQ","Kie-Ntem","Eguong Nsang"
"GQ","Bioko Sur","Ehoko"
"GQ","Litoral","Ekenikovi"
"GQ","Centro Sur","Eko'Guong"
"GQ","Centro Sur","Ekoguong"
"GQ","Kie-Ntem","Eko'Guong"
"GQ","Wele-Nzas","Ekok"
"GQ","Kie-Ntem","Ekowong"
"GQ","Wele-Nzas","Ekuak"
"GQ","Wele-Nzas","Ekua'Mayene"
"GQ","Centro Sur","Ekuk"
"GQ","Kie-Ntem","Ekuk"
"GQ","Litoral","Ekuku"
"GQ","Litoral","Ekumanguma"
"GQ","Kie-Ntem","Ekumdum"
"GQ","Kie-Ntem","Ekumebain"
"GQ","Litoral","Ekurecha"
"GQ","Bioko Norte","Ela Nguema"
"GQ","Wele-Nzas","Elansoc"
"GQ","Kie-Ntem","Elat"
"GQ","Kie-Ntem","Elebelaba"
"GQ","Litoral","Elende"
"GQ","Litoral","Eloa"
"GQ","Litoral","Elolon"
"GQ","Litoral","Elonasi"
"GQ","Centro Sur","Elon"
"GQ","Wele-Nzas","Elon"
"GQ","Centro Sur","Elonesang"
"GQ","Kie-Ntem","Elong"
"GQ","Wele-Nzas","Elong"
"GQ","Litoral","Elonglong"
"GQ","Litoral","Elongo"
"GQ","Litoral","Elonguambane"
"GQ","Litoral","Elonguambani"
"GQ","Centro Sur","Elonsam"
"GQ","Wele-Nzas","Elosoc"
"GQ","Litoral","Elua"
"GQ","Litoral","Elungu"
"GQ","Kie-Ntem","Emaraboc"
"GQ","Kie-Ntem","Embiert"
"GQ","Litoral","Embonda"
"GQ","Kie-Ntem","Emorabok"
"GQ","Centro Sur","Emvemve"
"GQ","Centro Sur","Emvila"
"GQ","Centro Sur","Enang"
"GQ","Centro Sur","Enbembe"
"GQ","Wele-Nzas","Encoembe"
"GQ","Wele-Nzas","Encoengoon"
"GQ","Litoral","Encuantang"
"GQ","Litoral","Endembe"
"GQ","Litoral","Endemdem"
"GQ","Litoral","Endendem"
"GQ","Kie-Ntem","Endenden"
"GQ","Centro Sur","Eneng"
"GQ","Kie-Ntem","Eneng"
"GQ","Centro Sur","Enengmelen"
"GQ","Wele-Nzas","Engas"
"GQ","Centro Sur","Engomngom"
"GQ","Centro Sur","Engong"
"GQ","Kie-Ntem","Engong"
"GQ","Litoral","Engong"
"GQ","Centro Sur","Engongom"
"GQ","Centro Sur","Enguez"
"GQ","Kie-Ntem","Eniacugu"
"GQ","Centro Sur","Enigabe"
"GQ","Centro Sur","Enigaco"
"GQ","Kie-Ntem","Enigaco"
"GQ","Centro Sur","Enigakuku"
"GQ","Litoral","Enigayong"
"GQ","Centro Sur","Eningabe"
"GQ","Kie-Ntem","Eningako"
"GQ","Kie-Ntem","Enoc"
"GQ","Wele-Nzas","Enoc"
"GQ","Kie-Ntem","Enok"
"GQ","Centro Sur","Enormebei"
"GQ","Centro Sur","Enormebel"
"GQ","Kie-Ntem","Ensalga"
"GQ","Kie-Ntem","Ensang"
"GQ","Wele-Nzas","Ensorc"
"GQ","Centro Sur","Enuc"
"GQ","Wele-Nzas","Enuc"
"GQ","Centro Sur","Enuk"
"GQ","Wele-Nzas","Enuk"
"GQ","Litoral","Enusoc"
"GQ","Bioko Sur","Eoco"
"GQ","Bioko Sur","Eori"
"GQ","Kie-Ntem","Epole"
"GQ","Centro Sur","Esactom"
"GQ","Kie-Ntem","Esalan"
"GQ","Wele-Nzas","Esam"
"GQ","Wele-Nzas","Esangui"
"GQ","Kie-Ntem","Esantua"
"GQ","Centro Sur","Esomo"
"GQ","Centro Sur","Eson"
"GQ","Kie-Ntem","Eson"
"GQ","Wele-Nzas","Eson"
"GQ","Wele-Nzas","Esongasi"
"GQ","Centro Sur","Esong"
"GQ","Kie-Ntem","Esong"
"GQ","Wele-Nzas","Esong"
"GQ","Wele-Nzas","Esongsi"
"GQ","Centro Sur","Espana"
"GQ","Litoral","Esperanza"
"GQ","Centro Sur","Esua"
"GQ","Litoral","Esua"
"GQ","Litoral","Esun"
"GQ","Kie-Ntem","Eteete"
"GQ","Kie-Ntem","Eteguevein"
"GQ","Litoral","Etembue"
"GQ","Centro Sur","Eteng"
"GQ","Kie-Ntem","Eteoveng"
"GQ","Kie-Ntem","Etete"
"GQ","Litoral","Etiani'S"
"GQ","Litoral","Etiany"
"GQ","Litoral","Etoantan"
"GQ","Litoral","Etogo"
"GQ","Centro Sur","Etom"
"GQ","Wele-Nzas","Etom"
"GQ","Kie-Ntem","Eton"
"GQ","Centro Sur","Etong"
"GQ","Litoral","Etongo"
"GQ","Wele-Nzas","Etoum"
"GQ","Wele-Nzas","Etum"
"GQ","Centro Sur","Euonanam"
"GQ","Litoral","Euonanam"
"GQ","Kie-Ntem","Evaa"
"GQ","Litoral","Evangesimba"
"GQ","Litoral","Evanguesimba"
"GQ","Kie-Ntem","Evansoc"
"GQ","Centro Sur","Evenam"
"GQ","Litoral","Evende"
"GQ","Litoral","Evesasi"
"GQ","Centro Sur","Eves"
"GQ","Kie-Ntem","Eves"
"GQ","Wele-Nzas","Eves"
"GQ","Centro Sur","Evina"
"GQ","Centro Sur","Evinayon"
"GQ","Centro Sur","Evinayong-Asiasi"
"GQ","Centro Sur","Evinayong"
"GQ","Centro Sur","Evoardulu"
"GQ","Centro Sur","Evoaryulu"
"GQ","Litoral","Evoaryulu"
"GQ","Kie-Ntem","Evocuon"
"GQ","Centro Sur","Evodulo"
"GQ","Kie-Ntem","Evodulu"
"GQ","Litoral","Evongo"
"GQ","Litoral","Evoredulu"
"GQ","Litoral","Evor"
"GQ","Centro Sur","Evueman"
"GQ","Litoral","Evuenam"
"GQ","Litoral","Evuennam"
"GQ","Centro Sur","Evuennan"
"GQ","Centro Sur","Ewinajon"
"GQ","Kie-Ntem","Eyabe"
"GQ","Centro Sur","Eyamayon"
"GQ","Centro Sur","Eyamayong"
"GQ","Centro Sur","Eya'Mayong"
"GQ","Centro Sur","Eyamayong"
"GQ","Litoral","Eya'Mayong"
"GQ","Wele-Nzas","Eyamayong"
"GQ","Centro Sur","Eyameyong"
"GQ","Centro Sur","Eyamoyong"
"GQ","Litoral","Eyamoyong"
"GQ","Litoral","Eyanebot"
"GQ","Litoral","Eyang"
"GQ","Kie-Ntem","Eyen"
"GQ","Kie-Ntem","Eyina"
"GQ","Litoral","Eyiyielon"
"GQ","Kie-Ntem","Eyom"
"GQ","Litoral","Eyubu"
"GQ","Centro Sur","Fegayong"
"GQ","Litoral","Feme"
"GQ","Centro Sur","Fenayop"
"GQ","Centro Sur","Fimacoc"
"GQ","Centro Sur","Fimakok"
"GQ","Litoral","Finca Alena"
"GQ","Bioko Norte","Fishtown"
"GQ","Wele-Nzas","Fonete"
"GQ","Centro Sur","Foo"
"GQ","Litoral","Fua"
"GQ","Kie-Ntem","Fublia"
"GQ","Centro Sur","Fula"
"GQ","Litoral","Gabongobo"
"GQ","Litoral","Ginguina"
"GQ","Litoral","Goabe"
"GQ","Litoral","Gobe"
"GQ","Litoral","Goobe"
"GQ","Litoral","Goube"
"GQ","Litoral","Gube"
"GQ","Litoral","Hoba-Capi"
"GQ","Litoral","Ibenga"
"GQ","Litoral","Ibengayucudi"
"GQ","Litoral","Ibengayukudi"
"GQ","Litoral","Ibimbo"
"GQ","Litoral","Ibinamae"
"GQ","Litoral","Ibonga"
"GQ","Litoral","Iboto"
"GQ","Litoral","Icanicobi"
"GQ","Litoral","Ichime"
"GQ","Wele-Nzas","Icondo"
"GQ","Centro Sur","Idolo"
"GQ","Litoral","Idolo"
"GQ","Litoral","Iduma"
"GQ","Litoral","Iguene"
"GQ","Litoral","Ihoni-Yandonu"
"GQ","Litoral","Ikunde"
"GQ","Litoral","Ilale-Igene"
"GQ","Litoral","Ilale"
"GQ","Kie-Ntem","Ilende"
"GQ","Litoral","Itala"
"GQ","Litoral","Italamanga"
"GQ","Litoral","Ivinamaye"
"GQ","Litoral","Ivoungo"
"GQ","Litoral","Ivungo"
"GQ","Litoral","Izaguirre"
"GQ","Litoral","Jaaye"
"GQ","Litoral","Janga"
"GQ","Litoral","Janye"
"GQ","Litoral","Jawabuma"
"GQ","Litoral","Kamfere"
"GQ","Kie-Ntem","Kam"
"GQ","Litoral","Kanfere"
"GQ","Litoral","Kang"
"GQ","Centro Sur","Kim"
"GQ","Litoral","Kinanongo"
"GQ","Kie-Ntem","Kinbendag"
"GQ","Centro Sur","King"
"GQ","Litoral","King"
"GQ","Centro Sur","Kiri"
"GQ","Centro Sur","Koga"
"GQ","Centro Sur","Kogo"
"GQ","Litoral","Kokapipa"
"GQ","Litoral","Kombo"
"GQ","Centro Sur","Koro"
"GQ","Litoral","Koto"
"GQ","Litoral","Kubue"
"GQ","Centro Sur","Kukumankok"
"GQ","Litoral","Kuma"
"GQ","Kie-Ntem","Kunoguono"
"GQ","Bioko Norte","Kupapa"
"GQ","Centro Sur","Laca"
"GQ","Bioko Sur","La Concepcion"
"GQ","Bioko Sur","La Conception"
"GQ","Bioko Norte","Laka-Baney"
"GQ","Litoral","Lambue"
"GQ","Litoral","Lea"
"GQ","Litoral","Lea-Ngolo"
"GQ","Litoral","Lembue"
"GQ","Centro Sur","Leng"
"GQ","Litoral","Liengue"
"GQ","Centro Sur","Lisboa"
"GQ","Centro Sur","Llama"
"GQ","Centro Sur","Loa"
"GQ","Centro Sur","Loayop"
"GQ","Litoral","Lobe"
"GQ","Litoral","Londone"
"GQ","Litoral","London"
"GQ","Litoral","Longambanay"
"GQ","Kie-Ntem","Long"
"GQ","Litoral","Longoambani"
"GQ","Litoral","Luango"
"GQ","Bioko Sur","Luba"
"GQ","Litoral","Lungu"
"GQ","Kie-Ntem","Maan"
"GQ","Kie-Ntem","Mabain"
"GQ","Wele-Nzas","Mabama"
"GQ","Centro Sur","Mabam"
"GQ","Annobon","Mabana"
"GQ","Kie-Ntem","Mabeguele"
"GQ","Kie-Ntem","Mabe Guolo"
"GQ","Kie-Ntem","Mabeguolo"
"GQ","Centro Sur","Mabele"
"GQ","Litoral","Mabeman"
"GQ","Litoral","Mabem"
"GQ","Centro Sur","Mabere"
"GQ","Kie-Ntem","Mabere"
"GQ","Wele-Nzas","Mabere"
"GQ","Kie-Ntem","Mabesan"
"GQ","Kie-Ntem","Maboe"
"GQ","Kie-Ntem","Mabo"
"GQ","Kie-Ntem","Mabomo"
"GQ","Centro Sur","Mabono"
"GQ","Wele-Nzas","Maboo"
"GQ","Kie-Ntem","Mabue"
"GQ","Litoral","Mabuki"
"GQ","Litoral","Mabumuom"
"GQ","Centro Sur","Mabuno"
"GQ","Kie-Ntem","Macac"
"GQ","Litoral","Macac"
"GQ","Wele-Nzas","Macac"
"GQ","Centro Sur","Macamensoc"
"GQ","Centro Sur","Macha'Mabe"
"GQ","Litoral","Machaua"
"GQ","Wele-Nzas","Machimi"
"GQ","Litoral","Machinda"
"GQ","Wele-Nzas","Machine"
"GQ","Kie-Ntem","Macoc"
"GQ","Centro Sur","Macoete"
"GQ","Centro Sur","Macoga"
"GQ","Kie-Ntem","Macoga"
"GQ","Litoral","Macoga"
"GQ","Wele-Nzas","Macoga"
"GQ","Kie-Ntem","Macogu"
"GQ","Kie-Ntem","Macom"
"GQ","Wele-Nzas","Macom"
"GQ","Kie-Ntem","Macomo"
"GQ","Litoral","Macomo"
"GQ","Wele-Nzas","Macomo"
"GQ","Centro Sur","Maconanam"
"GQ","Kie-Ntem","Maconanam"
"GQ","Litoral","Maconanam"
"GQ","Centro Sur","Maconanan"
"GQ","Litoral","Macon"
"GQ","Centro Sur","Macoraete"
"GQ","Kie-Ntem","Macora"
"GQ","Wele-Nzas","Macula"
"GQ","Centro Sur","Madouma"
"GQ","Centro Sur","Madrid"
"GQ","Centro Sur","Maduma"
"GQ","Centro Sur","Madyamabe"
"GQ","Centro Sur","Madyamebe"
"GQ","Litoral","Madyamebe"
"GQ","Litoral","Madyap"
"GQ","Kie-Ntem","Mae"
"GQ","Centro Sur","Mafo"
"GQ","Centro Sur","Mafono"
"GQ","Litoral","Magane"
"GQ","Centro Sur","Maguomo"
"GQ","Wele-Nzas","Makak"
"GQ","Centro Sur","Makamansok"
"GQ","Kie-Ntem","Makananam"
"GQ","Centro Sur","Makoga"
"GQ","Kie-Ntem","Makoga"
"GQ","Wele-Nzas","Makoga"
"GQ","Centro Sur","Makomo"
"GQ","Kie-Ntem","Makomo"
"GQ","Litoral","Makomo"
"GQ","Centro Sur","Makonanam"
"GQ","Kie-Ntem","Makonanam"
"GQ","Litoral","Makonannam"
"GQ","Kie-Ntem","Makora"
"GQ","Kie-Ntem","Makugo"
"GQ","Wele-Nzas","Makula"
"GQ","Bioko Norte","Malaba"
"GQ","Bioko Norte","Malabo"
"GQ","Bioko Sur","Malabo"
"GQ","Litoral","Malancha"
"GQ","Litoral","Malangale"
"GQ","Kie-Ntem","Malem"
"GQ","Centro Sur","Malen"
"GQ","Kie-Ntem","Malen"
"GQ","Wele-Nzas","Malen"
"GQ","Kie-Ntem","Malen-Malen"
"GQ","Kie-Ntem","Maloo"
"GQ","Kie-Ntem","Mameni"
"GQ","Centro Sur","Manchine"
"GQ","Kie-Ntem","Mandame"
"GQ","Kie-Ntem","Mandoc"
"GQ","Litoral","Mandoc"
"GQ","Wele-Nzas","Mandoc"
"GQ","Kie-Ntem","Mandok"
"GQ","Litoral","Mandok"
"GQ","Wele-Nzas","Mandok"
"GQ","Kie-Ntem","Manduma"
"GQ","Centro Sur","Mandum"
"GQ","Centro Sur","Mandung"
"GQ","Centro Sur","Mane"
"GQ","Kie-Ntem","Mane"
"GQ","Litoral","Mangala"
"GQ","Centro Sur","Manga"
"GQ","Kie-Ntem","Manga"
"GQ","Litoral","Mangane"
"GQ","Kie-Ntem","Mangasi"
"GQ","Centro Sur","Mang"
"GQ","Centro Sur","Mangola"
"GQ","Litoral","Mangola"
"GQ","Wele-Nzas","Mangomayen"
"GQ","Centro Sur","Mangone"
"GQ","Centro Sur","Mangong"
"GQ","Litoral","Mangoy"
"GQ","Kie-Ntem","Mangsi"
"GQ","Kie-Ntem","Mangui"
"GQ","Litoral","Mangumala"
"GQ","Litoral","Manguma"
"GQ","Centro Sur","Man"
"GQ","Centro Sur","Manseng"
"GQ","Centro Sur","Manumone"
"GQ","Centro Sur","Manumony"
"GQ","Kie-Ntem","Manung"
"GQ","Litoral","Manyanga"
"GQ","Wele-Nzas","Margomo"
"GQ","Kie-Ntem","Masama"
"GQ","Wele-Nzas","Masama"
"GQ","Centro Sur","Masa"
"GQ","Wele-Nzas","Masa"
"GQ","Centro Sur","Masam"
"GQ","Kie-Ntem","Maseng"
"GQ","Litoral","Maseng"
"GQ","Wele-Nzas","Maseng"
"GQ","Kie-Ntem","Maseng-Nsamikan"
"GQ","Wele-Nzas","Maseyem"
"GQ","Kie-Ntem","Masia"
"GQ","Centro Sur","Masoc"
"GQ","Kie-Ntem","Masoc"
"GQ","Litoral","Masoc"
"GQ","Centro Sur","Masok"
"GQ","Kie-Ntem","Masomo"
"GQ","Kie-Ntem","Masseng"
"GQ","Litoral","Masugmening"
"GQ","Centro Sur","Masuguening"
"GQ","Centro Sur","Masungmening"
"GQ","Kie-Ntem","Mataamalong"
"GQ","Litoral","Matadiate"
"GQ","Wele-Nzas","Matamasi"
"GQ","Centro Sur","Mata"
"GQ","Wele-Nzas","Matamesi"
"GQ","Litoral","Matandiate"
"GQ","Litoral","Matondo"
"GQ","Wele-Nzas","Matuin"
"GQ","Litoral","Matungu"
"GQ","Bioko Sur","Maule De Gaesa"
"GQ","Bioko Sur","Maule"
"GQ","Centro Sur","Mavo"
"GQ","Centro Sur","Mavumo"
"GQ","Centro Sur","Mavuno"
"GQ","Centro Sur","Mavunu"
"GQ","Litoral","Mawomo"
"GQ","Kie-Ntem","Mayala"
"GQ","Centro Sur","Mayang"
"GQ","Litoral","Mayang"
"GQ","Wele-Nzas","Mayang"
"GQ","Litoral","Mayeme"
"GQ","Wele-Nzas","Mayom"
"GQ","Kie-Ntem","Mayos"
"GQ","Centro Sur","Mbabiyegue"
"GQ","Kie-Ntem","Mbamansoc"
"GQ","Kie-Ntem","Mbamansok"
"GQ","Centro Sur","Mba"
"GQ","Kie-Ntem","Mba"
"GQ","Litoral","Mba"
"GQ","Centro Sur","Mbam"
"GQ","Kie-Ntem","Mbam"
"GQ","Wele-Nzas","Mbam"
"GQ","Litoral","Mbanenvila"
"GQ","Kie-Ntem","Mbangosi"
"GQ","Kie-Ntem","Mbangsi"
"GQ","Kie-Ntem","Mban"
"GQ","Wele-Nzas","Mban"
"GQ","Kie-Ntem","Mbarangun"
"GQ","Kie-Ntem","Mbaseng"
"GQ","Wele-Nzas","Mbayop"
"GQ","Litoral","Mbea"
"GQ","Wele-Nzas","Mbeayop"
"GQ","Kie-Ntem","Mbedumo"
"GQ","Kie-Ntem","Mbedumu"
"GQ","Litoral","Mbeenam"
"GQ","Centro Sur","Mbele"
"GQ","Centro Sur","Mbel"
"GQ","Litoral","Mbelobi"
"GQ","Centro Sur","Mbe"
"GQ","Kie-Ntem","Mbe"
"GQ","Litoral","Mbe"
"GQ","Wele-Nzas","Mbe"
"GQ","Kie-Ntem","Mbeme"
"GQ","Centro Sur","Mbenam"
"GQ","Kie-Ntem","Mbiet"
"GQ","Litoral","Mbifala"
"GQ","Litoral","Mbilifala"
"GQ","Litoral","Mbinda"
"GQ","Litoral","Mbini"
"GQ","Kie-Ntem","Mbintang"
"GQ","Centro Sur","Mbiombio"
"GQ","Litoral","Mbiralem"
"GQ","Wele-Nzas","Mbiralem"
"GQ","Litoral","Mbiralen"
"GQ","Wele-Nzas","Mbiralen"
"GQ","Centro Sur","Mboete"
"GQ","Litoral","Mboete"
"GQ","Centro Sur","Mbola"
"GQ","Kie-Ntem","Mboma"
"GQ","Wele-Nzas","Mbomang"
"GQ","Wele-Nzas","Mboman"
"GQ","Kie-Ntem","Mbominang"
"GQ","Kie-Ntem","Mbomo"
"GQ","Litoral","Mbonda"
"GQ","Litoral","Mbondo"
"GQ","Litoral","Mbonete"
"GQ","Centro Sur","Mbono"
"GQ","Kie-Ntem","Mbubui"
"GQ","Kie-Ntem","Mbubuin"
"GQ","Litoral","Mbubuin"
"GQ","Litoral","Mbuc"
"GQ","Wele-Nzas","Mbula"
"GQ","Kie-Ntem","Mbumbui"
"GQ","Kie-Ntem","Mbum"
"GQ","Kie-Ntem","Mbun"
"GQ","Centro Sur","Mbut"
"GQ","Kie-Ntem","Mbut"
"GQ","Wele-Nzas","Mbut"
"GQ","Centro Sur","Mebain"
"GQ","Centro Sur","Mebametan"
"GQ","Kie-Ntem","Mebang"
"GQ","Litoral","Mebaya"
"GQ","Kie-Ntem","Mebing"
"GQ","Litoral","Meboman"
"GQ","Centro Sur","Mebonde"
"GQ","Centro Sur","Mebone"
"GQ","Centro Sur","Mecac"
"GQ","Centro Sur","Medouneau"
"GQ","Centro Sur","Medyanga"
"GQ","Kie-Ntem","Mefeng"
"GQ","Centro Sur","Mefo"
"GQ","Litoral","Meguombo"
"GQ","Litoral","Mejocoloque"
"GQ","Litoral","Mejokoloko"
"GQ","Kie-Ntem","Mekomeseng"
"GQ","Kie-Ntem","Melang"
"GQ","Centro Sur","Melan"
"GQ","Litoral","Melega"
"GQ","Kie-Ntem","Melele"
"GQ","Kie-Ntem","Melel"
"GQ","Kie-Ntem","Melen"
"GQ","Wele-Nzas","Melen"
"GQ","Centro Sur","Melen-Mokonanam"
"GQ","Litoral","Melimbinambongo"
"GQ","Centro Sur","Melong"
"GQ","Litoral","Melong"
"GQ","Litoral","Melongmelong"
"GQ","Kie-Ntem","Membang"
"GQ","Kie-Ntem","Menang"
"GQ","Litoral","Mendanga"
"GQ","Centro Sur","Mendemayop"
"GQ","Litoral","Mendouma"
"GQ","Litoral","Menduma"
"GQ","Centro Sur","Mendung"
"GQ","Kie-Ntem","Mengui"
"GQ","Wele-Nzas","Menvo"
"GQ","Litoral","Mepemba"
"GQ","Kie-Ntem","Mesaa"
"GQ","Centro Sur","Meseng"
"GQ","Kie-Ntem","Meseng"
"GQ","Litoral","Meseng"
"GQ","Kie-Ntem","Mesia"
"GQ","Centro Sur","Mesoc"
"GQ","Kie-Ntem","Mesomoboc"
"GQ","Centro Sur","Meta"
"GQ","Kie-Ntem","Metel"
"GQ","Centro Sur","Metemelete"
"GQ","Litoral","Metolo"
"GQ","Centro Sur","Metong"
"GQ","Wele-Nzas","Metui"
"GQ","Kie-Ntem","Meyec"
"GQ","Centro Sur","Mfama"
"GQ","Centro Sur","Mfaman"
"GQ","Kie-Ntem","Mfaman"
"GQ","Litoral","Mfaman"
"GQ","Wele-Nzas","Mfaman"
"GQ","Kie-Ntem","Mfana"
"GQ","Centro Sur","Mfan"
"GQ","Centro Sur","Mfeme"
"GQ","Kie-Ntem","Mfeme"
"GQ","Kie-Ntem","Mfene"
"GQ","Centro Sur","Mfua"
"GQ","Kie-Ntem","Mfua"
"GQ","Kie-Ntem","Mfui"
"GQ","Kie-Ntem","Mfuin"
"GQ","Kie-Ntem","Mfulacom"
"GQ","Kie-Ntem","Mfulacon"
"GQ","Kie-Ntem","Mfulakom"
"GQ","Centro Sur","Mfulayong"
"GQ","Kie-Ntem","Mfulayong"
"GQ","Centro Sur","Mfulesong"
"GQ","Wele-Nzas","Mfulu"
"GQ","Wele-Nzas","Mfumayop"
"GQ","Centro Sur","Mfurencoc"
"GQ","Litoral","Mgundu"
"GQ","Centro Sur","Miang"
"GQ","Litoral","Miang"
"GQ","Litoral","Mibaia"
"GQ","Kie-Ntem","Mibamenga"
"GQ","Kie-Ntem","Miba-Menga"
"GQ","Litoral","Mibamenga"
"GQ","Kie-Ntem","Mibaminga"
"GQ","Litoral","Mibaminga"
"GQ","Kie-Ntem","Mibammangui"
"GQ","Wele-Nzas","Mibam"
"GQ","Wele-Nzas","Mibang"
"GQ","Wele-Nzas","Miban"
"GQ","Kie-Ntem","Mibe"
"GQ","Centro Sur","Mibonde"
"GQ","Centro Sur","Mibone"
"GQ","Centro Sur","Micala"
"GQ","Litoral","Micamitan"
"GQ","Litoral","Mican"
"GQ","Centro Sur","Micaosi"
"GQ","Centro Sur","Micha"
"GQ","Kie-Ntem","Micheng"
"GQ","Litoral","Michimitom"
"GQ","Kie-Ntem","Michimiton"
"GQ","Centro Sur","Michobo"
"GQ","Centro Sur","Michoo"
"GQ","Litoral","Micombo"
"GQ","Kie-Ntem","Micomeseng"
"GQ","Centro Sur","Micomibe"
"GQ","Litoral","Micomibe"
"GQ","Kie-Ntem","Mico"
"GQ","Litoral","Micomocomo"
"GQ","Centro Sur","Micong"
"GQ","Litoral","Micongmikie"
"GQ","Kie-Ntem","Micueme"
"GQ","Centro Sur","Midchobo"
"GQ","Kie-Ntem","Midjeng"
"GQ","Centro Sur","Midjobo"
"GQ","Wele-Nzas","Midong"
"GQ","Litoral","Miduma"
"GQ","Litoral","Midumo"
"GQ","Kie-Ntem","Midyimitom"
"GQ","Kie-Ntem","Midyimiton"
"GQ","Centro Sur","Midyobo"
"GQ","Kie-Ntem","Midyobo"
"GQ","Centro Sur","Miguala"
"GQ","Litoral","Miguase"
"GQ","Litoral","Miguombo"
"GQ","Centro Sur","Mikala"
"GQ","Kie-Ntem","Mikamesen"
"GQ","Centro Sur","Mika'Osi"
"GQ","Kie-Ntem","Mikomeseng"
"GQ","Kie-Ntem","Mikomesen"
"GQ","Litoral","Mikomibe"
"GQ","Litoral","Mikomokomo"
"GQ","Litoral","Mikongmikie"
"GQ","Kie-Ntem","Mikoo"
"GQ","Kie-Ntem","Milang"
"GQ","Centro Sur","Milega"
"GQ","Centro Sur","Milong"
"GQ","Wele-Nzas","Milong"
"GQ","Litoral","Milongmilong"
"GQ","Kie-Ntem","Mimbamengui"
"GQ","Centro Sur","Minague"
"GQ","Centro Sur","Minang"
"GQ","Litoral","Minang"
"GQ","Kie-Ntem","Minbamengui"
"GQ","Centro Sur","Mindjobo"
"GQ","Centro Sur","Mindyimasia"
"GQ","Litoral","Mindyiminve"
"GQ","Kie-Ntem","Mindyimitom"
"GQ","Litoral","Mindyimitom"
"GQ","Centro Sur","Minlom"
"GQ","Kie-Ntem","Minomo"
"GQ","Centro Sur","Minsengminsoc"
"GQ","Centro Sur","Minsenminsoc"
"GQ","Litoral","Mipemba"
"GQ","Kie-Ntem","Misaa"
"GQ","Litoral","Misega"
"GQ","Centro Sur","Misegue"
"GQ","Litoral","Misegue"
"GQ","Centro Sur","Miselgue"
"GQ","Centro Sur","Misemisok"
"GQ","Centro Sur","Misere"
"GQ","Centro Sur","Miserga"
"GQ","Centro Sur","Misergue"
"GQ","Litoral","Misobong"
"GQ","Litoral","Mitang"
"GQ","Centro Sur","Mitemele"
"GQ","Centro Sur","Mitemelete"
"GQ","Centro Sur","Mitombo"
"GQ","Wele-Nzas","Mitomo"
"GQ","Centro Sur","Mitong"
"GQ","Litoral","Miuma"
"GQ","Kie-Ntem","Miyobo"
"GQ","Litoral","Miyoman"
"GQ","Wele-Nzas","Moboa"
"GQ","Bioko Sur","Moca"
"GQ","Kie-Ntem","Mocoa"
"GQ","Litoral","Mocoa"
"GQ","Kie-Ntem","Mocoamongona"
"GQ","Centro Sur","Mococ"
"GQ","Centro Sur","Mocoga"
"GQ","Centro Sur","Mocomo"
"GQ","Kie-Ntem","Mocomo"
"GQ","Litoral","Moconaman"
"GQ","Litoral","Moconanam"
"GQ","Kie-Ntem","Mocuu"
"GQ","Bioko Sur","Moeri"
"GQ","Centro Sur","Mofono"
"GQ","Centro Sur","Mofub"
"GQ","Kie-Ntem","Mofui"
"GQ","Centro Sur","Mofup"
"GQ","Centro Sur","Moga"
"GQ","Litoral","Moganda"
"GQ","Centro Sur","Moguomo"
"GQ","Litoral","Moguomo"
"GQ","Kie-Ntem","Mogup"
"GQ","Bioko Sur","Moka"
"GQ","Centro Sur","Mokok"
"GQ","Kie-Ntem","Mokok"
"GQ","Kie-Ntem","Mokom"
"GQ","Wele-Nzas","Mokom"
"GQ","Centro Sur","Mokomo"
"GQ","Kie-Ntem","Mokomo"
"GQ","Wele-Nzas","Mokomo"
"GQ","Litoral","Molomebe"
"GQ","Centro Sur","Molomo"
"GQ","Centro Sur","Molong"
"GQ","Centro Sur","Molon"
"GQ","Wele-Nzas","Momvo"
"GQ","Kie-Ntem","Mondoc"
"GQ","Litoral","Mondoc"
"GQ","Kie-Ntem","Mondoo"
"GQ","Centro Sur","Mongola"
"GQ","Litoral","Mongola"
"GQ","Wele-Nzas","Mongomeyen"
"GQ","Wele-Nzas","Mongomo De Guadalupe"
"GQ","Wele-Nzas","Mongomo"
"GQ","Kie-Ntem","Mongo"
"GQ","Kie-Ntem","Mongomo-Ngoc"
"GQ","Centro Sur","Mongong"
"GQ","Litoral","Mongoy"
"GQ","Centro Sur","Monte Alen"
"GQ","Litoral","Monte Bata"
"GQ","Kie-Ntem","Monung"
"GQ","Kie-Ntem","Monyo"
"GQ","Centro Sur","Mosoc"
"GQ","Litoral","Mosoc"
"GQ","Centro Sur","Mosok"
"GQ","Kie-Ntem","Mosok"
"GQ","Litoral","Mosumo"
"GQ","Litoral","Mosumu"
"GQ","Centro Sur","Motom"
"GQ","Litoral","Motom"
"GQ","Centro Sur","Motomo"
"GQ","Wele-Nzas","Motomo"
"GQ","Kie-Ntem","Motui"
"GQ","Kie-Ntem","Motuin"
"GQ","Centro Sur","Motup"
"GQ","Litoral","Moume"
"GQ","Centro Sur","Movo"
"GQ","Kie-Ntem","Movo"
"GQ","Litoral","Movo"
"GQ","Kie-Ntem","Moyo"
"GQ","Kie-Ntem","Moyos"
"GQ","Kie-Ntem","Moyup"
"GQ","Bioko Sur","Mueri"
"GQ","Litoral","Mumbe"
"GQ","Litoral","Mume"
"GQ","Bioko Sur","Musela"
"GQ","Kie-Ntem","Musoc"
"GQ","Bioko Sur","Musola"
"GQ","Centro Sur","Mvain"
"GQ","Wele-Nzas","Mvang"
"GQ","Centro Sur","Mveayong"
"GQ","Centro Sur","Mvengayong"
"GQ","Kie-Ntem","Mvengayong"
"GQ","Centro Sur","Mveng"
"GQ","Litoral","Mveng"
"GQ","Wele-Nzas","Mveng"
"GQ","Centro Sur","Mviga"
"GQ","Centro Sur","Mvoayop"
"GQ","Litoral","Mvomayoc"
"GQ","Kie-Ntem","Mvometom"
"GQ","Kie-Ntem","Mvom"
"GQ","Wele-Nzas","Mvom"
"GQ","Kie-Ntem","Mvomo"
"GQ","Wele-Nzas","Mvomo"
"GQ","Centro Sur","Mvong"
"GQ","Kie-Ntem","Mvongo"
"GQ","Kie-Ntem","Mvubu"
"GQ","Litoral","Namelen"
"GQ","Kie-Ntem","Namenu"
"GQ","Litoral","Namicale"
"GQ","Centro Sur","Nanama"
"GQ","Litoral","Nanda"
"GQ","Litoral","Nansang"
"GQ","Litoral","Nasanga"
"GQ","Wele-Nzas","Nboman"
"GQ","Centro Sur","Nbona"
"GQ","Kie-Ntem","Nbona"
"GQ","Litoral","N'Bonda"
"GQ","Centro Sur","Nbono"
"GQ","Kie-Ntem","Nbubui"
"GQ","Centro Sur","Ncalayong"
"GQ","Kie-Ntem","Ncama"
"GQ","Centro Sur","Ncamanvi"
"GQ","Wele-Nzas","Ncamanvi"
"GQ","Wele-Nzas","Ncamayop"
"GQ","Centro Sur","Ncan"
"GQ","Kie-Ntem","Ncan"
"GQ","Kie-Ntem","Ncasia"
"GQ","Kie-Ntem","Nchaman"
"GQ","Wele-Nzas","Nchegayong"
"GQ","Centro Sur","Nchengayong"
"GQ","Kie-Ntem","Nchengbor"
"GQ","Kie-Ntem","Ncoabang"
"GQ","Litoral","Ncoabeben"
"GQ","Litoral","Ncoacom"
"GQ","Centro Sur","Ncoadyap"
"GQ","Kie-Ntem","Ncoaeben"
"GQ","Litoral","Ncoaeben"
"GQ","Litoral","Ncoaecuc"
"GQ","Litoral","Ncoaekie"
"GQ","Litoral","Ncoaelon"
"GQ","Wele-Nzas","Ncoaete"
"GQ","Kie-Ntem","Ncoambe"
"GQ","Centro Sur","Ncoamvam"
"GQ","Kie-Ntem","Ncoanen"
"GQ","Litoral","Ncoangala"
"GQ","Kie-Ntem","Ncoasas"
"GQ","Kie-Ntem","Ncoasia"
"GQ","Kie-Ntem","Ncoatom"
"GQ","Litoral","Ncoatom"
"GQ","Kie-Ntem","Ncobeben"
"GQ","Kie-Ntem","Ncocntono"
"GQ","Wele-Nzas","Ncoekie"
"GQ","Kie-Ntem","Ncoenco"
"GQ","Centro Sur","Ncoesi"
"GQ","Litoral","Ncoesi"
"GQ","Centro Sur","Ncogoekie"
"GQ","Centro Sur","Ncolabam"
"GQ","Centro Sur","Ncolamvam"
"GQ","Litoral","Ncolamvam"
"GQ","Litoral","Ncolamvan"
"GQ","Wele-Nzas","Ncolayop"
"GQ","Wele-Nzas","Ncolete"
"GQ","Kie-Ntem","Ncomacac"
"GQ","Centro Sur","Ncomacoc"
"GQ","Kie-Ntem","Ncomayang"
"GQ","Centro Sur","Ncomayop"
"GQ","Kie-Ntem","Ncomayos"
"GQ","Kie-Ntem","Ncombia"
"GQ","Kie-Ntem","Ncomedyi"
"GQ","Litoral","Ncomococ"
"GQ","Centro Sur","Ncomo"
"GQ","Kie-Ntem","Ncomo"
"GQ","Wele-Nzas","Ncomo"
"GQ","Centro Sur","Nco"
"GQ","Kie-Ntem","Nco"
"GQ","Litoral","Nco"
"GQ","Wele-Nzas","Ncooveng"
"GQ","Centro Sur","Ncorennam"
"GQ","Kie-Ntem","Ncorveng"
"GQ","Centro Sur","Ncuara"
"GQ","Kie-Ntem","Ncuefulan"
"GQ","Kie-Ntem","Ncue"
"GQ","Centro Sur","Ncumadyap"
"GQ","Litoral","Ncumadyap"
"GQ","Kie-Ntem","Ncumecoc"
"GQ","Kie-Ntem","Ncumedum"
"GQ","Centro Sur","Ncumekie"
"GQ","Litoral","Ncumekie"
"GQ","Wele-Nzas","Ncumekie"
"GQ","Centro Sur","Ncumensong"
"GQ","Centro Sur","Ncumesong"
"GQ","Centro Sur","Ncumikie"
"GQ","Kie-Ntem","Ncum"
"GQ","Wele-Nzas","Ncum"
"GQ","Litoral","Ncumuton"
"GQ","Kie-Ntem","Ncut"
"GQ","Centro Sur","Ndaga"
"GQ","Centro Sur","Ndakong"
"GQ","Centro Sur","Ndalama"
"GQ","Centro Sur","Ndale"
"GQ","Wele-Nzas","Ndama"
"GQ","Centro Sur","Ndancong"
"GQ","Kie-Ntem","Ndangueng"
"GQ","Wele-Nzas","Ndangueng"
"GQ","Kie-Ntem","Ndanguen"
"GQ","Kie-Ntem","Ndayos"
"GQ","Centro Sur","Ndegengon"
"GQ","Kie-Ntem","Ndejentom"
"GQ","Wele-Nzas","Ndele"
"GQ","Kie-Ntem","Ndeng"
"GQ","Kie-Ntem","Ndengue"
"GQ","Centro Sur","Ndgong"
"GQ","Litoral","Ndjakom"
"GQ","Wele-Nzas","Ndjong"
"GQ","Kie-Ntem","Ndogo"
"GQ","Litoral","Ndogo"
"GQ","Centro Sur","Ndomayop"
"GQ","Centro Sur","Ndombo"
"GQ","Kie-Ntem","Ndomenko"
"GQ","Centro Sur","Ndomnco"
"GQ","Litoral","Ndomnco"
"GQ","Centro Sur","Ndong"
"GQ","Litoral","Ndong"
"GQ","Wele-Nzas","Ndong"
"GQ","Centro Sur","Ndongo"
"GQ","Kie-Ntem","Ndonguen"
"GQ","Litoral","Ndorocui"
"GQ","Litoral","Ndote"
"GQ","Centro Sur","Nduma"
"GQ","Kie-Ntem","Nduma"
"GQ","Wele-Nzas","Nduma"
"GQ","Kie-Ntem","Ndumele"
"GQ","Wele-Nzas","Ndumensoc"
"GQ","Kie-Ntem","Ndumnco"
"GQ","Kie-Ntem","Ndumo"
"GQ","Wele-Nzas","Ndumo"
"GQ","Kie-Ntem","Ndumuc"
"GQ","Kie-Ntem","Ndumuk"
"GQ","Kie-Ntem","Ndumulu"
"GQ","Wele-Nzas","Ndyanayong"
"GQ","Centro Sur","Ndyedum"
"GQ","Centro Sur","Ndyengavong"
"GQ","Centro Sur","Ndyengayong"
"GQ","Litoral","Ndyengayong"
"GQ","Litoral","Ndyengmendyim"
"GQ","Centro Sur","Ndyengmiang"
"GQ","Litoral","Ndyengmiang"
"GQ","Centro Sur","Ndyengom"
"GQ","Kie-Ntem","Ndyentum"
"GQ","Litoral","Ndyiacom"
"GQ","Centro Sur","Ndyomso"
"GQ","Centro Sur","Ndyong"
"GQ","Centro Sur","Ndyumengue"
"GQ","Litoral","Nemalen"
"GQ","Centro Sur","Nfaman"
"GQ","Kie-Ntem","Nfaman"
"GQ","Litoral","Nfaman"
"GQ","Wele-Nzas","Nfaman"
"GQ","Centro Sur","Nfeme"
"GQ","Kie-Ntem","Nfeme"
"GQ","Kie-Ntem","Nfen"
"GQ","Litoral","Nfintang"
"GQ","Litoral","Nfonga"
"GQ","Kie-Ntem","Nfua"
"GQ","Centro Sur","Nfulayong"
"GQ","Kie-Ntem","Nfulayong"
"GQ","Centro Sur","Nfulensok"
"GQ","Wele-Nzas","Nfulu"
"GQ","Wele-Nzas","Nfumayop"
"GQ","Wele-Nzas","Nfumu"
"GQ","Litoral","Ngabe"
"GQ","Centro Sur","Ngala"
"GQ","Centro Sur","Ngambe"
"GQ","Centro Sur","Ngamb"
"GQ","Litoral","Ngana"
"GQ","Wele-Nzas","Nganayong"
"GQ","Kie-Ntem","Ngang"
"GQ","Kie-Ntem","Ngoacua"
"GQ","Centro Sur","Ngobi"
"GQ","Litoral","Ngobi"
"GQ","Kie-Ntem","Ngokua"
"GQ","Litoral","Ngole"
"GQ","Centro Sur","Ngolensok"
"GQ","Wele-Nzas","Ngolomo"
"GQ","Litoral","Ngoma"
"GQ","Centro Sur","Ngomasi"
"GQ","Centro Sur","Ngomekie"
"GQ","Wele-Nzas","Ngomete"
"GQ","Centro Sur","Ngomgom"
"GQ","Kie-Ntem","Ngomgom"
"GQ","Centro Sur","Ngom"
"GQ","Kie-Ntem","Ngom"
"GQ","Wele-Nzas","Ngom"
"GQ","Litoral","Ngonamanga"
"GQ","Centro Sur","Ngona"
"GQ","Centro Sur","Ngondum"
"GQ","Centro Sur","Ngonekie"
"GQ","Litoral","Ngonemanga"
"GQ","Centro Sur","Ngong"
"GQ","Kie-Ntem","Ngong"
"GQ","Wele-Nzas","Ngong"
"GQ","Kie-Ntem","Ngo"
"GQ","Centro Sur","Ngon"
"GQ","Kie-Ntem","Ngon"
"GQ","Wele-Nzas","Ngon"
"GQ","Litoral","Ngono"
"GQ","Kie-Ntem","Ngonsoc"
"GQ","Kie-Ntem","Ngosoc"
"GQ","Wele-Nzas","Ngossoc"
"GQ","Kie-Ntem","Nguanda"
"GQ","Wele-Nzas","Nguanden"
"GQ","Litoral","Nguba"
"GQ","Kie-Ntem","Ngueayong"
"GQ","Kie-Ntem","Nguele"
"GQ","Litoral","Nguele"
"GQ","Centro Sur","Nguelensoc"
"GQ","Litoral","Nguelensoc"
"GQ","Wele-Nzas","Nguema"
"GQ","Litoral","Ngueogo"
"GQ","Centro Sur","Nguet"
"GQ","Litoral","Ngueyogo"
"GQ","Wele-Nzas","Nguiebe"
"GQ","Wele-Nzas","Nguiep"
"GQ","Litoral","Nguinasom"
"GQ","Wele-Nzas","Ngulom"
"GQ","Kie-Ntem","Ngumo"
"GQ","Kie-Ntem","Ngumu"
"GQ","Litoral","Ngundu"
"GQ","Kie-Ntem","Ngungum"
"GQ","Centro Sur","Nguolensoc"
"GQ","Litoral","Nguolensok-Wolosog"
"GQ","Litoral","Nguotnsoc"
"GQ","Litoral","Niabiguo"
"GQ","Kie-Ntem","Niadyibe"
"GQ","Centro Sur","Niamayong"
"GQ","Kie-Ntem","Niamayong"
"GQ","Kie-Ntem","Niamitang"
"GQ","Kie-Ntem","Niamoyong"
"GQ","Wele-Nzas","Nianam"
"GQ","Kie-Ntem","Niasam"
"GQ","Litoral","Niasam"
"GQ","Kie-Ntem","Niasang"
"GQ","Centro Sur","Niefala"
"GQ","Centro Sur","Niefang"
"GQ","Kie-Ntem","Niefang"
"GQ","Litoral","Niefang"
"GQ","Kie-Ntem","Niefan"
"GQ","Kie-Ntem","Niemayong"
"GQ","Centro Sur","Niemitang"
"GQ","Kie-Ntem","Niemitang"
"GQ","Wele-Nzas","Niemitang"
"GQ","Centro Sur","Niemoyong"
"GQ","Centro Sur","Nifala"
"GQ","Litoral","Niouma"
"GQ","Litoral","Niuma"
"GQ","Centro Sur","Nium"
"GQ","Centro Sur","Nkalayong"
"GQ","Wele-Nzas","Nkamayop"
"GQ","Kie-Ntem","Nkam"
"GQ","Centro Sur","Nkan"
"GQ","Kie-Ntem","Nkan"
"GQ","Wele-Nzas","Nkecnsoc"
"GQ","Centro Sur","Nkienayu"
"GQ","Kie-Ntem","Nkimi"
"GQ","Litoral","Nkinfala"
"GQ","Kie-Ntem","Nkin"
"GQ","Centro Sur","Nko'Achap"
"GQ","Litoral","Nko'Alom"
"GQ","Kie-Ntem","Nko'Ambe"
"GQ","Kie-Ntem","Nko Anem-Manike"
"GQ","Kie-Ntem","Nko Anem-Manique"
"GQ","Litoral","Nko'Angala"
"GQ","Kie-Ntem","Nko'Antona"
"GQ","Kie-Ntem","Nko'Asas"
"GQ","Wele-Nzas","Nkoekie"
"GQ","Litoral","Nko'Ekuk"
"GQ","Kie-Ntem","Nkoensok"
"GQ","Centro Sur","Nko'Esi"
"GQ","Litoral","Nko'Esi"
"GQ","Wele-Nzas","Nkoete"
"GQ","Centro Sur","Nkol'Amvam"
"GQ","Centro Sur","Nkol 'Amvam"
"GQ","Litoral","Nkol'Amvam"
"GQ","Litoral","Nkol Amvam"
"GQ","Centro Sur","Nkol Amvan"
"GQ","Litoral","Nkol"
"GQ","Litoral","Nko Makak"
"GQ","Centro Sur","Nko Makok"
"GQ","Kie-Ntem","Nko Mayang"
"GQ","Centro Sur","Nkomayo"
"GQ","Kie-Ntem","Nkombe"
"GQ","Kie-Ntem","Nkomichi"
"GQ","Centro Sur","Nkomo"
"GQ","Kie-Ntem","Nkomo"
"GQ","Centro Sur","Nko"
"GQ","Kie-Ntem","Nko"
"GQ","Litoral","Nko"
"GQ","Kie-Ntem","Nkon"
"GQ","Centro Sur","Nkoro"
"GQ","Kie-Ntem","Nkue Mision"
"GQ","Kie-Ntem","Nkue"
"GQ","Kie-Ntem","Nkumedum"
"GQ","Centro Sur","Nkumekie"
"GQ","Litoral","Nkumekie"
"GQ","Wele-Nzas","Nkumekie"
"GQ","Centro Sur","Nkumesong"
"GQ","Kie-Ntem","Nkum"
"GQ","Wele-Nzas","Nkum"
"GQ","Kie-Ntem","Nkut"
"GQ","Centro Sur","Nlamanvi"
"GQ","Kie-Ntem","Nlangmang"
"GQ","Kie-Ntem","Nlang"
"GQ","Kie-Ntem","Nloayong"
"GQ","Kie-Ntem","Nloayon"
"GQ","Kie-Ntem","Nlonsok"
"GQ","Litoral","Nlonsok"
"GQ","Kie-Ntem","Nlosoc"
"GQ","Litoral","Nlosoc"
"GQ","Centro Sur","Nniefala"
"GQ","Kie-Ntem","Nniefang"
"GQ","Centro Sur","Nniemayong"
"GQ","Kie-Ntem","Nniemayong"
"GQ","Kie-Ntem","Nniemitang"
"GQ","Centro Sur","Nnoayong"
"GQ","Kie-Ntem","Nnoayong"
"GQ","Wele-Nzas","Nnonkien"
"GQ","Centro Sur","Noayong"
"GQ","Centro Sur","Nomenam"
"GQ","Litoral","Nomenam"
"GQ","Centro Sur","Nomenan"
"GQ","Litoral","Nomenan"
"GQ","Centro Sur","Nom"
"GQ","Litoral","Nondo"
"GQ","Wele-Nzas","Nonkieng"
"GQ","Wele-Nzas","Nonkien"
"GQ","Litoral","Nono"
"GQ","Centro Sur","Nonsoc"
"GQ","Litoral","Nosoc"
"GQ","Wele-Nzas","Nsaaca"
"GQ","Litoral","Nsamata"
"GQ","Wele-Nzas","Nsangayong"
"GQ","Centro Sur","Nsangnam"
"GQ","Litoral","Nsangnam"
"GQ","Litoral","Nsangnan"
"GQ","Kie-Ntem","Nsang"
"GQ","Kie-Ntem","Nseelang"
"GQ","Centro Sur","Nseguete"
"GQ","Kie-Ntem","Nselemang"
"GQ","Kie-Ntem","Nseleman"
"GQ","Centro Sur","Nsemekok"
"GQ","Centro Sur","Nsemensoc"
"GQ","Centro Sur","Nsem"
"GQ","Centro Sur","Nsengafum"
"GQ","Centro Sur","Nsengamvoa"
"GQ","Centro Sur","Nsengamvonga"
"GQ","Centro Sur","Nsenganvenga"
"GQ","Centro Sur","Nsengayong"
"GQ","Wele-Nzas","Nsengayong"
"GQ","Centro Sur","Nsengbeyem"
"GQ","Centro Sur","Nsenguemiang"
"GQ","Kie-Ntem","Nsimi"
"GQ","Wele-Nzas","Nsinec"
"GQ","Wele-Nzas","Nsinengosi"
"GQ","Kie-Ntem","Nsini"
"GQ","Centro Sur","Nsoagono"
"GQ","Kie-Ntem","Nsoamayong"
"GQ","Kie-Ntem","Nsoc"
"GQ","Wele-Nzas","Nsoc"
"GQ","Wele-Nzas","Nsoengono"
"GQ","Centro Sur","Nsogbor"
"GQ","Centro Sur","Nsogmitang"
"GQ","Kie-Ntem","Nsogoboot"
"GQ","Centro Sur","Nsogobor"
"GQ","Litoral","Nsogobor"
"GQ","Centro Sur","Nsogobot"
"GQ","Kie-Ntem","Nsogobot"
"GQ","Litoral","Nsogobuot"
"GQ","Centro Sur","Nsokengono"
"GQ","Kie-Ntem","Nsokengono"
"GQ","Kie-Ntem","Nsok Ngono"
"GQ","Kie-Ntem","Nsok"
"GQ","Wele-Nzas","Nsok"
"GQ","Centro Sur","Nsomo"
"GQ","Wele-Nzas","Nsorc"
"GQ","Wele-Nzas","Nsork"
"GQ","Litoral","Nsueeman"
"GQ","Litoral","Nsuemam"
"GQ","Centro Sur","Nsumu"
"GQ","Centro Sur","Nsunga"
"GQ","Centro Sur","Nsung"
"GQ","Kie-Ntem","Nsung"
"GQ","Centro Sur","Ntang"
"GQ","Kie-Ntem","Ntang"
"GQ","Kie-Ntem","Ntan"
"GQ","Centro Sur","Nterenga"
"GQ","Kie-Ntem","Nterenga"
"GQ","Centro Sur","Nterga"
"GQ","Wele-Nzas","Ntoayop"
"GQ","Centro Sur","Ntobo"
"GQ","Litoral","Ntobo"
"GQ","Kie-Ntem","Ntoma"
"GQ","Centro Sur","Ntom"
"GQ","Kie-Ntem","Ntom"
"GQ","Centro Sur","Ntoroayop"
"GQ","Litoral","Ntuba"
"GQ","Wele-Nzas","Ntu"
"GQ","Centro Sur","Nueti"
"GQ","Litoral","Numa"
"GQ","Litoral","Nume"
"GQ","Centro Sur","Nuoayong"
"GQ","Centro Sur","Nveayong"
"GQ","Centro Sur","Nvengayong"
"GQ","Kie-Ntem","Nvengayong"
"GQ","Litoral","Nvengayong"
"GQ","Centro Sur","Nveng"
"GQ","Litoral","Nveng"
"GQ","Centro Sur","Nviayong"
"GQ","Kie-Ntem","Nvom"
"GQ","Wele-Nzas","Nvom"
"GQ","Centro Sur","Nvomosi"
"GQ","Kie-Ntem","Nvongo"
"GQ","Litoral","Nyale"
"GQ","Kie-Ntem","Nyamele"
"GQ","Litoral","Nyeche"
"GQ","Centro Sur","Nyong"
"GQ","Litoral","Nyong"
"GQ","Wele-Nzas","N'Zork"
"GQ","Centro Sur","Obamicu"
"GQ","Centro Sur","Obandoc"
"GQ","Kie-Ntem","Obenelang"
"GQ","Wele-Nzas","Obe"
"GQ","Kie-Ntem","Obocuin"
"GQ","Kie-Ntem","Oboroncu"
"GQ","Kie-Ntem","Oboronku"
"GQ","Wele-Nzas","Obut"
"GQ","Centro Sur","Ochuma"
"GQ","Centro Sur","Ochumo"
"GQ","Centro Sur","Ocola"
"GQ","Litoral","Ocola"
"GQ","Kie-Ntem","Ocong"
"GQ","Wele-Nzas","Ocong"
"GQ","Kie-Ntem","Ocong-Osi"
"GQ","Centro Sur","Ocuama"
"GQ","Kie-Ntem","Ocua"
"GQ","Centro Sur","Ocula"
"GQ","Centro Sur","Oduma"
"GQ","Litoral","Oduma"
"GQ","Kie-Ntem","Ofet"
"GQ","Litoral","Ofos"
"GQ","Litoral","Oguama"
"GQ","Centro Sur","Oguede"
"GQ","Centro Sur","Oguom"
"GQ","Litoral","Oguom"
"GQ","Centro Sur","Oguor"
"GQ","Centro Sur","Okeba"
"GQ","Kie-Ntem","Okeng"
"GQ","Centro Sur","Okeva"
"GQ","Litoral","Okio"
"GQ","Litoral","Okodi"
"GQ","Centro Sur","Okola"
"GQ","Litoral","Okola"
"GQ","Litoral","Okomba"
"GQ","Kie-Ntem","Okong"
"GQ","Wele-Nzas","Okong"
"GQ","Kie-Ntem","Okua"
"GQ","Centro Sur","Okula"
"GQ","Centro Sur","Oleadyop"
"GQ","Wele-Nzas","Olenam"
"GQ","Wele-Nzas","Ole"
"GQ","Centro Sur","Olong"
"GQ","Litoral","Olong"
"GQ","Litoral","Olonserga"
"GQ","Litoral","Olop"
"GQ","Wele-Nzas","Olumeteng"
"GQ","Wele-Nzas","Olumeten"
"GQ","Kie-Ntem","Olumnang"
"GQ","Kie-Ntem","Olun-Man"
"GQ","Centro Sur","Omongueng"
"GQ","Centro Sur","Omonguen"
"GQ","Wele-Nzas","Omvang"
"GQ","Centro Sur","Ondeng"
"GQ","Wele-Nzas","Ondeng"
"GQ","Kie-Ntem","Ongoma"
"GQ","Wele-Nzas","Ongoma"
"GQ","Kie-Ntem","Ongongo"
"GQ","Wele-Nzas","Ongon"
"GQ","Centro Sur","Ononebele"
"GQ","Wele-Nzas","Ononebere"
"GQ","Kie-Ntem","Onong"
"GQ","Centro Sur","Ononobere"
"GQ","Kie-Ntem","Onsalom"
"GQ","Wele-Nzas","Onteng"
"GQ","Centro Sur","Onucanvim"
"GQ","Wele-Nzas","Onvang"
"GQ","Wele-Nzas","Osamvain"
"GQ","Litoral","Osomongo"
"GQ","Litoral","Osonengo"
"GQ","Litoral","Osonongo"
"GQ","Centro Sur","Osuaayong"
"GQ","Centro Sur","Osuallong"
"GQ","Litoral","Osuayong"
"GQ","Kie-Ntem","Otet"
"GQ","Litoral","Otomiang"
"GQ","Litoral","Otonde"
"GQ","Litoral","Otondo"
"GQ","Litoral","Otondyang"
"GQ","Centro Sur","Otong"
"GQ","Litoral","Otonserga"
"GQ","Kie-Ntem","Otunga"
"GQ","Centro Sur","Ouormacoc"
"GQ","Centro Sur","Ouor"
"GQ","Litoral","Ousenye"
"GQ","Centro Sur","Ovandoc"
"GQ","Wele-Nzas","Ovengansem"
"GQ","Wele-Nzas","Ovengasem"
"GQ","Centro Sur","Ovengasi"
"GQ","Centro Sur","Oveng"
"GQ","Kie-Ntem","Oveng"
"GQ","Litoral","Oveng"
"GQ","Wele-Nzas","Oveng"
"GQ","Kie-Ntem","Ovong"
"GQ","Centro Sur","Oweng"
"GQ","Kie-Ntem","Oyac"
"GQ","Centro Sur","Oyala"
"GQ","Litoral","Oyan"
"GQ","Kie-Ntem","Oyec"
"GQ","Centro Sur","Oyem"
"GQ","Kie-Ntem","Oyem"
"GQ","Litoral","Oyem"
"GQ","Litoral","Pakaka"
"GQ","Annobon","Pale"
"GQ","Bioko Sur","Parador De Musola"
"GQ","Litoral","Penta"
"GQ","Litoral","Pijaca"
"GQ","Bioko Norte","Port Clarence"
"GQ","Litoral","Poto"
"GQ","Centro Sur","Puerto Iradier"
"GQ","Litoral","Pume"
"GQ","Litoral","Punta Mbonda"
"GQ","Litoral","Punta Tika"
"GQ","Litoral","Punta Yeke"
"GQ","Bioko Norte","Rasile"
"GQ","Bioko Norte","Rebola"
"GQ","Bioko Norte","Rev Malebo"
"GQ","Bioko Sur","Riaba"
"GQ","Bioko Sur","Rilaja"
"GQ","Litoral","Rio Benito"
"GQ","Kie-Ntem","Rio Campo"
"GQ","Litoral","Rio Ekuku"
"GQ","Bioko Sur","Ruicha"
"GQ","Bioko Sur","Ruiche"
"GQ","Litoral","Saba"
"GQ","Bioko Norte","Sacriba"
"GQ","Litoral","Salom"
"GQ","Litoral","Samanguila"
"GQ","Litoral","Sambimba"
"GQ","Annobon","San Antonio Del Sur"
"GQ","Annobon","San Antonio De Pale"
"GQ","Bioko Sur","San Antonio De Ureca"
"GQ","Bioko Sur","San Antonio De Ureka"
"GQ","Annobon","San Antonio"
"GQ","Centro Sur","San Antonio"
"GQ","Wele-Nzas","Sanayong"
"GQ","Litoral","San Benito"
"GQ","Bioko Sur","San Carlos"
"GQ","Centro Sur","San Carlos"
"GQ","Kie-Ntem","San Carlos"
"GQ","Litoral","San Carlos"
"GQ","Wele-Nzas","San Carlos"
"GQ","Kie-Ntem","Sandon"
"GQ","Litoral","Sanduma"
"GQ","Bioko Norte","San Fernando"
"GQ","Kie-Ntem","San Francisco Javier"
"GQ","Kie-Ntem","Sangayong"
"GQ","Litoral","Sangnam"
"GQ","Litoral","San Joaquin De Ndyiacom"
"GQ","Annobon","San Juan"
"GQ","Annobon","San Pedro"
"GQ","Annobon","Santa Cruz"
"GQ","Litoral","Santa Cruz"
"GQ","Bioko Norte","Santa Isabel"
"GQ","Centro Sur","Santa Maria"
"GQ","Bioko Norte","Santiago De Baney"
"GQ","Litoral","Saue"
"GQ","Kie-Ntem","Saugon"
"GQ","Litoral","Seleye"
"GQ","Litoral","Selies"
"GQ","Litoral","Sendre"
"GQ","Litoral","Sendye"
"GQ","Kie-Ntem","Sene"
"GQ","Litoral","Sene"
"GQ","Centro Sur","Sengayong"
"GQ","Litoral","Senye"
"GQ","Kie-Ntem","Sevilla De Niefang"
"GQ","Bioko Norte","Shack-River"
"GQ","Litoral","Sinden"
"GQ","Litoral","Sipolo"
"GQ","Wele-Nzas","Sisacang"
"GQ","Centro Sur","Sogodyam"
"GQ","Centro Sur","Sogo"
"GQ","Litoral","Soguie"
"GQ","Kie-Ntem","Somo"
"GQ","Kie-Ntem","Somoyong"
"GQ","Kie-Ntem","Song"
"GQ","Litoral","Soue"
"GQ","Centro Sur","Sua"
"GQ","Centro Sur","Sugocham"
"GQ","Centro Sur","Tec"
"GQ","Centro Sur","Tegaete"
"GQ","Wele-Nzas","Tega"
"GQ","Centro Sur","Teguete"
"GQ","Centro Sur","Tek"
"GQ","Kie-Ntem","Temelon"
"GQ","Bioko Norte","Tepe"
"GQ","Litoral","Tica"
"GQ","Centro Sur","Tobo"
"GQ","Centro Sur","Toledo"
"GQ","Litoral","Toledo"
"GQ","Centro Sur","Tom"
"GQ","Kie-Ntem","Tom"
"GQ","Litoral","Tom"
"GQ","Litoral","Tono"
"GQ","Centro Sur","Too"
"GQ","Kie-Ntem","Too"
"GQ","Bioko Norte","Tope"
"GQ","Litoral","Tubana"
"GQ","Litoral","Tundulu"
"GQ","Litoral","Uboca"
"GQ","Litoral","Ucodi"
"GQ","Litoral","Ulando"
"GQ","Litoral","Ulato"
"GQ","Litoral","Uloba"
"GQ","Litoral","Upaca"
"GQ","Litoral","Upe"
"GQ","Bioko Sur","Ureca"
"GQ","Bioko Sur","Ureka"
"GQ","Bioko Sur","Urekd"
"GQ","Litoral","Usenye"
"GQ","Litoral","Utambe"
"GQ","Litoral","Utande"
"GQ","Litoral","Utomba"
"GQ","Litoral","Utonde"
"GQ","Centro Sur","Vabe"
"GQ","Kie-Ntem","Valladolid De Los Bimbiles"
"GQ","Litoral","Velonelong"
"GQ","Litoral","Viadibe"
"GQ","Litoral","Victoria"
"GQ","Litoral","Vivac"
"GQ","Kie-Ntem","Yaemben"
"GQ","Litoral","Yagoebuma"
"GQ","Centro Sur","Yama"
"GQ","Litoral","Yanabote"
"GQ","Litoral","Yang"
"GQ","Litoral","Yecue"
"GQ","Centro Sur","Yecuo"
"GQ","Centro Sur","Yemven"
"GQ","Centro Sur","Yem"
"GQ","Litoral","Yenge"
"GQ","Kie-Ntem","Yengue"
"GQ","Litoral","Yengue"
"GQ","Centro Sur","Yen"
"GQ","Litoral","Yiba"
"GQ","Centro Sur","Yiemvena"
"GQ","Kie-Ntem","Yobete"
"GQ","Litoral","Yobo"
"GQ","Litoral","Yocuguongbo"
"GQ","Kie-Ntem","Yomosomo"
"GQ","Litoral","Yoni"
"GQ","Centro Sur","Yose"
"GQ","Litoral","Yube-Mangani"
"GQ","Litoral","Yube"
"GQ","Bioko Norte","Zaragoza"
"GQ","Centro Sur","Zaragoza"
"GQ","Litoral","Zaragoza"
