"JO","Al Balqa'","`Abdun"
"JO","At Tafilah","`Abil"
"JO","Al Balqa'","Abu `Alanda"
"JO","Al Balqa'","Abu `Alandah"
"JO","Al Balqa'","Abu `Alende"
"JO","Ma'An","Abu Al `Izam"
"JO","Ma'An","Abu Al Lasan"
"JO","Al Balqa'","Abu Al Lawqas"
"JO","Al Balqa'","Abu Al Qayn"
"JO","Al Karak","Abu Ash Shahm"
"JO","Al Balqa'","Abu As Salih"
"JO","Al Balqa'","Abu Az Zighan"
"JO","At Tafilah","Abu Bana"
"JO","Ma'An","Abu Danna"
"JO","Ma'An","Abu Dannah"
"JO","Ma'An","Abu El Jirdhan Station"
"JO","Ma'An","Abu El Jurdhan Station"
"JO","Ma'An","Abu El Lasan"
"JO","Al Balqa'","Abu El Lauqas"
"JO","Al Balqa'","Abu El-Luqas"
"JO","Al Balqa'","Abu El Qein"
"JO","Al Karak","Abu Esh Shahm"
"JO","Al Balqa'","Abu Es Sallih"
"JO","Al Balqa'","Abu Ez Zighan"
"JO","Al Balqa'","Abu Ghara"
"JO","Al Balqa'","Abu Gharah"
"JO","Al Balqa'","Abu Hamed"
"JO","Al Balqa'","Abu Hamid"
"JO","Al Karak","Abu Hammur"
"JO","Ma'An","Abu Makhtub"
"JO","Al Balqa'","Abu Neseir"
"JO","Al Balqa'","Abu Nusayr"
"JO","Al Balqa'","Abu Nuseir"
"JO","At Tafilah","`Abur"
"JO","Al Balqa'","Abu Sallih"
"JO","At Tafilah","Abu Shauka"
"JO","At Tafilah","Abu Shawkah"
"JO","Al Karak","Abu Trabe"
"JO","Al Karak","Abu Turaba"
"JO","Al Karak","Abu Turabah"
"JO","Al Balqa'","`Adasiya"
"JO","Al Balqa'","Adasiyah"
"JO","At Tafilah","Adba`Ah"
"JO","Al Karak","Ad Dabab"
"JO","Al Karak","Ad Dabbakah"
"JO","Al Karak","Ad Dabkah"
"JO","Al Balqa'","Ad Dafyanah"
"JO","Al Balqa'","Ad Dajaniyah"
"JO","Ma'An","Ad Da`Janiyah"
"JO","Al Balqa'","Ad Dayr"
"JO","Al Karak","Ad Dimnah"
"JO","Al Aqabah","Ad Disah"
"JO","Al Aqabah","Ad Durrah"
"JO","Al Karak","Ad Duwaykhilah"
"JO","At Tafilah","Ad Duwaykhilah"
"JO","Al Karak","Ader"
"JO","Al Karak","Adh Dhira`"
"JO","Al Karak","Adh Dhuhaybah"
"JO","Al Balqa'","Adh Dhunaybah"
"JO","Ma'An","Adhruh"
"JO","Al Karak","Adir"
"JO","Al Balqa'","Adjlun"
"JO","Ma'An","Adruh"
"JO","Al Balqa'","`Afna"
"JO","At Tafilah","`Afra"
"JO","Al Balqa'","`Agraba"
"JO","Ma'An","Ahamant"
"JO","Al Karak","`Ai"
"JO","Al Balqa'","Aidun"
"JO","Al Karak","`Aie"
"JO","Ma'An","Ail"
"JO","At Tafilah","`Aima"
"JO","At Tafilah","'Aime"
"JO","Al Karak","`Aina"
"JO","Al Balqa'","`Ain El Basha"
"JO","Al Balqa'","`Ain Es Safar"
"JO","Al Balqa'","`Ain Janna"
"JO","Al Balqa'","`Ain Jenne"
"JO","Al Balqa'","`Ain Khuneizir"
"JO","Al Karak","`Ainun"
"JO","Al Karak","Aiy"
"JO","Al Balqa'","`Ajaj"
"JO","Al Balqa'","`Ajlun"
"JO","Al Aqabah","Akaba"
"JO","Al Karak","Al `Abbasiyah"
"JO","Al Balqa'","Al `Adasiyah"
"JO","At Tafilah","Al `Ain Al Bayda'"
"JO","Al Balqa'","`Al"
"JO","Al Balqa'","Al `Al"
"JO","Al Balqa'","`Al`Al"
"JO","At Tafilah","Al `Aliyah"
"JO","Al Balqa'","Al `Aluk"
"JO","Al Karak","Al `Amaqah"
"JO","Al Balqa'","Al `Amiriyah"
"JO","Al Karak","Al `Amiriyah"
"JO","Al Karak","Al `Amiriyya"
"JO","Al Aqabah","Al `Aqabah"
"JO","Al Karak","`Alaqan"
"JO","Al Karak","Al `Arid"
"JO","Ma'An","Al `Arja'"
"JO","Al Karak","Al `Arudah"
"JO","Ma'An","Al Arzah"
"JO","Al Balqa'","Al Ashrafiyah"
"JO","Ma'An","Al `Awaynah"
"JO","At Tafilah","Al `Aymah"
"JO","Al Karak","Al `Ayna"
"JO","Al Karak","Al `Ayn"
"JO","Al Balqa'","Al Azraq"
"JO","Al Balqa'","Al Azraq Ash Shamali"
"JO","Al Balqa'","Al `Azziyah"
"JO","Al Balqa'","Al Bahhath"
"JO","Al Balqa'","Al Bahhath Al Janubi"
"JO","Al Karak","Al Bahr"
"JO","Al Balqa'","Al Ba`Ij"
"JO","Al Balqa'","Al-Baqoorah"
"JO","Al Balqa'","Al Baqurah"
"JO","Al Balqa'","Al Barihah"
"JO","Al Balqa'","Al Bassah"
"JO","Ma'An","Al Bastah"
"JO","Al Aqabah","Al Bayda"
"JO","Al Balqa'","Al Bunayyat"
"JO","Al Balqa'","Al Bunayyat Al Janubiyah"
"JO","Al Balqa'","Al Bunayyat Ash Shamaliyah"
"JO","Ma'An","Al Buq`Ah"
"JO","Al Karak","Al Buqay`"
"JO","Al Aqabah","Al Burj"
"JO","At Tafilah","Al Busayrah"
"JO","Al Balqa'","Al Buwayda"
"JO","Al Balqa'","Al Buwaydah"
"JO","Al Balqa'","Al Fakhirah"
"JO","Ma'An","Al Fardhakh"
"JO","Ma'An","Al Farsh"
"JO","Ma'An","Al Faysaliyah"
"JO","Al Balqa'","Al Fuhays"
"JO","Ma'An","Al Fujayj"
"JO","Al Aqabah","Al Ghal"
"JO","Al Karak","Al Ghuwayr"
"JO","Al Balqa'","Al Haddadah"
"JO","Ma'An","Al Haddadah"
"JO","Al Karak","Al Hadithah"
"JO","Al Karak","Al Hamidiyah"
"JO","Al Balqa'","Al Hammah"
"JO","Al Balqa'","Al Hamra'"
"JO","Al Karak","Al Hamud"
"JO","At Tafilah","Al Hannanah"
"JO","Al Balqa'","Al Haqawah"
"JO","Al Balqa'","Al Harawiyah"
"JO","At Tafilah","Al Hasa"
"JO","Al Balqa'","Al Hashimiyah"
"JO","Ma'An","Al Hashimiyah"
"JO","Al Karak","Al Hashimiyah Al Janubiyah"
"JO","Al Karak","Al Hashimiyyah Al Janubiyah"
"JO","Al Balqa'","Al Hawi"
"JO","Al Balqa'","Al Hawwasiyah"
"JO","Ma'An","Al Hayy"
"JO","Al Balqa'","Al Hisn"
"JO","Ma'An","Al Hiyad"
"JO","Al Aqabah","Al Humaymah Al Jadidah"
"JO","Al Balqa'","Al Hummar"
"JO","Al Balqa'","Al Husayniyah"
"JO","Al Karak","Al Husayniyah"
"JO","Ma'An","Al Husayniyah"
"JO","Al Karak","Al Ifranj"
"JO","Al Karak","Al `Iraq"
"JO","At Tafilah","Al `Is"
"JO","Al Karak","Al `Isawiyah"
"JO","Al Balqa'","Al `Izziyah"
"JO","Al Karak","Al Jad`Ah"
"JO","Ma'An","Al Jafr"
"JO","Ma'An","Al Jarba' Al Kabirah"
"JO","Ma'An","Al Jarba' As Saghirah"
"JO","Al Balqa'","Al Jasurah"
"JO","Al Karak","Al Jawzah"
"JO","Ma'An","Al Jaya"
"JO","Ma'An","Al Jayah"
"JO","Al Balqa'","Al Jazzazah"
"JO","Ma'An","Alji"
"JO","Al Balqa'","Al Jirm"
"JO","Al Balqa'","Al Jizah"
"JO","Al Balqa'","Al Jubayhah"
"JO","Al Karak","Al Judayyidah"
"JO","Ma'An","Al Juhayr"
"JO","Al Karak","Al Jumayl"
"JO","Al Karak","Al Jumayyil"
"JO","Ma'An","Al Junaynah"
"JO","At Tafilah","Al Jurf"
"JO","Ma'An","Al Juththah"
"JO","Al Balqa'","Al Juwayyidah"
"JO","Al Balqa'","Al Kafrayn"
"JO","Al Balqa'","Al Kamshah"
"JO","Al Karak","Al Karak"
"JO","Al Balqa'","Al Karamah"
"JO","Al Balqa'","Al Khan"
"JO","Al Balqa'","Al Khanasiri"
"JO","Al Balqa'","Al Kharaj"
"JO","Al Balqa'","Al Khirbah As Samra'"
"JO","Al Balqa'","Al Khuraybah"
"JO","Ma'An","Al Khuraybah"
"JO","Al Balqa'","Al Kitta"
"JO","Al Balqa'","Al Kittah"
"JO","Al Balqa'","Al Kufayr"
"JO","Al Balqa'","Al Kursi"
"JO","At Tafilah","Al La`Ban"
"JO","Al Karak","Al Lajjun"
"JO","Al Balqa'","`Allan"
"JO","Al Balqa'","Al Lubban"
"JO","Al Balqa'","Al Mabrak"
"JO","Al Karak","Al Madabah"
"JO","Al Balqa'","Al Madrasah"
"JO","Al Balqa'","Al Madwar"
"JO","Al Balqa'","Al Mafraq"
"JO","Al Balqa'","Al Maghir"
"JO","Al Balqa'","Al Mahattah"
"JO","Al Balqa'","Al Majdal"
"JO","Al Karak","Al Majidah"
"JO","Al Karak","Al Ma'Muniyah Ash Shamaliyah"
"JO","Al Karak","Al Ma`Murah"
"JO","Al Balqa'","Al Manakhir"
"JO","Al Balqa'","Al Manashsh"
"JO","Ma'An","Al Manshiah"
"JO","Al Balqa'","Al Manshiyah"
"JO","Al Karak","Al Manshiyah"
"JO","Al Balqa'","Al Mansurah"
"JO","Ma'An","Al Mansurah"
"JO","Al Karak","Al Mantarah"
"JO","Al Karak","Al Mara`Ah"
"JO","Al Balqa'","Al Masarrah"
"JO","Al Balqa'","Al Mashargah"
"JO","Al Balqa'","Al Mashariqah"
"JO","Al Balqa'","Al Mastabah"
"JO","Al Karak","Al Mathluthah"
"JO","Al Balqa'","Al Mazar"
"JO","Al Karak","Al Mazar"
"JO","Al Karak","Al Mazra`A"
"JO","Al Karak","Al Mazra`Ah"
"JO","Al Balqa'","Al Mazra`"
"JO","Al Karak","Al Mazra`"
"JO","Al Balqa'","Al Mazzah"
"JO","At Tafilah","Al Mi`Tan"
"JO","Al Balqa'","Al Mudari"
"JO","Al Balqa'","Al Mudawwarah"
"JO","Al Aqabah","Al Mudawwarah"
"JO","Al Balqa'","Al Mughayrfat"
"JO","Al Balqa'","Al Mughayrifat"
"JO","Al Balqa'","Al Mughayyir"
"JO","Al Karak","Al Mughayyir"
"JO","Ma'An","Al Muhammadiyah"
"JO","Al Karak","Al Mujaydil"
"JO","Al Balqa'","Al Mukayfitah"
"JO","Al Balqa'","Al Mukhaybah Al Fawqa"
"JO","Al Balqa'","Al Mukhaybah"
"JO","Al Balqa'","Al Muqabalayn"
"JO","Ma'An","Al Muqari`Iyah"
"JO","Ma'An","Al Murayghah"
"JO","Al Balqa'","Al Mushaqqar"
"JO","Al Balqa'","Al Mushargah"
"JO","Al Balqa'","Al Mushayrifah"
"JO","Al Karak","Al Mushayrifah"
"JO","Al Balqa'","Al Mushayritah"
"JO","Ma'An","Al Muthallith"
"JO","Al Balqa'","Al Muwaqqar"
"JO","Al Aqabah","Al Muzaqqar"
"JO","Ma'An","Al Qa`"
"JO","At Tafilah","Al Qadisiyah"
"JO","Al Balqa'","Al Qartu`Iyah"
"JO","Ma'An","Al Qasimiyah"
"JO","Al Karak","Al Qasr"
"JO","Al Balqa'","Al Qastal"
"JO","Al Karak","Al Qatrana"
"JO","Al Karak","Al Qatranah"
"JO","Al Balqa'","Al Qihati"
"JO","Al Balqa'","Al Qisfah"
"JO","Al Karak","Al Qunaytira"
"JO","Al Karak","Al Qunaytirah"
"JO","Al Balqa'","Al Qunayyah"
"JO","Ma'An","Al Qurayn"
"JO","Al Aqabah","Al Qurayqarah"
"JO","Al Karak","Al Qurayyat"
"JO","Al Balqa'","Al Quwayjiyah"
"JO","Al Aqabah","Al Quwayrah"
"JO","Al Balqa'","Al Quwaysimah"
"JO","Al Balqa'","Al-Salt"
"JO","Al Balqa'","`Aluk"
"JO","Al Karak","Al `Umari"
"JO","Al Karak","Al `Umyan"
"JO","Al Balqa'","Al Yadudah"
"JO","Al Aqabah","Al Yamaniyah"
"JO","Al Karak","Al Yarut"
"JO","Al Balqa'","Al Yazidiyah"
"JO","Al Karak","`Amaqa"
"JO","Ma'An","Amaun"
"JO","Al Balqa'","`Amiriya"
"JO","Al Balqa'","`Amman"
"JO","Al Balqa'","Amman"
"JO","Al Karak","`Ammuriya"
"JO","Al Balqa'","`Amrawa"
"JO","Al Balqa'","`Amrawah"
"JO","Al Balqa'","`Anjara"
"JO","Al Balqa'","`Anjarah"
"JO","Al Balqa'","An Nabi Hud"
"JO","Al Karak","An Na`Imah"
"JO","At Tafilah","An-Namata"
"JO","At Tafilah","An Namatah"
"JO","Ma'An","An Naqb"
"JO","Al Karak","An Naqubah"
"JO","Al Balqa'","An Nimrah"
"JO","Al Balqa'","An Nu`Ayyimah"
"JO","Al Balqa'","An Nusayhi"
"JO","Al Balqa'","An Nuwayjis"
"JO","Al Aqabah","`Aqaba"
"JO","Al Balqa'","`Aqraba"
"JO","Al Balqa'","`Aqrabah"
"JO","Al Karak","`Ara`Er"
"JO","Al Karak","`Ara`Ir"
"JO","Al Karak","Arak"
"JO","Al Balqa'","Arbela"
"JO","At Tafilah","`Arfah"
"JO","Al Balqa'","Arhaba"
"JO","At Tafilah","Arhab"
"JO","Al Karak","Ariha"
"JO","Ma'An","`Arja"
"JO","Al Balqa'","Ar Rab`Ah"
"JO","Al Balqa'","Ar Rabahiyah"
"JO","Al Karak","Ar Rabbah"
"JO","Al Aqabah","Ar Rabiyah"
"JO","Al Balqa'","Ar Radm"
"JO","Al Balqa'","Ar Rafid"
"JO","Al Balqa'","Ar Rajib"
"JO","Ma'An","Ar Rajif"
"JO","Al Balqa'","Ar Ramtha"
"JO","Al Balqa'","Ar Rashadah"
"JO","At Tafilah","Ar Rashadiyah"
"JO","Al Balqa'","Ar Rasha'Idah"
"JO","Al Aqabah","Ar Rashidiyah"
"JO","Al Aqabah","Ar Rishah"
"JO","Al Balqa'","Ar Riwaq"
"JO","Al Balqa'","Ar Rumaymin"
"JO","Al Balqa'","Ar Rumman"
"JO","Al Balqa'","Ar Rusayfah"
"JO","Ma'An","Ar Rusays"
"JO","Al Balqa'","Ar Ruwaq"
"JO","Al Balqa'","Ar Ruwayhah"
"JO","At Tafilah","Arwim"
"JO","Ma'An","Asfar Al Mahattah"
"JO","Al Balqa'","Ash Shaghur"
"JO","Al Balqa'","Ash Shagur"
"JO","Al Balqa'","Ash Shajarah"
"JO","Al Balqa'","Ash Shakarah"
"JO","Al Aqabah","Ash Shakiriyah"
"JO","Ma'An","Ash Shammakh"
"JO","Ma'An","Ash Shawbak"
"JO","Al Balqa'","Ash Shaykh Muhammad"
"JO","Al Balqa'","Ash Shufatah"
"JO","Al Balqa'","Ash Shumaysani"
"JO","Al Balqa'","Ash Shunah Ash Shamaliyah"
"JO","Al Balqa'","Ash Shunah"
"JO","Al Karak","Ash Shuqayq"
"JO","Al Aqabah","Askan Al Mina'"
"JO","Al Karak","Askan Dabbabnah"
"JO","At Tafilah","As Sab`Ah"
"JO","Ma'An","As Sadaqah"
"JO","Al Karak","As Safi"
"JO","Al Balqa'","As Safinah"
"JO","Al Karak","As Safiyah"
"JO","Al Balqa'","As Sakhinah"
"JO","Al Balqa'","As Salihi"
"JO","Al Aqabah","As Salihiyah"
"JO","At Tafilah","As Salmani"
"JO","Al Balqa'","As Salt"
"JO","Al Balqa'","As Samik"
"JO","Al Balqa'","As Samma"
"JO","Al Karak","As Samra'"
"JO","Al Balqa'","As Samt"
"JO","Al Balqa'","As Saqrah"
"JO","Al Balqa'","As Sarih"
"JO","Al Balqa'","As Sawalihah"
"JO","Al Balqa'","As Sawwan"
"JO","Al Balqa'","As Silah"
"JO","At Tafilah","As Sil`"
"JO","Al Balqa'","As Sillihi"
"JO","Al Karak","As Simakiyah"
"JO","Al Balqa'","As Subayhi"
"JO","Al Balqa'","As Sukhnah"
"JO","Al Balqa'","As Sulaykhat"
"JO","Al Balqa'","As Suq"
"JO","Al Balqa'","As Suwaylimah"
"JO","Al Karak","`Ataruz"
"JO","Al Karak","Ath Thallajah"
"JO","Al Karak","Ath Thaniyah"
"JO","Al Balqa'","Ath Thughrah"
"JO","Al Karak","Ath Thughrah"
"JO","Al Balqa'","Ath Thukhaynat"
"JO","Al Karak","`Atruz"
"JO","At Tafilah","At Tafila"
"JO","At Tafilah","At Tafilah"
"JO","Ma'An","At Tahunah"
"JO","Al Aqabah","At Tawil"
"JO","Al Balqa'","At Tayyarah"
"JO","Al Balqa'","At Tayyibah"
"JO","Al Karak","At Tayyibah"
"JO","Ma'An","At Tayyibah"
"JO","Al Balqa'","At Tiwal"
"JO","Ma'An","At Tumay`Ah"
"JO","Al Balqa'","At Tunayb"
"JO","Al Balqa'","At Turkumaniyah"
"JO","Al Balqa'","At Turrah"
"JO","Al Aqabah","At Tuwaysah"
"JO","Al Balqa'","Ausara"
"JO","Al Balqa'","`Awajan El Gharbi"
"JO","Al Balqa'","Awajan Esh Shamali"
"JO","Al Balqa'","Awajan Esh Sharqi"
"JO","Ma'An","Awhaydah"
"JO","Al Balqa'","`Awjan Al Gharbi"
"JO","Al Balqa'","`Awjan Ash Shamali"
"JO","Al Balqa'","`Awjan Ash Sharqi"
"JO","Al Balqa'","Awsarah"
"JO","Al Balqa'","Aydun"
"JO","At Tafilah","`Aymah"
"JO","Al Karak","`Ayna'"
"JO","Al Balqa'","`Ayn Al Basha"
"JO","Al Aqabah","`Ayn Al Hawwarah"
"JO","Ma'An","Ayn Amoun"
"JO","Ma'An","`Ayn 'Amun"
"JO","Ma'An","`Ayn Amun"
"JO","Al Balqa'","`Ayn As Safar"
"JO","Al Balqa'","`Ayn Es Safar"
"JO","Al Balqa'","`Ayn Hummar"
"JO","Al Balqa'","`Ayn Jana"
"JO","Al Balqa'","`Ayn Janna"
"JO","Al Balqa'","`Ayn Khunayzir"
"JO","Al Karak","`Aynun"
"JO","Al Karak","`Ayy"
"JO","Al Karak","`Azra"
"JO","Al Balqa'","Azraq Ad Duruz"
"JO","Al Balqa'","Azraq Ashikah"
"JO","Al Balqa'","Azraq Ash Shishan"
"JO","Al Balqa'","Azraq"
"JO","Al Balqa'","Azraq Druze"
"JO","Al Balqa'","Azraq Ed Druz"
"JO","Al Balqa'","Azraq Ed Duruz"
"JO","Al Balqa'","Azraq Esh Shishan"
"JO","Al Balqa'","Azraq Shishan"
"JO","Al Balqa'","`Azrit"
"JO","Al Balqa'","Az Zarqa'"
"JO","Al Balqa'","Az Zarra`Ah"
"JO","Ma'An","Az Zaytunah"
"JO","Al Balqa'","Az Zimaliyah"
"JO","Al Balqa'","Az Zubaydiyah"
"JO","Ma'An","Az Zubayriyah"
"JO","Al Balqa'","Az Zumlah"
"JO","Al Balqa'","Az Zunayyah"
"JO","Al Karak","Az Zutt"
"JO","Al Balqa'","Bab Al Nakb"
"JO","Al Balqa'","Bab An Nahb"
"JO","Al Balqa'","Bab An Naqb"
"JO","Ma'An","Bada"
"JO","Al Karak","Badhan"
"JO","Al Karak","Badhdhan"
"JO","Al Balqa'","Badram"
"JO","Al Balqa'","Bahhath"
"JO","At Tafilah","Bahlul"
"JO","Al Balqa'","Ba`Ij"
"JO","Al Karak","Ba'Ir"
"JO","Al Balqa'","Baiyuda"
"JO","Al Balqa'","Balad Al Basha"
"JO","Al Balqa'","Balad Al Mansurah"
"JO","Al Balqa'","Balad Ash Shaykh"
"JO","Al Balqa'","Balad El Basha"
"JO","Al Balqa'","Balad El Mansura"
"JO","Al Balqa'","Balad Esh Sheikh"
"JO","Al Balqa'","Balad `Ulayyan"
"JO","Al Balqa'","Bal`Ama"
"JO","Al Balqa'","Bal`Amah"
"JO","Al Balqa'","Balila"
"JO","Al Balqa'","Ballas"
"JO","Al Karak","Baqei` El Qababi`A"
"JO","Al Balqa'","Baqura"
"JO","Al Balqa'","Barashta"
"JO","Al Balqa'","Barazin"
"JO","Al Balqa'","Barha"
"JO","Al Balqa'","Bariha"
"JO","Al Balqa'","Bariqa"
"JO","Al Karak","Barza"
"JO","Al Karak","Barzah"
"JO","Al Balqa'","Bassa"
"JO","Ma'An","Basta"
"JO","Ma'An","Bastah"
"JO","Al Karak","Batir"
"JO","Al Balqa'","Ba`Un"
"JO","Al Karak","Bayir"
"JO","Al Balqa'","Bayt Al Husayni"
"JO","Al Balqa'","Bayt Idis"
"JO","Al Balqa'","Bayt Ra'S"
"JO","Al Balqa'","Bayt Yafa"
"JO","Al Balqa'","Bayt Zir`Ah"
"JO","Al Balqa'","Bayyudah"
"JO","Al Balqa'","Bedran"
"JO","Al Balqa'","Beit El Huseini"
"JO","Al Balqa'","Beit Idis"
"JO","Al Balqa'","Beit Ras"
"JO","Al Balqa'","Beit Yafa"
"JO","Al Balqa'","Beit Zer`A"
"JO","Al Balqa'","Beit Zira"
"JO","Al Balqa'","Belal"
"JO","Al Balqa'","Bel`Ama"
"JO","Al Balqa'","Beneyat"
"JO","Al Balqa'","Berazin"
"JO","Al Karak","Berze"
"JO","Al Karak","Bethan"
"JO","Al Karak","Betir"
"JO","Al Balqa'","Beyude"
"JO","Al Balqa'","Biddin"
"JO","Al Balqa'","Bilal"
"JO","Ma'An","Bir Abu Al `Alaq"
"JO","Ma'An","Bir Abu Dannah"
"JO","Ma'An","Bir Ad Dabbaghat"
"JO","Ma'An","Bir At Tafi"
"JO","Al Balqa'","Bi'Rayn"
"JO","Al Balqa'","Birein"
"JO","Ma'An","Bi'R Hamad"
"JO","Ma'An","Bir Khidad"
"JO","Al Aqabah","Bir Madhkur"
"JO","Al Balqa'","Bishra"
"JO","Al Balqa'","Breiqa"
"JO","Al Balqa'","Bueij"
"JO","Al Balqa'","Buneiyat"
"JO","Al Karak","Buqay` Al Qababi`Ah"
"JO","Al Karak","Buqei`"
"JO","Al Balqa'","Burayqah"
"JO","Al Balqa'","Bureiqa"
"JO","Al Aqabah","Burj"
"JO","Al Balqa'","Burma"
"JO","At Tafilah","Busayra"
"JO","At Tafilah","Busayrah"
"JO","At Tafilah","Buseira"
"JO","Al Balqa'","Bushra"
"JO","At Tafilah","Butaynah"
"JO","At Tafilah","Buteina"
"JO","Al Balqa'","Buweida"
"JO","Al Karak","Dabab"
"JO","Al Karak","Dab`Ah"
"JO","Al Karak","Dabka"
"JO","Al Balqa'","Dafyana"
"JO","Al Balqa'","Damia"
"JO","Al Balqa'","Damiya"
"JO","At Tafilah","Dana"
"JO","Al Balqa'","Darar"
"JO","Al Karak","Dat Ras"
"JO","Al Balqa'","Dauqara"
"JO","Ma'An","Dausil"
"JO","Al Balqa'","Dawgarah"
"JO","Al Balqa'","Dawqarah"
"JO","Ma'An","Dawr"
"JO","Al Balqa'","Dayr Abu Sa`Id"
"JO","Al Balqa'","Dayr Al Kahf"
"JO","Al Balqa'","Dayr `Alla"
"JO","Al Balqa'","Dayr Al Liyat"
"JO","Al Balqa'","Dayr As Simadiyah"
"JO","Al Balqa'","Dayr As Si`Nah"
"JO","Al Balqa'","Dayr Waraq"
"JO","Al Balqa'","Dayr Yusuf"
"JO","Al Balqa'","Deir Abu Sa`Id"
"JO","Al Balqa'","Deir `Alla"
"JO","Al Balqa'","Deir El Kahf"
"JO","Al Balqa'","Deir El Khaf"
"JO","Al Balqa'","Deir El Leyat"
"JO","Al Balqa'","Deir El Liyat"
"JO","Al Balqa'","Deir El Liyyat"
"JO","Al Balqa'","Deir Ell-Leyat"
"JO","Al Balqa'","Deir Es-Sa`Na"
"JO","Al Balqa'","Deir Es Si`Na"
"JO","Al Balqa'","Deir Es Sumadiya"
"JO","Al Balqa'","Deir Waraq"
"JO","Al Balqa'","Deir Yusuf"
"JO","Al Karak","Deleilet El-Hemaide"
"JO","Al Karak","Deleilet El-Meteirat"
"JO","Al Karak","Deleiqe"
"JO","Al Balqa'","Deneibe"
"JO","Al Karak","Dhab`A"
"JO","Al Karak","Dhat Ra\"s"
"JO","Al Karak","Dhiban"
"JO","Al Karak","Dhira`"
"JO","Al Balqa'","Dhuhayba"
"JO","Al Balqa'","Dhuhaybah"
"JO","Al Karak","Dhuhaybah"
"JO","Al Karak","Dhuheiba"
"JO","Al Balqa'","Dhunaybah"
"JO","Al Balqa'","Dhuneiba"
"JO","Al Karak","Diban"
"JO","Al Aqabah","Dibbat Hanut"
"JO","Al Balqa'","Dibbin"
"JO","Ma'An","Dilaghah"
"JO","Al Karak","Dimna"
"JO","Al Balqa'","Dirar"
"JO","Al Balqa'","Djerash"
"JO","Al Balqa'","Doqara"
"JO","Al Karak","Dulaylat Al Hama'Idah"
"JO","Al Karak","Dulaylat Al Mutarat"
"JO","Al Karak","Dulaylat Al Mutayrat"
"JO","Al Karak","Dulayqah"
"JO","Al Karak","Duleilat El Hamayida"
"JO","Al Karak","Duleilat El Muterat"
"JO","Al Karak","Duleilit El Hamayida"
"JO","Al Karak","Duleilit El Muteirat"
"JO","Al Karak","Duleiqa"
"JO","Ma'An","Dusil"
"JO","Al Karak","Duweikhila"
"JO","At Tafilah","Duweikhila"
"JO","Al Balqa'","`Ebbin"
"JO","Al Balqa'","`Ebillin"
"JO","Al Karak","Ed Dabbaka"
"JO","Al Balqa'","Ed Dafyana"
"JO","Al Balqa'","Ed Dajaniya"
"JO","Al Balqa'","Ed Dalabih"
"JO","Al Balqa'","Ed Deir"
"JO","Al Karak","Ed Dimna"
"JO","Al Balqa'","Ed Diyara"
"JO","At Tafilah","Ed Duweikhila"
"JO","Al Karak","Edh Dhira`"
"JO","Al Karak","Edh Dhra`"
"JO","Al Karak","Edh Dhuheiba"
"JO","Al Balqa'","Eidun"
"JO","Al Balqa'","Ein Al Basha"
"JO","Al Karak","El `Abasiya"
"JO","Al Balqa'","El `Adasiye"
"JO","Al Karak","El `Aina"
"JO","Al Karak","El `Ain"
"JO","Al Balqa'","El `Al"
"JO","Al Balqa'","El `Aluk"
"JO","Al Karak","El `Amaqa"
"JO","Al Karak","El `Ameqe"
"JO","Al Balqa'","El `Amiriya"
"JO","Al Karak","El `Araq"
"JO","Al Karak","El `Arid"
"JO","Al Karak","El `Aruda"
"JO","Al Balqa'","El Ashrafiya"
"JO","Al Balqa'","El `Azziya"
"JO","Al Balqa'","El Bahhath"
"JO","Al Karak","El Bahr"
"JO","Al Karak","El Baqei`"
"JO","Al Balqa'","El Baqura"
"JO","Al Balqa'","El-Barha"
"JO","Al Balqa'","El Bariha"
"JO","Al Balqa'","El Bassa"
"JO","Al Balqa'","El Basse"
"JO","Al Balqa'","El Behat"
"JO","Al Karak","El Beqei`"
"JO","Al Balqa'","El Boweida"
"JO","Al Balqa'","El Buneiyat Janubiah"
"JO","Al Balqa'","El Buneiyat North"
"JO","Al Balqa'","El Buneiyat Shamaliah"
"JO","Al Balqa'","El Buneiyat South"
"JO","Al Karak","El Buqei"
"JO","Al Aqabah","El Burg"
"JO","Al Aqabah","El Burj"
"JO","At Tafilah","El Buseira"
"JO","At Tafilah","El Busera"
"JO","Al Balqa'","El Buweida"
"JO","Ma'An","Elchi"
"JO","Al Balqa'","El Dajjaniya"
"JO","Al Karak","El Deheibe"
"JO","Al Karak","El Demne"
"JO","Al Karak","El-Doweikhle"
"JO","Al Karak","El Efranj"
"JO","Al Karak","El `Emein"
"JO","Al Balqa'","El Fakhiya"
"JO","Ma'An","El Fardhakh"
"JO","Al Balqa'","El-Fedein"
"JO","Al Balqa'","El Fuheis"
"JO","Al Karak","El-Ghoweir"
"JO","Al Karak","El Ghuweir"
"JO","Ma'An","El-Gi"
"JO","Al Balqa'","El Haddada"
"JO","Al Karak","El Haditha"
"JO","Ma'An","El Hai"
"JO","Al Karak","El Halq"
"JO","Al Balqa'","El Hamma"
"JO","Al Balqa'","El Hamra"
"JO","Al Balqa'","El Haqawa"
"JO","Al Balqa'","El Harawiyya"
"JO","Al Balqa'","El Hashimiya"
"JO","Al Karak","El Hashimiya El Janubiya"
"JO","Al Balqa'","El Hawasiya"
"JO","Al Balqa'","El Hawi"
"JO","Al Balqa'","El Hummar"
"JO","Al Balqa'","El Hummer"
"JO","Al Balqa'","El Huseiniya"
"JO","Al Karak","El Huseiniya"
"JO","Al Balqa'","El Husn"
"JO","Al Balqa'","El-Hussenia"
"JO","Al Karak","El Ifran"
"JO","Al Karak","El Ifranj"
"JO","At Tafilah","El `Ime"
"JO","Al Karak","El `Irag"
"JO","Al Karak","El `Iraq"
"JO","At Tafilah","El `Isa"
"JO","Al Karak","El `Isawiya"
"JO","Al Karak","El Jad'A"
"JO","Ma'An","El Jafr"
"JO","Al Balqa'","El Jasura"
"JO","Al Karak","El Jauza"
"JO","Ma'An","El Jaya"
"JO","Al Balqa'","El-Jazzaza"
"JO","Al Balqa'","El Jebeihe"
"JO","Al Karak","El Jedeide"
"JO","Al Karak","El Jemeil"
"JO","Ma'An","Elji"
"JO","Al Balqa'","El Jirm"
"JO","Al Balqa'","El Joweide"
"JO","Al Balqa'","El Jubeiha"
"JO","Al Karak","El Judaiyida"
"JO","Al Karak","El Jumaiyil"
"JO","Al Balqa'","El Juweiyida"
"JO","Al Balqa'","El Kafrein"
"JO","Al Balqa'","El Kamsha"
"JO","Al Balqa'","El-Kamshe"
"JO","Al Balqa'","El Karama"
"JO","Al Balqa'","El Karamah"
"JO","Al Balqa'","El Karameh"
"JO","Al Balqa'","El Kefrein"
"JO","Al Karak","El Kerak"
"JO","Al Balqa'","El Kfeir"
"JO","Al Balqa'","El Khan"
"JO","Al Balqa'","El Kharaj"
"JO","Al Balqa'","El Kheraj"
"JO","Al Balqa'","El-Khereibe"
"JO","Al Balqa'","El Khirba Es Samra"
"JO","Al Balqa'","El Khureiba"
"JO","Ma'An","El Khureiba"
"JO","Al Balqa'","El Kitta"
"JO","Al Balqa'","El-Kitte"
"JO","Al Balqa'","El Kufeir"
"JO","Al Balqa'","El Kursi"
"JO","Al Karak","El Lajjun"
"JO","Al Karak","El-Lejun"
"JO","Al Balqa'","El Libban"
"JO","Al Balqa'","El Lubban"
"JO","Al Balqa'","El Mabrak"
"JO","Al Balqa'","El Madrasa"
"JO","Al Balqa'","El Madwar"
"JO","Al Balqa'","El Maghir"
"JO","Al Balqa'","El-Maghir"
"JO","Al Balqa'","El Mahatta"
"JO","Al Balqa'","El Majdal"
"JO","Al Karak","El Ma'Muniya"
"JO","Al Balqa'","El Manashsh"
"JO","Al Balqa'","El Manshiya"
"JO","Al Karak","El Manshiya"
"JO","Al Balqa'","El Mansura"
"JO","Al Balqa'","El Marraza"
"JO","Al Balqa'","El Masarra"
"JO","Al Balqa'","El Masharga"
"JO","Al Balqa'","El Mastaba"
"JO","Al Karak","El Mathlutha"
"JO","Al Balqa'","El Mazar"
"JO","Al Karak","El Mazar"
"JO","Al Karak","El Mazra`A"
"JO","Al Karak","El Mazra`"
"JO","Al Balqa'","El Mazza"
"JO","Al Balqa'","El Mebrek"
"JO","Al Balqa'","El Mederi"
"JO","Al Karak","El Mejide"
"JO","Al Karak","El Mekawer"
"JO","Al Balqa'","El Mekheibe"
"JO","Al Balqa'","El Meqablin"
"JO","Al Balqa'","El-Mesarra"
"JO","Al Karak","El-Methluthe"
"JO","Al Karak","El Mezra`"
"JO","Al Karak","El Mezre`"
"JO","Al Karak","El Mintara"
"JO","At Tafilah","El Mi`Tan"
"JO","Al Balqa'","El Mudari"
"JO","Al Aqabah","El 'Mudawwara"
"JO","Al Balqa'","El Mudeware"
"JO","Al Balqa'","El Mughaiyir"
"JO","Al Balqa'","El Mugheirfat"
"JO","Al Karak","El Mujeibil"
"JO","Al Karak","El Mujeidil"
"JO","Al Balqa'","El Mukeifta"
"JO","Al Balqa'","El Mukheiba"
"JO","Al Balqa'","El Muqabalein"
"JO","Ma'An","El Muqari`Iya"
"JO","Al Balqa'","El Mushaqqar"
"JO","Al Balqa'","El Mushaqqer"
"JO","Al Karak","El Musheirfa"
"JO","Al Balqa'","El Musheirfe"
"JO","Al Balqa'","El Musheirifa"
"JO","Al Karak","El Musheirifa"
"JO","Al Balqa'","El Musheirife"
"JO","Al Karak","El Musheirife"
"JO","Al Balqa'","El-Ne`Aime"
"JO","Ma'An","El Qa"
"JO","Al Balqa'","El-Qaniya"
"JO","Al Balqa'","El Qartu`Iya"
"JO","Al Karak","El Qaser"
"JO","Al Balqa'","El Qastal"
"JO","Al Balqa'","El Qastel"
"JO","Al Karak","El Qatrana"
"JO","Al Karak","El-Qeraiyat"
"JO","Al Balqa'","El Qihati"
"JO","Al Balqa'","El Qisfa"
"JO","Al Balqa'","El-Qisfe"
"JO","Al Balqa'","El Queijiye"
"JO","Al Balqa'","El Qunaiya"
"JO","Al Balqa'","El Quneiya"
"JO","Al Karak","El Quraiyat"
"JO","Al Balqa'","El Quwaijiya"
"JO","Al Balqa'","El Quweijiya"
"JO","Al Aqabah","El Quweira"
"JO","Al Balqa'","El Quweisima"
"JO","Al Balqa'","El Quweisme"
"JO","Al Balqa'","El-Rabahiye"
"JO","Al Balqa'","El Rajib"
"JO","Al Balqa'","El Rebahiye"
"JO","Al Karak","El Rebbe"
"JO","Al Balqa'","El Remteh"
"JO","At Tafilah","El Reshadiye"
"JO","Al Balqa'","El Rumman"
"JO","Al Karak","El Safie"
"JO","Al Karak","El Safieh"
"JO","Al Balqa'","El Samek"
"JO","Al Balqa'","El Selihi"
"JO","Al Karak","El-Semakiye"
"JO","Al Balqa'","El Shaghur"
"JO","Al Balqa'","El Shekara"
"JO","Al Karak","El-Sheqeiq"
"JO","Al Balqa'","El Shune"
"JO","Al Balqa'","El Shun"
"JO","Al Balqa'","El Sukhne"
"JO","At Tafilah","El Tafile"
"JO","Al Balqa'","El Teneib"
"JO","Al Karak","El Thaniya"
"JO","Al Karak","El Theniya"
"JO","Al Balqa'","El Thoghre"
"JO","Al Karak","El `Umyan"
"JO","Al Balqa'","El Yaduda"
"JO","Al Balqa'","El Yadude"
"JO","Al Balqa'","El Yadud"
"JO","Al Karak","El Yarut"
"JO","Al Balqa'","El Yazidiya"
"JO","Al Balqa'","El Yesidiye"
"JO","Al Balqa'","El Yezidiye"
"JO","Al Balqa'","El Zemaliye"
"JO","Al Balqa'","El Zeniya"
"JO","Al Balqa'","En Nabi Hud"
"JO","At Tafilah","En-Namata"
"JO","Al Karak","En Naquba"
"JO","Al Balqa'","En Nimra"
"JO","Al Balqa'","En Nu`Aiyima"
"JO","Al Balqa'","En Nu`Eima"
"JO","Al Balqa'","En Nu`Eiyima"
"JO","Al Balqa'","En Nuseihi"
"JO","Al Balqa'","En Nuweijis"
"JO","Al Karak","Eriha"
"JO","Al Balqa'","Er Rab`A"
"JO","Al Balqa'","Er Rabahiya"
"JO","Al Karak","Er Rabba"
"JO","Al Balqa'","Er Radm"
"JO","Al Balqa'","Er Rafid"
"JO","Al Balqa'","Er Rajib"
"JO","Ma'An","Er Rajif"
"JO","Al Balqa'","Er Rashada"
"JO","At Tafilah","Er Rashadiya"
"JO","Al Balqa'","Er Rashayida"
"JO","Al Balqa'","Er Refeia"
"JO","Al Balqa'","Er Remtha"
"JO","Al Balqa'","Er Riwaq"
"JO","Al Balqa'","Er Rumeimin"
"JO","Al Balqa'","Er Rumman"
"JO","Al Balqa'","Er Ruseifa"
"JO","Al Balqa'","Er Ruwaq"
"JO","Al Balqa'","Er Ruweiha"
"JO","Al Balqa'","Esh Shaghur"
"JO","Al Balqa'","Esh Shajara"
"JO","Al Balqa'","Esh Sheikh Muhammad"
"JO","Al Balqa'","Esh Shikara"
"JO","Ma'An","Esh Shobek"
"JO","Al Balqa'","Esh Shufata"
"JO","Al Balqa'","Esh Shumeisani"
"JO","Al Karak","Esh Shuqeiq"
"JO","Ma'An","Es Sadaqa"
"JO","Al Karak","Es-Safi"
"JO","Al Balqa'","Es Safina"
"JO","Al Karak","Es Safiye"
"JO","Al Karak","Es Sahila"
"JO","Al Balqa'","Es Sakhina"
"JO","Al Balqa'","Es Sakhineh"
"JO","Al Balqa'","Es Salihi"
"JO","Al Balqa'","Es Salt"
"JO","Al Balqa'","Es Samik"
"JO","Al Balqa'","Es Samma"
"JO","Al Balqa'","Es Samt"
"JO","Al Balqa'","Es Saqra"
"JO","Al Balqa'","Es Sarih"
"JO","Al Balqa'","Es Sawaliha"
"JO","Al Balqa'","Es Sila"
"JO","At Tafilah","Es Sil`"
"JO","Al Karak","Es Simakiya"
"JO","Al Balqa'","Es Sowan"
"JO","Al Balqa'","Es Subeihi"
"JO","Al Balqa'","Es Sukhna"
"JO","Al Balqa'","Es Suq"
"JO","Al Balqa'","Es Suwwan"
"JO","Al Karak","Eth Thallaja"
"JO","Al Karak","Eth Thaniya"
"JO","Al Karak","Eth Thanniya"
"JO","Al Balqa'","Eth Thughra"
"JO","Al Karak","Eth-Thughra"
"JO","At Tafilah","Et Tafila"
"JO","Al Balqa'","Et Taiyiba"
"JO","Ma'An","Et Taiyiba"
"JO","Al Balqa'","Et Taiyibe"
"JO","Ma'An","Et Taiyibe"
"JO","Al Balqa'","Et Tiwal"
"JO","Al Balqa'","Et Tukheinat"
"JO","Al Balqa'","Et Tuneib"
"JO","Al Balqa'","Et Turkmaniya"
"JO","Al Balqa'","Et Turra"
"JO","Al Balqa'","Ez Zarra`A"
"JO","Al Balqa'","Ez Zimaliya"
"JO","Al Balqa'","Ez Zubeidiya"
"JO","Al Balqa'","Ez Zumla"
"JO","Al Balqa'","Ez Zunaiya"
"JO","Al Karak","Ez Zutt"
"JO","Al Balqa'","Fa`"
"JO","Al Karak","Faqqu`"
"JO","Al Karak","Faqu"
"JO","Al Balqa'","Fara"
"JO","Al Balqa'","Farah"
"JO","Ma'An","Fardhakh"
"JO","Al Balqa'","Fau`Ara"
"JO","Al Balqa'","Faw`Arah"
"JO","Al Karak","Fayfa"
"JO","Al Karak","Fayfa'"
"JO","Al Balqa'","Feheis"
"JO","Al Karak","Fifah"
"JO","Al Karak","Fifi"
"JO","Al Aqabah","Finan"
"JO","Al Balqa'","Fo`Ara"
"JO","Al Balqa'","Fuheis"
"JO","Al Karak","Fuqu`"
"JO","Al Balqa'","Gadara"
"JO","Al Balqa'","Gader"
"JO","Al Balqa'","Gerasa"
"JO","At Tafilah","Gharandal"
"JO","Al Aqabah","Gharandal"
"JO","Al Balqa'","Gharisa"
"JO","Al Balqa'","Gharisah"
"JO","Al Karak","Ghawr Adh Dhira`"
"JO","Al Balqa'","Ghereise"
"JO","Al Karak","Ghuwayr"
"JO","Al Karak","Ghuweir"
"JO","Al Balqa'","Habaka"
"JO","At Tafilah","Hadira"
"JO","Al Karak","Haditha"
"JO","Ma'An","Hai"
"JO","Al Balqa'","Haiyan El Mushrif"
"JO","Al Balqa'","Haiyan El-Roweibed"
"JO","Al Balqa'","Haiyan El Ruweibed"
"JO","Al Balqa'","Haiyan Er Ruweibid El Gharbi"
"JO","Al Balqa'","Haiyan Er Ruweibid Esh Sharqi"
"JO","Al Balqa'","Haiyan Er Ruweibid"
"JO","Al Balqa'","Hakama"
"JO","Al Balqa'","Hakamah"
"JO","Al Balqa'","Hakema"
"JO","Al Karak","Halaq Ash Shuqayq"
"JO","Al Karak","Halaq Esh Shuqeiq"
"JO","Al Balqa'","Halawa"
"JO","Al Balqa'","Halawah"
"JO","Al Karak","Halq"
"JO","Al Balqa'","Hamama"
"JO","Al Balqa'","Hamamah"
"JO","Al Balqa'","Hamamat Al `Alamat"
"JO","Al Balqa'","Hamamat Al `Ushush"
"JO","Al Balqa'","Hamamat El `Alamat"
"JO","Al Balqa'","Hamamat El `Umush"
"JO","Al Balqa'","Hamamat El 'Ushush"
"JO","Al Balqa'","Ham"
"JO","Al Balqa'","Hamnana"
"JO","Al Balqa'","Hamnanah"
"JO","Al Karak","Hamud"
"JO","Al Balqa'","Harima"
"JO","Al Balqa'","Harimah"
"JO","Al Balqa'","Harta"
"JO","Al Balqa'","Hasan El Falah"
"JO","Al Balqa'","Hasen El Fellah"
"JO","Al Balqa'","Hatem"
"JO","Al Balqa'","Hatim"
"JO","Al Balqa'","Haufa"
"JO","Al Balqa'","Hausha"
"JO","Al Balqa'","Hawara"
"JO","Al Balqa'","Hawar"
"JO","Al Balqa'","Hawfa"
"JO","Al Balqa'","Hawfah"
"JO","Al Balqa'","Hawi"
"JO","Al Balqa'","Hawsha"
"JO","Al Balqa'","Hawwara"
"JO","Al Balqa'","Hawwarah"
"JO","Al Balqa'","Hayyan Al Mushrif"
"JO","Al Balqa'","Hayyan Ar Ruwaybid Al Gharbi"
"JO","Al Balqa'","Hayyan Ar Ruwaybid Ash Sharqi"
"JO","Al Balqa'","Hayyan Ar Ruwaybid"
"JO","Ma'An","Hayy"
"JO","Al Karak","Hemud"
"JO","Al Balqa'","Hesban"
"JO","Al Balqa'","Heshbon"
"JO","Al Balqa'","Hisban"
"JO","Al Balqa'","Hobras"
"JO","Al Balqa'","Hofa"
"JO","Al Balqa'","Hosha"
"JO","Al Balqa'","Hubras"
"JO","Al Balqa'","Hummar"
"JO","Al Karak","Humud"
"JO","Al Balqa'","Husayn Al `Ali Al Falah"
"JO","Al Balqa'","Husban"
"JO","Al Balqa'","Husein El `Ali El Falah"
"JO","Al Balqa'","Huseiniya"
"JO","Al Aqabah","Husn El Mudawwara"
"JO","Al Balqa'","Husn"
"JO","Ma'An","Huwalah"
"JO","Al Balqa'","`Ibbin"
"JO","Al Balqa'","Ibdar"
"JO","Al Balqa'","Ibder"
"JO","Al Balqa'","`Ibillin"
"JO","Al Balqa'","Ibsar"
"JO","Al Karak","Ifranj"
"JO","Al Karak","Imra`"
"JO","Al Balqa'","`Inbah"
"JO","Al Balqa'","`Inba"
"JO","Al Balqa'","`Inbe"
"JO","Al Balqa'","`Ira"
"JO","Al Balqa'","`Iraq Al Amir"
"JO","Al Balqa'","`Iraq El Amir"
"JO","Al Karak","`Iraq"
"JO","Al Balqa'","Irbid"
"JO","Al Balqa'","Irhab"
"JO","Al Balqa'","`Irjan El Gharbiya"
"JO","Al Balqa'","`Irjan Esh Sharqiya"
"JO","Al Balqa'","`Irjan"
"JO","Al Balqa'","Irjan"
"JO","Al Balqa'","Irkaym"
"JO","Al Balqa'","Irkheim"
"JO","At Tafilah","`Isa"
"JO","Al Balqa'","Is`Arah"
"JO","Al Balqa'","Is`Ara"
"JO","Ma'An","Isfir Al Mahattah"
"JO","Ma'An","Isfir El Mahappa"
"JO","Ma'An","Isfir El Mahatta"
"JO","Al Balqa'","Ishtafayna"
"JO","Al Balqa'","Ishtafeina"
"JO","At Tafilah","`Is"
"JO","Al Karak","Iskan Sharikat Al Fusfat"
"JO","Ma'An","Iyl"
"JO","Al Balqa'","`Izbat Al Bisharat"
"JO","Al Balqa'","Izbat El Bisharat"
"JO","Al Karak","`Izra"
"JO","Al Balqa'","`Izrit"
"JO","Al Balqa'","Jaba"
"JO","Al Aqabah","Jabal Ash Shurayyah"
"JO","Al Karak","Jad`Ah"
"JO","Al Karak","Jad`A"
"JO","Al Karak","Jad`At Al Jubur"
"JO","Al Karak","Jad`At El Jubur"
"JO","Al Karak","Jahrah"
"JO","Al Karak","Jahra'"
"JO","Al Balqa'","Jal`Ad"
"JO","Al Balqa'","Jalul"
"JO","Al Balqa'","Janna`Ah"
"JO","Al Balqa'","Janna`A"
"JO","Al Balqa'","Jarash"
"JO","Al Balqa'","Jarima"
"JO","Al Balqa'","Jarrish"
"JO","Al Karak","Jauza"
"JO","Al Balqa'","Jawa"
"JO","Al Karak","Jawzah"
"JO","Al Balqa'","Jazzaza"
"JO","Al Karak","Jed`A"
"JO","Al Karak","Jedeide"
"JO","Al Balqa'","Jedeita"
"JO","Al Karak","Jehra"
"JO","Al Balqa'","Jejin"
"JO","Al Balqa'","Jejjin"
"JO","Al Balqa'","Jel`Ad"
"JO","Al Balqa'","Jelul"
"JO","Al Balqa'","Jenin"
"JO","Al Balqa'","Jerasa"
"JO","Al Balqa'","Jerash"
"JO","Al Balqa'","Jereiba"
"JO","Al Balqa'","Jereine"
"JO","Al Balqa'","Jiffin"
"JO","Al Balqa'","Jijjin"
"JO","Al Balqa'","Jilul"
"JO","Al Balqa'","Jinin"
"JO","Al Balqa'","Jinnin As Safa"
"JO","Al Balqa'","Jinnin Es Safa"
"JO","Al Balqa'","Jisr Damia"
"JO","Al Balqa'","Jisr Ed Damiye"
"JO","Al Balqa'","Jiza"
"JO","Al Balqa'","Jize"
"JO","Al Balqa'","Johfiya"
"JO","Al Karak","Joza"
"JO","Al Karak","Joze"
"JO","Al Balqa'","Jubbah"
"JO","Al Balqa'","Jubba"
"JO","Al Balqa'","Jubeiha"
"JO","Al Karak","Judaiyida"
"JO","Al Balqa'","Judayta"
"JO","Al Karak","Judayyidah"
"JO","Al Karak","Judeida"
"JO","Al Balqa'","Judeita"
"JO","Al Balqa'","Judeitta"
"JO","Al Balqa'","Juffayn"
"JO","Al Balqa'","Juffein"
"JO","Al Balqa'","Juhfiyah"
"JO","Al Balqa'","Juhfiya"
"JO","Al Karak","Juhra"
"JO","Al Karak","Jumaiyil"
"JO","Al Karak","Jumayyil"
"JO","Al Karak","Jumeil"
"JO","Al Balqa'","Jumhah"
"JO","Al Balqa'","Jumha"
"JO","Al Balqa'","Juraybah"
"JO","Al Balqa'","Juraynah"
"JO","Al Balqa'","Jureiba"
"JO","Al Balqa'","Jureina"
"JO","At Tafilah","Jurf Ad Darawish"
"JO","At Tafilah","Jurf Ed Darawish"
"JO","Al Karak","Juwayr"
"JO","Al Karak","Juweir"
"JO","Al Balqa'","Juweiyida"
"JO","Al Balqa'","Kafr Abil"
"JO","Al Balqa'","Kafr Ad Durrah"
"JO","Al Balqa'","Kafr Al Ma'"
"JO","Al Balqa'","Kafr `An"
"JO","Al Balqa'","Kafr Asad"
"JO","Al Balqa'","Kafr `Awan"
"JO","Al Balqa'","Kafrein"
"JO","Al Balqa'","Kafr Hudah"
"JO","Al Balqa'","Kafr Ja\"iz"
"JO","Al Balqa'","Kafr Khal"
"JO","Al Balqa'","Kafr Khall"
"JO","Al Balqa'","Kafr Kifiya"
"JO","Al Balqa'","Kafr Rahta"
"JO","Al Balqa'","Kafr Rakib"
"JO","Al Balqa'","Kafr Sawm"
"JO","Al Balqa'","Kafr Yuba"
"JO","Al Balqa'","Kalaat El Zerka"
"JO","Al Balqa'","Kalat El Mafrak"
"JO","Al Karak","Kamanna"
"JO","Al Karak","Kaminna"
"JO","Al Balqa'","Kamsha"
"JO","Al Karak","Karak"
"JO","Al Balqa'","Karama Camp"
"JO","Al Balqa'","Karameh Camp"
"JO","Al Balqa'","Kareime"
"JO","Al Balqa'","Kassir"
"JO","Al Balqa'","Kastal"
"JO","Al Karak","Kathrabba"
"JO","Al Balqa'","Kaun El Hunr"
"JO","Al Balqa'","Kawm Al Humr"
"JO","Al Balqa'","Kefeir Abi Serbut"
"JO","Al Balqa'","Kefeir Abu Serbut"
"JO","Al Balqa'","Kefeir El Wekhyan"
"JO","Al Balqa'","Kefr Abil"
"JO","Al Balqa'","Kefrenji"
"JO","Al Balqa'","Kefrenjy"
"JO","Al Karak","Kerak"
"JO","Al Balqa'","Keramah"
"JO","Al Balqa'","Kereime"
"JO","Al Balqa'","Kerkeime"
"JO","Al Balqa'","Kersam"
"JO","Al Karak","Kethrabba"
"JO","Al Karak","Kethrebba"
"JO","Al Balqa'","Kh`Ain"
"JO","Al Balqa'","Khanasira"
"JO","Al Balqa'","Khanasiri"
"JO","Al Balqa'","Khanasre"
"JO","Al Balqa'","Khanasry"
"JO","Al Balqa'","Khanzira"
"JO","Al Karak","Khanzira"
"JO","Al Karak","Khanzire"
"JO","Al Balqa'","Kharja"
"JO","Al Aqabah","Khashm Al Qatrah"
"JO","Al Aqabah","Khashm El Qatra"
"JO","Al Balqa'","Khatlah"
"JO","Al Balqa'","Khatla"
"JO","Al Karak","Khaukha"
"JO","Al Karak","Khawkhah"
"JO","Al Karak","Khawkha"
"JO","Al Balqa'","Khazmah"
"JO","Al Balqa'","Khazma"
"JO","Al Balqa'","Kheneizir"
"JO","Al Balqa'","Kheraj"
"JO","Al Balqa'","Kherja"
"JO","Al Karak","Kheurbet Ed Dabka"
"JO","Al Balqa'","Khilda"
"JO","Al Balqa'","Khinzirah"
"JO","Al Karak","Khinzirah"
"JO","Al Balqa'","Khirbat Abu Al Khass"
"JO","Al Balqa'","Khirbat Abu As Sus"
"JO","Al Balqa'","Khirbat Abu Az Zaytun"
"JO","Al Balqa'","Khirbat Abu El Khass"
"JO","Al Balqa'","Khirbat Abu Es Sus"
"JO","Al Balqa'","Khirbat Abu Es Zeitun"
"JO","Al Balqa'","Khirbat Abu Hadid"
"JO","Al Balqa'","Khirbat Abu Hamid"
"JO","Al Karak","Khirbat Abu Hamid"
"JO","At Tafilah","Khirbat `Abun"
"JO","At Tafilah","Khirbat `Abur"
"JO","Al Balqa'","Khirbat Ad Duqmussah"
"JO","Al Balqa'","Khirbat `Afana"
"JO","Al Balqa'","Khirbat `Afna"
"JO","Al Karak","Khirbat `Ai"
"JO","Al Balqa'","Khirbat `Ain"
"JO","Al Karak","Khirbat `Aiy"
"JO","Al Balqa'","Khirbat Aiyub"
"JO","Al Balqa'","Khirbat Akeidir"
"JO","Al Balqa'","Khirbat Al Adyirah"
"JO","At Tafilah","Khirbat Al Bayda'"
"JO","Al Balqa'","Khirbat Al Birah"
"JO","Al Balqa'","Khirbat Al Haddadah"
"JO","Al Balqa'","Khirbat Al Hammah"
"JO","Al Balqa'","Khirbat Al Hawi"
"JO","Al Balqa'","Khirbat Al Husayniyat"
"JO","At Tafilah","Khirbat Al `Is"
"JO","Al Balqa'","Khirbat Al Kawm"
"JO","Al Balqa'","Khirbat Al Mudari"
"JO","Al Balqa'","Khirbat Al Mudawwarah"
"JO","Ma'An","Khirbat Al Murayghah"
"JO","Al Balqa'","Khirbat Al `Unnab"
"JO","Al Balqa'","Khirbat Al Wahadinah"
"JO","Al Karak","Khirbat `Ammuriya"
"JO","Al Balqa'","Khirbat Ar Ruqqah"
"JO","Al Balqa'","Khirbat Ar Rusayfah"
"JO","Al Balqa'","Khirbat `Asfur"
"JO","Al Balqa'","Khirbat Ash Shawahid"
"JO","Al Balqa'","Khirbat Ash Shaykh Husayn"
"JO","Al Balqa'","Khirbat Ash Shaykh Muhammad"
"JO","Al Balqa'","Khirbat Ash Shaykh `Ulayyan"
"JO","Al Balqa'","Khirbat Ash Shubbak"
"JO","Al Balqa'","Khirbat Ash Shunah"
"JO","At Tafilah","Khirbat As Sab`Ah"
"JO","Al Balqa'","Khirbat `Assaf"
"JO","Al Karak","Khirbat As Sahilah"
"JO","Al Balqa'","Khirbat As Sakhinah"
"JO","Al Balqa'","Khirbat As Salus"
"JO","Al Balqa'","Khirbat As Samra'"
"JO","Al Balqa'","Khirbat As Sawwan"
"JO","Al Balqa'","Khirbat As Suwaylimah"
"JO","Al Balqa'","Khirbat As Suwayrat"
"JO","Al Balqa'","Khirbat At Tayyarah"
"JO","Al Balqa'","Khirbat `Ayn"
"JO","Al Balqa'","Khirbat Ayyub"
"JO","Al Balqa'","Khirbat Az Zarra`Ah"
"JO","Al Balqa'","Khirbat Badran"
"JO","Al Balqa'","Khirbat Bi'Rayn"
"JO","Al Balqa'","Khirbat Birein"
"JO","At Tafilah","Khirbat Butaynah"
"JO","At Tafilah","Khirbat Buteina"
"JO","Al Balqa'","Khirbat Dayr Al Kahf"
"JO","Al Balqa'","Khirbat Deir El Kahf"
"JO","Al Karak","Khirbat Ed-Deleilat El-Gharbiyeh"
"JO","Al Balqa'","Khirbat Ed Duqmussa"
"JO","Al Balqa'","Khirbat El Adyira"
"JO","Al Balqa'","Khirbat El `Al"
"JO","Al Balqa'","Khirbat El `Azidiyeh"
"JO","At Tafilah","Khirbat El Beida"
"JO","Al Balqa'","Khirbat El Bira"
"JO","Al Balqa'","Khirbat El Bisharat"
"JO","Al Balqa'","Khirbat El Fakhra"
"JO","Al Balqa'","Khirbat El Haddada"
"JO","Al Balqa'","Khirbat El Hamma"
"JO","Al Balqa'","Khirbat El Hawi"
"JO","Al Balqa'","Khirbat El Huseiniyat"
"JO","Al Balqa'","Khirbat El `Innab"
"JO","At Tafilah","Khirbat El `Is"
"JO","Al Balqa'","Khirbat El Kaum"
"JO","Al Balqa'","Khirbat El Kufeir"
"JO","Al Balqa'","Khirbat El-Kursi"
"JO","Al Balqa'","Khirbat El Mudari"
"JO","Al Balqa'","Khirbat El Mudawwara"
"JO","Ma'An","Khirbat El Mureigha"
"JO","Al Balqa'","Khirbat El-Suq"
"JO","Al Balqa'","Khirbat El Wahadina"
"JO","Al Balqa'","Khirbat El Wahadne"
"JO","Al Balqa'","Khirbat El Yazidiya"
"JO","Ma'An","Khirbat Er Rajef"
"JO","Al Balqa'","Khirbat Er Ruqqa"
"JO","Al Balqa'","Khirbat Er Ruseifa"
"JO","Al Balqa'","Khirbat Esh Shawahid"
"JO","Al Balqa'","Khirbat Esh Sheikh Husein"
"JO","Al Balqa'","Khirbat Esh Sheikh Muhammad"
"JO","Al Balqa'","Khirbat Esh Shubbak"
"JO","Al Balqa'","Khirbat Esh Shuma"
"JO","Al Balqa'","Khirbat Esh Shuna"
"JO","At Tafilah","Khirbat Es Sab`A"
"JO","Al Karak","Khirbat Es Sahila"
"JO","Al Balqa'","Khirbat Es Sakhina"
"JO","Al Balqa'","Khirbat Es Salus"
"JO","Al Balqa'","Khirbat Es Samra"
"JO","Al Karak","Khirbat Es Samra"
"JO","Al Balqa'","Khirbat Es Suq"
"JO","Al Balqa'","Khirbat Et Taiyara"
"JO","Al Balqa'","Khirbat Et Tayyarah"
"JO","Al Balqa'","Khirbat Et Tiyyara"
"JO","Al Balqa'","Khirbat Ez Zarra'A"
"JO","Al Karak","Khirbat Falha"
"JO","Al Balqa'","Khirbat Hazzar"
"JO","Al Balqa'","Khirbat Huwayshan"
"JO","Al Balqa'","Khirbat Huweishan"
"JO","Al Balqa'","Khirbat Ibsar"
"JO","Al Balqa'","Khirbat Jaba"
"JO","Al Karak","Khirbat Jauza"
"JO","Al Balqa'","Khirbat Juraybah"
"JO","Al Balqa'","Khirbat Jureiba"
"JO","Al Balqa'","Khirbat Khatlah"
"JO","Al Balqa'","Khirbat Khatla"
"JO","Al Balqa'","Khirbat Khaw"
"JO","Al Balqa'","Khirbat Khaww"
"JO","At Tafilah","Khirbat Majadil"
"JO","Al Karak","Khirbat Majdalayn"
"JO","Al Karak","Khirbat Majdalein"
"JO","Al Balqa'","Khirbat Makhul"
"JO","Al Balqa'","Khirbat Marqa`Ah"
"JO","Al Balqa'","Khirbat Marqa`A"
"JO","Al Balqa'","Khirbat Maysarah"
"JO","Al Balqa'","Khirbat Meisara"
"JO","Al Balqa'","Khirbat Mihna"
"JO","Al Balqa'","Khirbat Mirqa`A"
"JO","Al Balqa'","Khirbat Najdah"
"JO","Al Balqa'","Khirbat Nijda"
"JO","Al Balqa'","Khirbat Ra\"s Al Madinah"
"JO","Al Balqa'","Khirbat Ras El Madina"
"JO","Al Balqa'","Khirbat Rukhaym"
"JO","Al Balqa'","Khirbat Rukheim"
"JO","Al Balqa'","Khirbat Sakayin"
"JO","Al Balqa'","Khirbat Sarabis"
"JO","Al Balqa'","Khirbat Sha`Tha"
"JO","Al Balqa'","Khirbat Shaykh `Ulayyan"
"JO","Al Balqa'","Khirbat Sheikh Husein"
"JO","Al Balqa'","Khirbat Sheikh `Ilaiyan"
"JO","Al Balqa'","Khirbat Sheikh Muhammad"
"JO","Al Balqa'","Khirbat Sheikh `Ulaiyan"
"JO","Al Karak","Khirbat Shihan"
"JO","Al Balqa'","Khirbat Shin"
"JO","Al Balqa'","Khirbat Shuna"
"JO","Al Balqa'","Khirbat Sin`Ar"
"JO","Al Balqa'","Khirbat Siran"
"JO","Al Balqa'","Khirbat Suweilma"
"JO","Al Balqa'","Khirbat Suweirat"
"JO","Al Balqa'","Khirbat Tha`La'"
"JO","Al Balqa'","Khirbat Ukaydir"
"JO","Al Balqa'","Khirbat Um El Qanafid"
"JO","Al Balqa'","Khirbat Um En Namil"
"JO","Al Balqa'","Khirbat Um En Naml"
"JO","Al Balqa'","Khirbat Um Es Sirab"
"JO","Al Balqa'","Khirbat Umm An Naml"
"JO","Al Balqa'","Khirbat Umm Rummanah"
"JO","Al Karak","Khirbat Umm Rummanah"
"JO","Al Balqa'","Khirbat Um Rummana"
"JO","Al Karak","Khirbat Um Rummana"
"JO","Al Balqa'","Khirbat `Usaym"
"JO","Al Balqa'","Khirbat `Useim"
"JO","Al Balqa'","Khirbat `Usfur"
"JO","Ma'An","Khirbet El Mureigha"
"JO","Al Balqa'","Khirbet El Samra"
"JO","Al Balqa'","Khirbet Esh Shawahid"
"JO","Al Balqa'","Khirbet Es Samra"
"JO","Al Balqa'","Khirbet Sheikh `Ilaiyan"
"JO","Al Balqa'","Khirbet Sheikh Mohammad"
"JO","Al Balqa'","Khunayzir"
"JO","Al Balqa'","Khuneizir"
"JO","Al Balqa'","Khuraybat As Suq"
"JO","Al Balqa'","Khurbet El Samra"
"JO","Al Balqa'","Khureiba"
"JO","Ma'An","Khureiba"
"JO","Al Balqa'","Khureibat Es Suq"
"JO","Al Karak","Kir Moab"
"JO","Al Balqa'","Kitim"
"JO","Al Balqa'","Kitta"
"JO","Al Balqa'","Kufayr Abu Sarbut"
"JO","Al Balqa'","Kufayr Al Wakhyan"
"JO","Al Balqa'","Kufayrat Abu Khinan"
"JO","Al Balqa'","Kufeir Abi Sarbut"
"JO","Al Balqa'","Kufeir Abu Sarbut"
"JO","Al Balqa'","Kufeirat Abu Khinan El Sharqi"
"JO","Al Balqa'","Kufeirat Abu Khinan"
"JO","Al Balqa'","Kufeir El Wakhyan"
"JO","Al Balqa'","Kufeir"
"JO","Al Balqa'","Kufier Abu Sarbut"
"JO","Al Balqa'","Kufr Abil"
"JO","Al Balqa'","Kufr Alma"
"JO","Al Balqa'","Kufr `An"
"JO","Al Balqa'","Kufr Asad"
"JO","Al Balqa'","Kufr As Sawm"
"JO","Al Balqa'","Kufr `Awan"
"JO","Al Balqa'","Kufr Ed Durra"
"JO","Al Balqa'","Kufr El Ma"
"JO","Al Balqa'","Kufr Esad"
"JO","Al Balqa'","Kufr Huda"
"JO","Al Balqa'","Kufr Hude"
"JO","Al Balqa'","Kufrinjah"
"JO","Al Balqa'","Kufrinja"
"JO","Al Balqa'","Kufrinje"
"JO","Al Balqa'","Kufrinji"
"JO","Al Balqa'","Kufr Jayez"
"JO","Al Balqa'","Kufr Jayiz"
"JO","Al Balqa'","Kufr Kefia"
"JO","Al Balqa'","Kufr Khal"
"JO","Al Balqa'","Kufr Khall"
"JO","Al Balqa'","Kufr Kifiya"
"JO","Al Balqa'","Kufr Kifya"
"JO","Al Balqa'","Kufr Rahta"
"JO","Al Balqa'","Kufr Rakib"
"JO","Al Balqa'","Kufr Saum"
"JO","Al Balqa'","Kufr Som"
"JO","Al Balqa'","Kufr Yuba"
"JO","Al Balqa'","Kufr Yubay"
"JO","Al Balqa'","Kuraiyima"
"JO","Al Balqa'","Kuraymah"
"JO","Al Balqa'","Kurayyimah"
"JO","Al Balqa'","Kureima"
"JO","Al Balqa'","Kureiyima"
"JO","Al Balqa'","Kurkumah"
"JO","Al Balqa'","Kurkuma"
"JO","Al Balqa'","Kursi"
"JO","At Tafilah","La`Ban"
"JO","At Tafilah","Lahzah"
"JO","Al Karak","Lajjum"
"JO","Al Karak","Lajjun"
"JO","At Tafilah","Le'Ban"
"JO","Al Balqa'","Ma`Ad"
"JO","Al Balqa'","Ma`Ain"
"JO","Ma'An","Ma`An"
"JO","Al Karak","Machaerus"
"JO","Al Balqa'","Madaba"
"JO","Al Balqa'","Madeba"
"JO","Al Balqa'","Madjala"
"JO","Al Balqa'","Mafraq"
"JO","Al Balqa'","Mahas"
"JO","Ma'An","Mahattat Abu Jirdhan"
"JO","Ma'An","Mahattat Abu Jurdhan"
"JO","Al Balqa'","Mahattat Al Hafif"
"JO","Ma'An","Mahattat Al Jurdhanah"
"JO","Al Balqa'","Mahattat El Hafif"
"JO","Al Karak","Mahayy"
"JO","Al Karak","Maheiy"
"JO","Al Balqa'","Mahis"
"JO","Al Balqa'","Ma`In"
"JO","At Tafilah","Majadil"
"JO","Al Balqa'","Majdala"
"JO","Al Karak","Majdalin"
"JO","Al Balqa'","Majdal"
"JO","Al Karak","Majdolin"
"JO","Al Karak","Majdulin"
"JO","Al Karak","Majra"
"JO","Al Karak","Makawir"
"JO","Al Balqa'","Makhraba"
"JO","Al Balqa'","Makhul"
"JO","Al Balqa'","Malka"
"JO","Al Balqa'","Malqa"
"JO","Al Balqa'","Mandah"
"JO","Al Balqa'","Manja"
"JO","Al Balqa'","Manshiya"
"JO","Al Karak","Manshiya"
"JO","Al Balqa'","Ma`On"
"JO","Ma'An","Maqdis Wa Umm As Sawwan"
"JO","Al Balqa'","Marhaba"
"JO","Al Balqa'","Markah"
"JO","Al Balqa'","Marka"
"JO","Al Balqa'","Marqa`Ah"
"JO","Al Balqa'","Maru"
"JO","Al Balqa'","Marw"
"JO","Al Karak","Mashru` Tawtin Al Badu"
"JO","Al Balqa'","Mastaba"
"JO","Al Karak","Mathlutha"
"JO","Al Karak","Mauta"
"JO","Al Balqa'","Mazar Abu `Ubaydah"
"JO","Al Balqa'","Mazar Abu `Ubeida"
"JO","Al Balqa'","Mazar"
"JO","Al Karak","Mazar"
"JO","Al Balqa'","Mazra`At El Mukheiba"
"JO","Al Karak","Mazra`"
"JO","Al Karak","Meddin"
"JO","Al Balqa'","Medeba"
"JO","Al Balqa'","Medwar"
"JO","Al Karak","Mehna"
"JO","Al Balqa'","Meideva"
"JO","Al Balqa'","Meisara"
"JO","Al Balqa'","Mejdela"
"JO","Al Karak","Mejra"
"JO","Al Karak","Mekawer"
"JO","Al Karak","Meleih"
"JO","Al Balqa'","Melka"
"JO","Al Balqa'","Mendah"
"JO","Al Balqa'","Menja"
"JO","Al Balqa'","Mereijmet Ibn Hamed"
"JO","Al Karak","Merwed"
"JO","Al Balqa'","Mezar Abu `Obeide"
"JO","Al Karak","Mezraa"
"JO","Al Karak","Mezra"
"JO","Al Karak","Middein"
"JO","Al Karak","Middin"
"JO","Al Balqa'","Midwar"
"JO","Al Balqa'","Mihna"
"JO","Al Karak","Mihna"
"JO","Al Balqa'","Miqible"
"JO","Al Karak","Mirwad"
"JO","Al Karak","Mirwid"
"JO","At Tafilah","Mi`Tan"
"JO","Al Balqa'","Mobis"
"JO","Al Balqa'","Mosheirfa"
"JO","Al Karak","Mota"
"JO","Al Karak","Mote"
"JO","Al Balqa'","Mu`Addi"
"JO","Al Balqa'","Mubis"
"JO","Al Balqa'","Mudari"
"JO","Al Aqabah","Mudawwara"
"JO","Al Balqa'","Mughaiyir"
"JO","Al Karak","Mughaiyir"
"JO","Al Karak","Mughayyir"
"JO","Al Karak","Muhai"
"JO","Al Balqa'","Muhammad Salih"
"JO","Al Karak","Muhay"
"JO","Al Karak","Muhayy"
"JO","Al Karak","Mujeida"
"JO","Al Karak","Mujeidil"
"JO","Al Karak","Mukawir"
"JO","Al Balqa'","Mukes"
"JO","Al Balqa'","Mukheiba"
"JO","Al Balqa'","Mukus"
"JO","Al Karak","Mulayh"
"JO","Al Karak","Muleih"
"JO","Al Karak","Mumeya"
"JO","Al Karak","Mumiya'"
"JO","Al Karak","Mumya"
"JO","Al Aqabah","Munayshir"
"JO","Al Balqa'","Muqabaleim"
"JO","Al Balqa'","Muqbilah"
"JO","Al Balqa'","Muqbila"
"JO","Al Balqa'","Murayjimat Ibn Hamid"
"JO","Al Balqa'","Mureijimat Ibn Hamid"
"JO","Al Balqa'","Mursi`"
"JO","Al Balqa'","Mushayrifah Ash Sharqiyah"
"JO","Al Balqa'","Mushayrifah"
"JO","Al Karak","Mushayrifah"
"JO","Al Balqa'","Musheirfa Esh Sharqiya"
"JO","Al Karak","Musheirifa"
"JO","Al Karak","Mu'Tah"
"JO","Al Balqa'","Nabi Hud"
"JO","Al Balqa'","Nadirah"
"JO","Al Balqa'","Nadira"
"JO","Al Balqa'","Nafi`"
"JO","Al Balqa'","Naharayim"
"JO","Al Balqa'","Nahareyim"
"JO","Al Balqa'","Nahlah"
"JO","Al Balqa'","Nahla"
"JO","Al Balqa'","Najdah"
"JO","Ma'An","Najl"
"JO","Al Balqa'","Natfe"
"JO","Al Balqa'","Natifah"
"JO","Al Balqa'","Natifa"
"JO","Al Balqa'","Natl"
"JO","Al Balqa'","Na`Ur"
"JO","Al Balqa'","Nebi Hud"
"JO","Al Balqa'","Netel"
"JO","Ma'An","Nijil"
"JO","Ma'An","Niji"
"JO","Al Balqa'","Nitil"
"JO","Al Balqa'","Nu`Aiyima"
"JO","Al Balqa'","Nuweijis"
"JO","Al Balqa'","Nweijis"
"JO","Ma'An","Petra"
"JO","Al Balqa'","Philadelphia"
"JO","Al Balqa'","Qafqafa"
"JO","Al Balqa'","Qal`At Al Mafraq"
"JO","Al Balqa'","Qal`At Az Zarqa'"
"JO","Al Aqabah","Qal`At El `Aqaba"
"JO","Al Balqa'","Qal`At El Mafraq"
"JO","Al Balqa'","Qal`At Ez Zerqa"
"JO","Al Balqa'","Qalla`At"
"JO","Al Balqa'","Qam"
"JO","Al Balqa'","Qaraqoush"
"JO","Al Balqa'","Qaraqush"
"JO","Ma'An","Qarayn"
"JO","Al Balqa'","Qaryat Al Manshiyah"
"JO","Al Balqa'","Qaryat El Jureina"
"JO","Al Karak","Qaryat Falhah"
"JO","Al Karak","Qaryat Falha"
"JO","Al Balqa'","Qaryat Sama"
"JO","Al Balqa'","Qaryat Umm Al Khirwa`"
"JO","Al Balqa'","Qaryat Umm Al Lu'Lu'"
"JO","Al Balqa'","Qasr Al Hallabat"
"JO","Al Balqa'","Qasr El Hallabat"
"JO","Al Karak","Qasr"
"JO","Al Aqabah","Qatar"
"JO","Al Karak","Qatrani"
"JO","Al Karak","Qeraiyet Falha"
"JO","Al Karak","Qeraiyet Falhe"
"JO","Al Balqa'","Qila`At"
"JO","Al Karak","Qir Moav"
"JO","Al Balqa'","Qisfa"
"JO","Al Balqa'","Qrayet Nafi`"
"JO","Al Balqa'","Qrayet Salem"
"JO","Al Balqa'","Qubur `Abd Allah"
"JO","Al Balqa'","Qubur 'Abdalla"
"JO","At Tafilah","Qufayqif"
"JO","Al Balqa'","Qulay`At"
"JO","Al Balqa'","Qulei`At"
"JO","Al Balqa'","Qumaym"
"JO","Al Balqa'","Qumeim"
"JO","Al Karak","Quraiyat"
"JO","Al Balqa'","Quraymah"
"JO","Al Karak","Qurayyat Falhah"
"JO","Al Balqa'","Qurayyat Nafi`"
"JO","Al Balqa'","Qurayyat Salim"
"JO","Ma'An","Qurein"
"JO","Al Balqa'","Qureiyat Nafi`"
"JO","Al Balqa'","Qureiyat Salim"
"JO","Al Balqa'","Rabbah"
"JO","Al Balqa'","Rabba`"
"JO","Al Karak","Rabba"
"JO","Al Balqa'","Rabbath Ammon"
"JO","Al Balqa'","Rafid"
"JO","Al Balqa'","Rahab"
"JO","Al Aqabah","Rahmah"
"JO","Al Balqa'","Rajeb"
"JO","Al Balqa'","Rajib"
"JO","Ma'An","Rajif"
"JO","Al Karak","Rakin"
"JO","Al Aqabah","Ramm"
"JO","Al Balqa'","Ramoth Gil`Ad"
"JO","Al Balqa'","Ramtha"
"JO","Ma'An","Ras An Nagg"
"JO","Ma'An","Ra'S An Naqb"
"JO","Ma'An","Ras-El-Nagb"
"JO","Ma'An","Ras En Naab"
"JO","Ma'An","Ras En Nagb"
"JO","Ma'An","Ra'S En Naqeb"
"JO","Al Balqa'","Rashada"
"JO","At Tafilah","Rashadiyah"
"JO","At Tafilah","Rashadiya"
"JO","Al Balqa'","Rasun"
"JO","Ma'An","Rawdat Al Amir Rashid"
"JO","Al Balqa'","Raymun"
"JO","Al Balqa'","Rehaba"
"JO","Al Balqa'","Reimun"
"JO","Al Karak","Rejeim Selim"
"JO","Al Balqa'","Remeimin"
"JO","Al Balqa'","Reseife"
"JO","Al Balqa'","Rihaba"
"JO","Al Balqa'","Rihab"
"JO","Al Balqa'","Rimon"
"JO","Al Aqabah","Ru'Aysat Al Khalidi"
"JO","Al Karak","Rujaym Salim"
"JO","Al Karak","Rujeim Salim"
"JO","Al Karak","Rujeim Selim"
"JO","Al Karak","Rujm Al `Alandah"
"JO","Al Karak","Rujm `Alenda"
"JO","Al Balqa'","Rujm Al Hawi"
"JO","Al Balqa'","Rujm Al Midmar"
"JO","Al Balqa'","Rujm Ash Shami"
"JO","Al Balqa'","Rujm Ash Shara'Irah"
"JO","Al Balqa'","Rujm As Sab`"
"JO","Al Karak","Rujm As Sakhri"
"JO","Al Karak","Rujm El `Alanda"
"JO","Al Balqa'","Rujm El Hawi"
"JO","Al Balqa'","Rujm El Midhmar"
"JO","Al Karak","Rujm El-Sekheri"
"JO","Al Balqa'","Rujm El Shami"
"JO","Al Balqa'","Rujm Esh Shami"
"JO","Al Balqa'","Rujm Esh Sharayira"
"JO","Al Karak","Rujm Es Sakhri"
"JO","Al Balqa'","Rujm Maghghiha"
"JO","Al Balqa'","Rujm Maghghijhah"
"JO","Al Balqa'","Rujm Sabi"
"JO","Al Balqa'","Rujm Sab`"
"JO","Al Karak","Rujm Um `Alanda"
"JO","Al Karak","Rujm Umm `Alandah"
"JO","Al Balqa'","Rukheim"
"JO","Al Balqa'","Rumaymin"
"JO","Al Balqa'","Rumeimin"
"JO","Al Balqa'","Rumman"
"JO","Al Aqabah","Rum"
"JO","Al Balqa'","Ruseifa"
"JO","At Tafilah","Ruwath"
"JO","At Tafilah","Ruwaym"
"JO","At Tafilah","Ruweim"
"JO","Al Aqabah","Ruweisat El Khaldi"
"JO","Al Balqa'","Sabhah"
"JO","Al Balqa'","Sabha"
"JO","Al Balqa'","Sabir"
"JO","Al Balqa'","Sab` Siyar"
"JO","Ma'An","Sadaqah"
"JO","Al Karak","Safa"
"JO","Al Karak","Safi"
"JO","Al Balqa'","Safut"
"JO","Al Balqa'","Saha Abu Jabir"
"JO","Al Balqa'","Sahab"
"JO","Al Balqa'","Saham"
"JO","Al Balqa'","Sahat Abu Jabir"
"JO","Al Balqa'","Saidur"
"JO","Al Karak","Saka"
"JO","Al Balqa'","Sakayin"
"JO","Al Balqa'","Sakhrah"
"JO","Al Balqa'","Sakhra"
"JO","Al Balqa'","Sakib"
"JO","Al Karak","Sakka"
"JO","Al Balqa'","Salihi"
"JO","Al Balqa'","Sal"
"JO","Al Balqa'","Salt"
"JO","Al Balqa'","Samad"
"JO","Al Karak","Samara"
"JO","Al Balqa'","Samar"
"JO","Al Balqa'","Sama"
"JO","Al Balqa'","Samik"
"JO","Al Balqa'","Samma"
"JO","Al Balqa'","Sammeh"
"JO","Al Balqa'","Sammu`"
"JO","Al Karak","Samra"
"JO","Al Karak","Samra'"
"JO","Al Balqa'","Samt"
"JO","Al Balqa'","Samu"
"JO","Al Karak","Sarara"
"JO","Al Balqa'","Sarih"
"JO","Al Balqa'","Sarra"
"JO","Al Balqa'","Sarrut"
"JO","Al Balqa'","Saum"
"JO","Al Balqa'","Sawm"
"JO","Al Balqa'","Saydur"
"JO","At Tafilah","Sayl Ray`A"
"JO","Al Balqa'","Sebehi"
"JO","Al Balqa'","Sehab"
"JO","Al Balqa'","Seidur"
"JO","Al Karak","Sekka"
"JO","At Tafilah","Sela`"
"JO","Al Balqa'","Seleikhat"
"JO","Al Karak","Semera"
"JO","Al Karak","Serfe"
"JO","Al Balqa'","Shaghur"
"JO","Al Balqa'","Shajarah"
"JO","Al Balqa'","Shajara"
"JO","Ma'An","Shamakh"
"JO","Ma'An","Shammakh"
"JO","Al Karak","Shaqirah Al Gharbiyah"
"JO","Al Balqa'","Shatana"
"JO","Ma'An","Shaubak Fort"
"JO","Ma'An","Shaubak"
"JO","Ma'An","Shawbak Fort"
"JO","At Tafilah","Shayzum"
"JO","Al Balqa'","Sheikh Muhammad"
"JO","Al Balqa'","Shikara"
"JO","Al Balqa'","Shin"
"JO","Ma'An","Shobek"
"JO","Al Balqa'","Shuna Al Janubiya"
"JO","Al Balqa'","Shuna Esh Shamaliya"
"JO","Al Balqa'","Shuna Janubiya"
"JO","Al Balqa'","Shuna Shamaliya"
"JO","Al Balqa'","Shuna"
"JO","Al Balqa'","Shunat Ibn `Adwan"
"JO","Al Balqa'","Shunat Nimrin"
"JO","Al Balqa'","Shunet Nimrin"
"JO","Al Karak","Shuqayra Ash Sharqiyah"
"JO","Al Karak","Shuqayra'"
"JO","Al Karak","Shuqeiq"
"JO","Al Karak","Shuqeira"
"JO","Ma'An","Sihah"
"JO","Ma'An","Sihan"
"JO","Al Balqa'","Sih Duhaiyim"
"JO","Al Balqa'","Sih Duhayyim"
"JO","Al Karak","Simakiyah"
"JO","Al Karak","Simakiya"
"JO","At Tafilah","Sinfahah"
"JO","At Tafilah","Sinfaha"
"JO","At Tafilah","Sinifhah"
"JO","At Tafilah","Sinifha"
"JO","Al Karak","Sirfah"
"JO","Al Karak","Sirfa"
"JO","Al Balqa'","Somia"
"JO","Al Balqa'","Som"
"JO","Al Balqa'","Soweilima"
"JO","Al Balqa'","Soweilma"
"JO","Al Balqa'","Subayrah"
"JO","Al Balqa'","Subeihi"
"JO","Al Balqa'","Subeirra"
"JO","Al Balqa'","Subhiyah"
"JO","Al Balqa'","Subhiya"
"JO","Al Balqa'","Sufah"
"JO","Al Balqa'","Sufa"
"JO","Al Balqa'","Sufe"
"JO","Al Balqa'","Suf"
"JO","Al Balqa'","Sukhna"
"JO","Al Balqa'","Sulaykhat"
"JO","Al Balqa'","Sulayman An Nasir"
"JO","Al Balqa'","Suleikhat"
"JO","Al Balqa'","Suleiman En Naser"
"JO","Al Balqa'","Suleiman En Nasir"
"JO","Al Karak","Sul"
"JO","Al Balqa'","Sumaiya"
"JO","Al Balqa'","Sumayyah"
"JO","Al Balqa'","Sumia"
"JO","Al Balqa'","Sumiya"
"JO","Al Balqa'","Surrah"
"JO","Al Balqa'","Surra"
"JO","Al Balqa'","Suwaylih"
"JO","Al Balqa'","Suwaylimah"
"JO","Al Balqa'","Suwaymah"
"JO","At Tafilah","Suwaymih"
"JO","Ma'An","Suwaymirah"
"JO","Al Balqa'","Suweile"
"JO","Al Balqa'","Suweilih"
"JO","Al Balqa'","Suweilima"
"JO","Al Balqa'","Suweima"
"JO","Al Balqa'","Suwwan"
"JO","Al Balqa'","Sweileh"
"JO","Al Balqa'","Sweime"
"JO","Al Balqa'","Tabaqat Fahl"
"JO","Al Balqa'","Tabarbaur"
"JO","Al Balqa'","Tabarbawr"
"JO","Al Aqabah","Taba"
"JO","Al Balqa'","Tab Kera`"
"JO","Al Balqa'","Tab Kira`"
"JO","Al Balqa'","Tab Qira`"
"JO","At Tafilah","Tafila"
"JO","At Tafilah","Tafileh"
"JO","At Tafilah","Tafile"
"JO","Al Balqa'","Taibe"
"JO","Al Balqa'","Taiyiba"
"JO","Ma'An","Taiyiba"
"JO","Al Balqa'","Tal`At Ar Ruzz"
"JO","Al Balqa'","Tal`At Er Ruz"
"JO","Al Aqabah","Tall Al Khalifah"
"JO","Al Balqa'","Tall Al Mistah"
"JO","Al Balqa'","Tall Ar Ramah"
"JO","Ma'An","Tall Burma"
"JO","Al Balqa'","Tall Musa"
"JO","Ma'An","Tasan"
"JO","Al Balqa'","Tayyibah"
"JO","Al Balqa'","Tebarbur"
"JO","Al Balqa'","Tela\" El-\"ali"
"JO","Al Balqa'","Tela` El `Aly"
"JO","Al Balqa'","Tell El Mistah"
"JO","Al Balqa'","Tell Er Rama"
"JO","Al Balqa'","Tell Musa"
"JO","Al Balqa'","Tel Or"
"JO","Al Karak","Thaniya"
"JO","Al Balqa'","Thughrat Al Jubb"
"JO","Al Balqa'","Thughrat El Jubb"
"JO","Al Balqa'","Thughra"
"JO","Al Balqa'","Tibnah"
"JO","Al Balqa'","Tibna"
"JO","Al Balqa'","Tibne"
"JO","Al Balqa'","Tibni"
"JO","Al Balqa'","Tila` Al `Ali"
"JO","Al Balqa'","Tila` El `Ali"
"JO","At Tafilah","Tofel"
"JO","Al Balqa'","Tombs Of Abdullah"
"JO","At Tafilah","Tophel"
"JO","At Tafilah","Tufailah"
"JO","Al Balqa'","Tuneib"
"JO","Al Balqa'","Tuqbul"
"JO","Al Balqa'","Tuqbut"
"JO","Al Balqa'","Turra"
"JO","Al Aqabah","Tutun"
"JO","Al Balqa'","Um Buteima"
"JO","Al Karak","Um Ed Dajaj"
"JO","Al Balqa'","Um Ed Dananir"
"JO","Al Balqa'","Um El `Amad"
"JO","Al Balqa'","Um El `Amed"
"JO","Al Balqa'","Um El Burak"
"JO","Al Balqa'","Um El Denanir"
"JO","Al Balqa'","Um El Hanafish"
"JO","Al Balqa'","Um El Jurein"
"JO","Al Karak","Um El Khanazir"
"JO","Al Balqa'","Um El Kharwa`"
"JO","Al Karak","Um El Khenazir"
"JO","Al Balqa'","Um El Khirwa`"
"JO","Al Balqa'","Um El Kundum"
"JO","Al Balqa'","Um El Lulu"
"JO","Al Balqa'","Um El Manabi`"
"JO","Al Balqa'","Um El Na`Am"
"JO","Al Balqa'","Um El Qanafed"
"JO","Al Balqa'","Um El Qanafid"
"JO","Al Balqa'","Um El Qanatid"
"JO","Al Balqa'","Um El Quttein"
"JO","Al Karak","Um El Resas"
"JO","Al Balqa'","Um El Semmaq"
"JO","Al Balqa'","Um El-Summaq"
"JO","Al Balqa'","Um El Usud"
"JO","Al Balqa'","Um En Na`Am"
"JO","Al Karak","Um Er Risas"
"JO","Al Balqa'","Um Es Sarab"
"JO","Al Balqa'","Um Es Summaq"
"JO","Al Balqa'","Um Es Surab"
"JO","Al Karak","Um Hamat"
"JO","Al Karak","Um Hemat"
"JO","Al Balqa'","Um Jauza"
"JO","Al Balqa'","Um Jereisat"
"JO","Al Balqa'","Um Joze"
"JO","Al Balqa'","Um Kharruba"
"JO","Al Balqa'","Um Kharwa"
"JO","Al Karak","Umm Ad Dajaj"
"JO","Al Balqa'","Umm Ad Dananir"
"JO","Al Balqa'","Umm Al `Amad"
"JO","Al Balqa'","Umm Al Birak"
"JO","Al Balqa'","Umm Al Burak"
"JO","Al Balqa'","Umm Al Hanafish"
"JO","Al Balqa'","Umm Al Jurayn"
"JO","Al Karak","Umm Al Khanazir"
"JO","Al Balqa'","Umm Al Khirwa`"
"JO","Al Balqa'","Umm Al Kundum"
"JO","Al Balqa'","Umm Al Lu'Lu'"
"JO","Al Balqa'","Umm Al Manabi`"
"JO","Al Balqa'","Umm Al Qanafidh"
"JO","Al Balqa'","Umm Al Qittayn"
"JO","Al Balqa'","Umm Al Usud"
"JO","Al Balqa'","Umm An Na`Am"
"JO","Al Balqa'","Umm An Naml"
"JO","Ma'An","Umm Ar Rakhm"
"JO","Al Karak","Umm Ar Rasas"
"JO","Al Balqa'","Umm As Summaq"
"JO","Al Balqa'","Umm As Surab"
"JO","Al Balqa'","Umm Butaymah"
"JO","Al Balqa'","Umm El `Amad"
"JO","Al Balqa'","Umm El Hanafish"
"JO","Al Balqa'","Umm El Quttein"
"JO","Al Karak","Umm Er Risas"
"JO","Al Karak","Umm Hamat"
"JO","Al Balqa'","Umm Jawzah"
"JO","Al Balqa'","Umm Juraysat"
"JO","Al Balqa'","Umm Jureisat"
"JO","Al Balqa'","Umm Kharrubah"
"JO","Al Balqa'","Umm Kharwa"
"JO","Al Aqabah","Umm Mathla"
"JO","Al Balqa'","Umm Nuwarah"
"JO","Al Balqa'","Umm Nuwwarah"
"JO","Al Balqa'","Umm Qantarah"
"JO","Al Balqa'","Umm Qasir"
"JO","Al Balqa'","Umm Qays"
"JO","Al Balqa'","Umm Qeis"
"JO","Al Balqa'","Umm Qusayr"
"JO","Al Balqa'","Umm Quseir"
"JO","Al Balqa'","Umm Rummanah"
"JO","Al Karak","Umm Rummanah"
"JO","Al Karak","Umm Rummana"
"JO","Al Balqa'","Umm Rummaneh"
"JO","At Tafilah","Umm Sarab"
"JO","Al Karak","Umm Sawwanah"
"JO","Al Aqabah","Umm Sawwanah"
"JO","Ma'An","Umm Sayhun"
"JO","Al Karak","Umm Shajara"
"JO","Al Karak","Umm Shejeirat El Gharbiyeh"
"JO","Al Karak","Umm Shujayrah Al Gharbiyah"
"JO","Al Karak","Umm Shujeirat El Jama'In"
"JO","Al Balqa'","Umm Tall"
"JO","Al Karak","Umm Zaba'Ir"
"JO","At Tafilah","Umm Zu`Rurah"
"JO","Al Balqa'","Umm Zuwaytinah"
"JO","Al Balqa'","Um Noware"
"JO","Al Balqa'","Um Nuwwara"
"JO","Al Balqa'","Um Qantara"
"JO","Al Balqa'","Um Qantera"
"JO","Al Balqa'","Um Qeis"
"JO","Al Balqa'","Um Qseir"
"JO","Al Balqa'","Um Quseir"
"JO","Al Balqa'","Um Rummana"
"JO","Al Karak","Um Rummana"
"JO","Al Balqa'","Um Rummane"
"JO","Al Karak","Um Rummane"
"JO","Al Karak","Um Shojeira Al Gharbiye"
"JO","Al Karak","Um Shojeire El Gharbiye"
"JO","Al Karak","Um Shujeira El Gharbiya"
"JO","Al Karak","Um Suwwana"
"JO","Al Aqabah","Um Suwwana"
"JO","Al Balqa'","Um Tell"
"JO","Al Karak","`Umyan"
"JO","Al Karak","Um Zabayir"
"JO","Al Karak","Um Zebayer"
"JO","Al Balqa'","Um Zeweitina"
"JO","Al Balqa'","Um Zuweitina"
"JO","Ma'An","`Unayzah"
"JO","Al Balqa'","`Urjan Al Gharbiyah"
"JO","Al Balqa'","`Urjan Ash Sharqiyah"
"JO","Al Balqa'","`Uyun Adh Dhi'B"
"JO","Al Balqa'","`Uyun Edh Dhib"
"JO","Al Balqa'","Wadi As Sir"
"JO","Al Balqa'","Wadi Es Sir"
"JO","Ma'An","Wadi Musa"
"JO","Al Karak","Wadi Sararah"
"JO","Al Balqa'","Wadi Sir"
"JO","Al Balqa'","Wakkas"
"JO","Al Balqa'","Waqqas"
"JO","Al Balqa'","Yaduda"
"JO","Al Balqa'","Yajuz"
"JO","Al Balqa'","Yarqa"
"JO","Al Karak","Yarut"
"JO","Al Balqa'","Yerqa"
"JO","Al Balqa'","Yubla"
"JO","Al Balqa'","Zaba'Ir `Udwan"
"JO","Al Balqa'","Zabayir `Adwan"
"JO","Al Balqa'","Zabdah"
"JO","Al Balqa'","Zabda"
"JO","Al Balqa'","Zahar"
"JO","Al Karak","Zahhum"
"JO","Al Karak","Zahum"
"JO","Al Balqa'","Zamalia"
"JO","Al Balqa'","Zarqa'"
"JO","Al Balqa'","Zebayir `Adwan"
"JO","Al Balqa'","Zemaliye"
"JO","Al Balqa'","Zemal"
"JO","Al Balqa'","Zerka"
"JO","Al Balqa'","Zibdah"
"JO","Al Balqa'","Zimal"
"JO","Al Balqa'","Ziza"
"JO","Al Balqa'","Zubia"
"JO","Al Balqa'","Zubiya"
"JO","At Tafilah","Zuhiqah"
"JO","Al Balqa'","Zumaliya"
"JO","Al Balqa'","Zumlat Ad Dibs"
"JO","Al Balqa'","Zumlat Ed Dibs"
"JO","Al Balqa'","Zuwayrah"
"JO","Al Balqa'","Zuwayza"
"JO","Al Balqa'","Zuweiza"
"JO","Al Balqa'","Zweiza"
