"KE","Coast","Abarat"
"KE","Coast","Abarati"
"KE","Coast","Abarot"
"KE","Coast","Achivwa"
"KE","Coast","Ada"
"KE","Coast","Adda"
"KE","Coast","Adu"
"KE","Nyanza","Ahero"
"KE","Rift Valley","Ainamoi"
"KE","Rift Valley","Ainemoi"
"KE","Western","Aisere"
"KE","North-Eastern","Ajao"
"KE","Nyanza","Akala"
"KE","Nyanza","Akelo'S Village"
"KE","Rift Valley","Alangarua"
"KE","Western","Amakura"
"KE","Nyanza","Ambira"
"KE","Rift Valley","Amboseli"
"KE","Nyanza","Amimos"
"KE","Coast","Amu"
"KE","Western","Amukara"
"KE","Western","Amukura"
"KE","Coast","Anasa"
"KE","Nyanza","Andiwo'S Village"
"KE","Nyanza","Aneko"
"KE","Rift Valley","Angara Naado"
"KE","Rift Valley","Angata Naado"
"KE","Rift Valley","Anglogitat"
"KE","Rift Valley","Angorangora"
"KE","North-Eastern","Anio"
"KE","Coast","Ankish"
"KE","Nyanza","Anyieka"
"KE","North-Eastern","Arabia"
"KE","Coast","Arabuko"
"KE","Eastern","Archers Post"
"KE","North-Eastern","Arda Dadaja"
"KE","Coast","Ariti"
"KE","Coast","Arosen"
"KE","Rift Valley","Arwos"
"KE","Coast","Asa"
"KE","Nyanza","Asawo"
"KE","Nyanza","Asembo"
"KE","Coast","Ashuwei"
"KE","Coast","Assa"
"KE","Nyanza","Assawa"
"KE","Eastern","Athi"
"KE","Rift Valley","Athinai"
"KE","Eastern","Athi New Bridge"
"KE","Eastern","Athi River"
"KE","Nyanza","Awach Tende"
"KE","Nyanza","Awasi"
"KE","Nyanza","Awino"
"KE","Nyanza","Awundo'S Village"
"KE","Nyanza","Ayugis"
"KE","Coast","Bahadale"
"KE","Nairobi Area","Bahati"
"KE","Rift Valley","Bahati Settlement"
"KE","Coast","Bajumali"
"KE","Coast","Bajumwali"
"KE","Coast","Balguda"
"KE","Coast","Bamba"
"KE","Coast","Bamburi"
"KE","Coast","Banda Ra Salama"
"KE","Coast","Bandari"
"KE","Coast","Bandari La Salaama"
"KE","Coast","Bandari La Salama"
"KE","Coast","Bandari Ra Salama"
"KE","Coast","Banga"
"KE","Coast","Bania"
"KE","North-Eastern","Banissa"
"KE","Coast","Banya"
"KE","Coast","Baomo"
"KE","Rift Valley","Baragoi"
"KE","Rift Valley","Baragoli"
"KE","Nyanza","Baragulu"
"KE","Coast","Bara Hoyo"
"KE","Coast","Barane"
"KE","Coast","Barani"
"KE","Eastern","Barata"
"KE","Eastern","Barchuma Guda"
"KE","Coast","Bargoni"
"KE","Central","Baricho"
"KE","Coast","Baricho"
"KE","Central","Barigito"
"KE","Coast","Barigoni"
"KE","Rift Valley","Baringo"
"KE","Central","Barisho"
"KE","Nyanza","Barkowino"
"KE","Nyanza","Bar Olengo"
"KE","Nyanza","Baroseno"
"KE","Rift Valley","Bartabwa"
"KE","Rift Valley","Bartimaro"
"KE","Rift Valley","Bartolimo"
"KE","Rift Valley","Barwesa"
"KE","Rift Valley","Barwessa"
"KE","North-Eastern","Bata"
"KE","Coast","Batani"
"KE","North-Eastern","Baure"
"KE","Central","Bavigito"
"KE","Coast","Baymo"
"KE","Coast","Bazo"
"KE","Coast","Belewa"
"KE","Central","Belle Vue"
"KE","Eastern","Benane"
"KE","Coast","Bengoni"
"KE","Nairobi Area","Benhard Estate"
"KE","Nairobi Area","Bernhard Estate"
"KE","North-Eastern","Berti Finno"
"KE","Rift Valley","Besil"
"KE","Coast","Bibitoli"
"KE","Coast","Bili"
"KE","Rift Valley","Biretwo"
"KE","Central","Birithia"
"KE","Rift Valley","Bisil"
"KE","Rift Valley","Bissel"
"KE","Coast","Bodhei"
"KE","Coast","Bofu"
"KE","Coast","Bohoni"
"KE","Coast","Bokoni"
"KE","Coast","Bole"
"KE","Central","Boma"
"KE","Western","Bomala"
"KE","Coast","Bomani"
"KE","Coast","Boma Upande"
"KE","Nyanza","Bomburia"
"KE","Rift Valley","Bomet"
"KE","Nyanza","Bondo"
"KE","Coast","Bongonoko"
"KE","Nyanza","Bonyunyu"
"KE","Coast","Bora Imani"
"KE","Coast","Borobini"
"KE","Nyanza","Boro"
"KE","Western","Broderick Falls"
"KE","Coast","Bubesa"
"KE","Nyanza","Buholo"
"KE","Coast","Buji Albati"
"KE","Western","Bujwane"
"KE","Nyanza","Bukangasi"
"KE","Coast","Bukatwavi"
"KE","Western","Bukoma"
"KE","Rift Valley","Bulbul"
"KE","Western","Bulemia"
"KE","Nyanza","Bulungo"
"KE","Nyanza","Bulwani"
"KE","Western","Bumala"
"KE","Nyanza","Bumburia"
"KE","Nyanza","Bumudondo"
"KE","Western","Bunaba"
"KE","North-Eastern","Buna"
"KE","Western","Bungoma"
"KE","Coast","Bungule"
"KE","Western","Bunyala"
"KE","Western","Bunyore"
"KE","Nyanza","Bunyunya"
"KE","Coast","Bura"
"KE","Rift Valley","Burgich"
"KE","Eastern","Burji"
"KE","Eastern","Burji Manyatta"
"KE","North-Eastern","Bur Mayo"
"KE","North-Eastern","Burti Fino"
"KE","Coast","Busa"
"KE","Coast","Busho"
"KE","Western","Busia"
"KE","Western","Busike"
"KE","Nyanza","Busonga"
"KE","North-Eastern","Bute Helu"
"KE","North-Eastern","Butelu"
"KE","Western","Butere"
"KE","Western","Butsotse"
"KE","Western","Butsotso"
"KE","North-Eastern","Buttelu"
"KE","Coast","Bwaga Cheti"
"KE","Coast","Bwaga Macho"
"KE","Coast","Bwagamoyo"
"KE","Coast","Campi Ya Bibi"
"KE","Central","Ceronge"
"KE","Coast","Chabia"
"KE","Coast","Chala"
"KE","Rift Valley","Chamagel"
"KE","Western","Chamasiri"
"KE","Coast","Chamwanamuma"
"KE","Coast","Chanani"
"KE","Rift Valley","Changamatak"
"KE","Coast","Changamwe"
"KE","Coast","Chathoro"
"KE","Coast","Chathuru"
"KE","Coast","Chawia"
"KE","Rift Valley","Chebara"
"KE","Rift Valley","Cheberen"
"KE","Rift Valley","Cheberia"
"KE","Rift Valley","Chebiemit"
"KE","Rift Valley","Cheboin"
"KE","Central","Chegeini"
"KE","Central","Chehe"
"KE","Western","Chelebe"
"KE","Western","Chelelemuk"
"KE","Rift Valley","Chemagal"
"KE","Rift Valley","Chemagel"
"KE","Rift Valley","Chemaner"
"KE","Western","Chemasiri"
"KE","Eastern","Chematu"
"KE","Rift Valley","Chemogoch"
"KE","Rift Valley","Chemoigut"
"KE","Rift Valley","Chemosiet"
"KE","Rift Valley","Chemosit"
"KE","Rift Valley","Chemosot"
"KE","Rift Valley","Chemosusu"
"KE","Rift Valley","Chemuswa"
"KE","Rift Valley","Chemuswo"
"KE","Coast","Chenani"
"KE","Coast","Chengo"
"KE","Coast","Chengoni"
"KE","Rift Valley","Chepareria"
"KE","Rift Valley","Chepkesin"
"KE","Rift Valley","Chepkorio"
"KE","Rift Valley","Chepkum"
"KE","Rift Valley","Cheptonge"
"KE","Rift Valley","Chepunyal"
"KE","Central","Cheronge"
"KE","Western","Chesakaki"
"KE","Rift Valley","Chesoi"
"KE","Coast","Chevani"
"KE","Coast","Chewani"
"KE","Coast","Chewele"
"KE","Eastern","Chiananda"
"KE","Central","Chiba"
"KE","Coast","Chidutani"
"KE","Central","Chieko"
"KE","Coast","Chiffiri"
"KE","Coast","Chifiri"
"KE","Coast","Chingwede"
"KE","Eastern","Chiokarige"
"KE","Nairobi Area","Chiromo"
"KE","Coast","Chirte Hiyasa"
"KE","Coast","Chirte Hiyesa"
"KE","Eastern","Choba"
"KE","Coast","Choke"
"KE","Eastern","Chomboni"
"KE","Central","Chomo"
"KE","Coast","Chonye"
"KE","Coast","Chonyi"
"KE","Rift Valley","Chororget"
"KE","Central","Chui"
"KE","Eastern","Chuka"
"KE","Central","Chura"
"KE","Nairobi Area","City Estate"
"KE","Coast","Clema Dui"
"KE","Rift Valley","Cokereria"
"KE","North-Eastern","Colbio"
"KE","Coast","Daba"
"KE","Eastern","Dabel"
"KE","Coast","Dabida"
"KE","North-Eastern","Dad Dogh"
"KE","Coast","Dagamra"
"KE","Nairobi Area","Dagoretti Corner"
"KE","Nairobi Area","Dagoretti"
"KE","Coast","Dakacha"
"KE","Coast","Dakatcha"
"KE","Coast","Dakawachu"
"KE","Coast","Dambale"
"KE","Nairobi Area","Dandora"
"KE","Eastern","Darajani"
"KE","Rift Valley","Darasha Ya Mawe"
"KE","North-Eastern","Dardesa"
"KE","North-Eastern","Dar Es Salaam"
"KE","Rift Valley","Dawsonville"
"KE","Western","Debani"
"KE","Coast","Dembwa"
"KE","Coast","Denge"
"KE","Central","Dhika"
"KE","Nyanza","Dianga"
"KE","Coast","Dida"
"KE","Coast","Dida Waredi"
"KE","Central","Difatha"
"KE","North-Eastern","Dif"
"KE","North-Eastern","Digira"
"KE","Coast","Digo"
"KE","Coast","Dindiri"
"KE","Eastern","Dobel"
"KE","Coast","Dodori"
"KE","Rift Valley","Dol Dol"
"KE","Coast","Dololo"
"KE","Rift Valley","Don Dol"
"KE","Central","Dondori"
"KE","Central","Dondueni"
"KE","Nairobi Area","Doonholm"
"KE","Rift Valley","Dowsonville"
"KE","Nyanza","Dudi"
"KE","North-Eastern","Dueadera"
"KE","Coast","Duldul"
"KE","Coast","Dulukiza"
"KE","Coast","Dumi"
"KE","Coast","Dundani"
"KE","Central","Dundori"
"KE","Coast","Dungicha"
"KE","Coast","Duruma"
"KE","Eastern","Dwa"
"KE","Coast","Dzirive"
"KE","Coast","Dzitsuhe"
"KE","Nairobi Area","Eastleigh"
"KE","Western","Eburemia"
"KE","Nyanza","Ebusonga"
"KE","Coast","Egge"
"KE","North-Eastern","Eil Wak"
"KE","Eastern","Ekarakara"
"KE","Central","Ekaru"
"KE","North-Eastern","Elaa"
"KE","North-Eastern","Ela"
"KE","Rift Valley","Elangata Wuas"
"KE","North-Eastern","El Ben"
"KE","Rift Valley","Elbulbul"
"KE","Rift Valley","Elburgon"
"KE","Rift Valley","Eldama"
"KE","Rift Valley","Eldama Ravine"
"KE","Eastern","El Dera"
"KE","Rift Valley","Eldoret"
"KE","Nyanza","Elisha"
"KE","Coast","El Jera"
"KE","Rift Valley","Elmenteita"
"KE","North-Eastern","El Sadi"
"KE","North-Eastern","El Wak"
"KE","Rift Valley","Emali"
"KE","Western","Emasatsi"
"KE","Nairobi Area","Embakasi"
"KE","Eastern","Embu"
"KE","Rift Valley","Emdin"
"KE","Rift Valley","Emening"
"KE","Rift Valley","Emining"
"KE","Western","Emmaloba"
"KE","Nairobi Area","Empakasi"
"KE","Eastern","Ena"
"KE","Rift Valley","Enangiperi"
"KE","Rift Valley","Endarasha"
"KE","Rift Valley","Endebess"
"KE","Eastern","Enguli"
"KE","Rift Valley","Enkorika"
"KE","Rift Valley","Entasekera"
"KE","Rift Valley","Entesekera"
"KE","Rift Valley","Entontol"
"KE","Eastern","Enzai"
"KE","Rift Valley","Eoret Narasha"
"KE","Rift Valley","Esageri"
"KE","Central","Escarpment"
"KE","North-Eastern","Fafsula"
"KE","Coast","Fanjua"
"KE","Coast","Faza"
"KE","Coast","Figini"
"KE","North-Eastern","Finno"
"KE","Coast","Fitina"
"KE","Central","Fort Hall"
"KE","Eastern","Fort Harrington"
"KE","Rift Valley","Fort Ternan"
"KE","Coast","Frere Town"
"KE","Coast","Fundi Isa"
"KE","Coast","Fundisa"
"KE","Coast","Fundisa Kibaoni"
"KE","Coast","Funi Dela"
"KE","Coast","Funi"
"KE","Coast","Funzi"
"KE","Coast","Furaha"
"KE","Coast","Furaka"
"KE","Central","Gacarage"
"KE","Central","Gacaraigu"
"KE","Central","Gacharage"
"KE","Central","Gacharageini"
"KE","Central","Gacharaigu"
"KE","Central","Gacharu"
"KE","Central","Gachatha"
"KE","Central","Gachege"
"KE","Central","Gachichi"
"KE","Nairobi Area","Gachie"
"KE","Central","Gachika"
"KE","Central","Gachirero"
"KE","Central","Gachocho"
"KE","Central","Gachoiri"
"KE","Eastern","Gachoka"
"KE","Central","Gachugi"
"KE","Central","Gachuku"
"KE","Central","Gacogu"
"KE","Central","Gacoiri"
"KE","Central","Gacuku"
"KE","Central","Gaichanjiro"
"KE","Central","Gaichanjiru"
"KE","Central","Gaikundo"
"KE","Central","Gaikuyu"
"KE","Central","Gaitega"
"KE","Central","Gaithece"
"KE","Central","Gaithege"
"KE","Central","Gakanga"
"KE","Central","Gakarara"
"KE","Central","Gakee"
"KE","Central","Gakira"
"KE","Central","Gakoe"
"KE","Central","Gakoi"
"KE","Central","Gakui"
"KE","Central","Gakuo"
"KE","Central","Gakurue"
"KE","Central","Gakuruwe"
"KE","Central","Gakurwe"
"KE","Central","Gakuu"
"KE","Central","Gakuyu"
"KE","Eastern","Gakwegore"
"KE","Western","Galafahi"
"KE","Coast","Galamani"
"KE","Coast","Galanema"
"KE","Coast","Galimani"
"KE","Coast","Galole"
"KE","Coast","Galu"
"KE","Coast","Ganda"
"KE","Coast","Gandini"
"KE","Coast","Ganze"
"KE","Coast","Ganzi"
"KE","Coast","Ganzoni"
"KE","Coast","Garashi"
"KE","Eastern","Garba"
"KE","Eastern","Garba Tula"
"KE","Eastern","Gariba"
"KE","North-Eastern","Garissa"
"KE","Coast","Garsen"
"KE","Coast","Gasi"
"KE","Central","Gatakaini"
"KE","Central","Gatakani"
"KE","Central","Gatamaiy"
"KE","Central","Gatamaiyu"
"KE","Central","Gatamayu"
"KE","Central","Gatanga"
"KE","Central","Gatangara"
"KE","Central","Gatare"
"KE","Central","Gategi"
"KE","Central","Gatei"
"KE","Central","Gateiguru"
"KE","Central","Gathage"
"KE","Central","Gathagi"
"KE","Central","Gathairu"
"KE","Central","Gathaithi"
"KE","Central","Gathambi"
"KE","Nairobi Area","Gathanga"
"KE","Central","Gathangwi"
"KE","Central","Gathanje"
"KE","Central","Gathanji"
"KE","Nairobi Area","Gatharaini"
"KE","Central","Gathegia"
"KE","Central","Gathehu"
"KE","Central","Gathera"
"KE","Central","Gatheru"
"KE","Central","Gathiga"
"KE","Central","Gathigio"
"KE","Central","Gathigiriri"
"KE","Central","Gathima"
"KE","Central","Gathinga"
"KE","Central","Gathinja"
"KE","Central","Gathiriga"
"KE","Central","Gathiru"
"KE","Central","Gathiruini"
"KE","Central","Gathithina"
"KE","Central","Gathuga"
"KE","Central","Gathugu"
"KE","Central","Gathukiini"
"KE","Central","Gathumbi"
"KE","Central","Gathundia"
"KE","Central","Gathungururu"
"KE","Central","Gathuthi"
"KE","Central","Gathuthuma"
"KE","Central","Gatiabai"
"KE","Central","Gatiaini"
"KE","Central","Gatiani"
"KE","Central","Gatiguru"
"KE","Central","Gatimu"
"KE","Central","Gatina"
"KE","Central","Gatissa"
"KE","Central","Gatithi"
"KE","Central","Gatitu B"
"KE","Central","Gatitu"
"KE","Central","Gatuanibu"
"KE","Central","Gatugi One"
"KE","Central","Gatugi Two"
"KE","Central","Gatukuyu"
"KE","Central","Gatumbi"
"KE","Central","Gatumbiro"
"KE","Central","Gatumbiru"
"KE","Eastern","Gatundori"
"KE","Central","Gatundu"
"KE","Eastern","Gatunduri"
"KE","Eastern","Gatunga"
"KE","Central","Gatunganga"
"KE","Central","Gatunguru"
"KE","Central","Gatura"
"KE","Central","Gaturi"
"KE","Central","Gaturiri"
"KE","Central","Gatuto"
"KE","Central","Gatuya"
"KE","Central","Gatuyaini"
"KE","Central","Gatwamba"
"KE","Central","Gatwe"
"KE","Coast","Gaze"
"KE","Coast","Gazi"
"KE","Coast","Gede"
"KE","Coast","Gedi"
"KE","Central","Geitwa"
"KE","Central","Gekandu"
"KE","Central","Gekondi"
"KE","Eastern","Gekuuri"
"KE","Eastern","Gethemu"
"KE","Coast","Ghalamani"
"KE","Central","Giachamwengi"
"KE","Central","Giachumi"
"KE","Central","Giagatika"
"KE","Central","Giagithu"
"KE","Central","Giaitu"
"KE","Central","Giakaibii"
"KE","Central","Giakibii"
"KE","Central","Giathenge"
"KE","Central","Giathieko"
"KE","Central","Giathugu One"
"KE","Central","Giathugu Two"
"KE","Rift Valley","Gichage"
"KE","Central","Gichagiini"
"KE","Central","Gicharani"
"KE","Central","Gicheha"
"KE","Eastern","Gichera"
"KE","Central","Gicheru"
"KE","Eastern","Gichiche"
"KE","Central","Gichiengo"
"KE","Central","Gichira"
"KE","Central","Gichocho"
"KE","Central","Gichongo"
"KE","Central","Gichoto"
"KE","Central","Gichugu"
"KE","Central","Gichuru"
"KE","Coast","Gifyonzo"
"KE","Central","Gihigaini"
"KE","Rift Valley","Gikambura"
"KE","Central","Gikandu"
"KE","Central","Gikarmora"
"KE","Central","Gikaru"
"KE","Central","Gikigie"
"KE","Central","Gikoe"
"KE","Central","Gikoi"
"KE","Central","Gikomora"
"KE","Central","Gikondi"
"KE","Central","Gikui"
"KE","Central","Gikunguru"
"KE","Central","Gikure"
"KE","Central","Gikuu"
"KE","Central","Gikuyu"
"KE","Central","Gilgil"
"KE","Rift Valley","Gilgil"
"KE","Coast","Giriama"
"KE","North-Eastern","Giriftu"
"KE","Eastern","Gitare"
"KE","Central","Gitaro"
"KE","Central","Gitaru"
"KE","Central","Gitathi-Ini"
"KE","Central","Gitembe"
"KE","Central","Gitero"
"KE","Central","Githagara"
"KE","Central","Githagoya"
"KE","Central","Githakwa"
"KE","Central","Githamba"
"KE","Central","Githambo"
"KE","Central","Githanga"
"KE","Central","Githega"
"KE","Central","Githembe"
"KE","Central","Githerere"
"KE","Central","Githerioni"
"KE","Central","Githiga A"
"KE","Central","Githiga B"
"KE","Central","Githiga"
"KE","Central","Githigui"
"KE","Central","Githima"
"KE","Central","Githinga B"
"KE","Central","Githioro"
"KE","Central","Githioroni"
"KE","Central","Githirioni"
"KE","Central","Githiru"
"KE","Central","Githoito"
"KE","Central","Githugi"
"KE","Central","Githumu"
"KE","Central","Githunguri"
"KE","Eastern","Githunguri"
"KE","Central","Githunguru"
"KE","Central","Githuri"
"KE","Central","Githuva"
"KE","Central","Githuya"
"KE","Central","Gitige"
"KE","Central","Gitiha"
"KE","Central","Gitithia"
"KE","Central","Gititu"
"KE","Central","Gitombo"
"KE","Central","Gituamba"
"KE","Rift Valley","Gituandaga"
"KE","Central","Gituge"
"KE","Central","Gitugi"
"KE","Central","Gitugu"
"KE","Central","Gitui"
"KE","Central","Gitumbi"
"KE","Central","Gitura"
"KE","Central","Gituru"
"KE","Central","Gituto"
"KE","Central","Gitwamba"
"KE","Central","Gitwe"
"KE","Central","Gitweku"
"KE","Coast","Godoma"
"KE","Coast","Godona"
"KE","Central","God'S Hill"
"KE","Coast","Gogoni"
"KE","Coast","Golbanti"
"KE","Coast","Golbanti Mission"
"KE","Coast","Golini"
"KE","Coast","Golo"
"KE","Coast","Gongoni"
"KE","Coast","Gonja"
"KE","Rift Valley","Goroba"
"KE","Nyanza","Gors"
"KE","Coast","Goshi"
"KE","Coast","Gotani"
"KE","Coast","Gubani"
"KE","Coast","Gulanzi"
"KE","Central","Gura Gura"
"KE","Coast","Gutini"
"KE","Central","Gutu"
"KE","North-Eastern","Habaswein"
"KE","North-Eastern","Habul"
"KE","Coast","Hadu"
"KE","Coast","Haluabagala"
"KE","Coast","Haluabagalla"
"KE","Coast","Handampia"
"KE","Coast","Handarako"
"KE","Central","Handege"
"KE","North-Eastern","Hara Hurile"
"KE","Nairobi Area","Harambee"
"KE","North-Eastern","Haridfi"
"KE","North-Eastern","Haruru"
"KE","Central","Hatha-Ini"
"KE","Central","Heho"
"KE","Central","Heni Village"
"KE","Coast","Hewani"
"KE","Coast","Hidio"
"KE","Coast","Hidiyo"
"KE","Nairobi Area","Highridge"
"KE","North-Eastern","Higlet"
"KE","Coast","Hindi"
"KE","Central","Hithe"
"KE","Rift Valley","Hoeys Bridge"
"KE","Coast","Hola"
"KE","Nyanza","Homa Bay"
"KE","Nyanza","Homa"
"KE","Nyanza","Homa Lime Kowuor"
"KE","Nyanza","Homa Line Owurs"
"KE","Central","Huguini"
"KE","Central","Huhoini"
"KE","Central","Huho-Ini"
"KE","Central","Huhu-Ini"
"KE","Rift Valley","Hunters Tree"
"KE","Eastern","Ianzoni"
"KE","Central","Icaci"
"KE","Central","Icaciri"
"KE","Central","Icagiciru"
"KE","Central","Ichachiri"
"KE","Central","Ichagak"
"KE","Central","Ichagaki"
"KE","Central","Ichagichiru"
"KE","Central","Ichamara"
"KE","Central","Ichichi"
"KE","Western","Idokho"
"KE","Coast","Idsowe"
"KE","Central","Igikiro"
"KE","North-Eastern","Igria"
"KE","Central","Ihigaini"
"KE","Central","Ihinga"
"KE","Central","Ihithe"
"KE","Central","Ihua"
"KE","Central","Ihuririo"
"KE","Central","Ihururu"
"KE","Central","Ihurururu"
"KE","Central","Ihwagi"
"KE","Eastern","Iiuni"
"KE","North-Eastern","Ijara"
"KE","Eastern","Ikalaasa"
"KE","Coast","Ikanga"
"KE","Eastern","Ikarakara"
"KE","Central","Ikinu"
"KE","Nyanza","Ikonge"
"KE","Eastern","Ikoo"
"KE","Central","Ikuma"
"KE","Central","Ikumbi"
"KE","Central","Ikundu"
"KE","Eastern","Ikutha"
"KE","Rift Valley","Ilassit"
"KE","Rift Valley","Ilbisil"
"KE","Central","Ildarakwa"
"KE","Rift Valley","Ildolidol"
"KE","North-Eastern","Ilkabere"
"KE","Rift Valley","Ilpartimaro"
"KE","Rift Valley","Ilyagaleni"
"KE","Eastern","Imale"
"KE","Rift Valley","Iminuet"
"KE","Eastern","Ina"
"KE","Coast","Ingile"
"KE","Coast","Ingille"
"KE","Eastern","Inyokoni"
"KE","Coast","Irangi"
"KE","Central","Iregi"
"KE","Central","Iriguini"
"KE","Central","Iruri"
"KE","Eastern","Ishiara"
"KE","Eastern","Isiolo"
"KE","Rift Valley","Issa"
"KE","Rift Valley","Issas"
"KE","Eastern","Isuvya"
"KE","Central","Itaga"
"KE","Eastern","Itetani"
"KE","Central","Ithaithi"
"KE","Central","Ithanji"
"KE","Central","Ithareni"
"KE","Central","Ithekahuno"
"KE","Eastern","Ithemboni"
"KE","Central","Ithenguri"
"KE","Central","Itheru"
"KE","Central","Ithirameru"
"KE","Eastern","Ithoku"
"KE","Eastern","Ithumba"
"KE","Central","Itiati"
"KE","Eastern","Itugururu"
"KE","Central","Itundu"
"KE","Central","Ituru"
"KE","Eastern","Iuani"
"KE","Central","Iyego"
"KE","North-Eastern","Jaba Dimtu"
"KE","Nyanza","Jaleny"
"KE","Nyanza","Jaleny'S Village"
"KE","Coast","Jambe"
"KE","Coast","Jambole"
"KE","Nairobi Area","Jamhuri Park"
"KE","Rift Valley","Jamji"
"KE","Eastern","Janoni"
"KE","Coast","Jarabuni"
"KE","Coast","Jarabunyi"
"KE","Coast","Jara"
"KE","Coast","Jara Melka"
"KE","Coast","Jaribuni"
"KE","Coast","Jego"
"KE","Nyanza","Jera"
"KE","Coast","Jeure"
"KE","Coast","Jeuri"
"KE","Coast","Jila"
"KE","Coast","Jilore"
"KE","Coast","Jilore Suore"
"KE","Coast","Jipe"
"KE","Coast","Jiweni"
"KE","Coast","Jomvu"
"KE","Coast","Jora"
"KE","Nyanza","Josephs"
"KE","Central","Juga"
"KE","Central","Juja"
"KE","Coast","Jumba La Mtwana"
"KE","Coast","Jumvu"
"KE","Coast","Junda"
"KE","Coast","Junja"
"KE","Coast","Junju"
"KE","Eastern","Kaaga"
"KE","Central","Kaagogi"
"KE","Eastern","Kaani"
"KE","Eastern","Kaathene"
"KE","Central","Kabae"
"KE","Central","Kabage"
"KE","Rift Valley","Kabaldamet"
"KE","Rift Valley","Kabaloamet"
"KE","Central","Kabara"
"KE","Central","Kabare"
"KE","Rift Valley","Kabarnet"
"KE","Rift Valley","Kabartonjo"
"KE","Rift Valley","Kabartonjo Mission"
"KE","Central","Kabaru"
"KE","Central","Kabati"
"KE","Rift Valley","Kabati"
"KE","Central","Kabebero"
"KE","Nairobi Area","Kabete"
"KE","Rift Valley","Kabetwa"
"KE","Coast","Kabiboni"
"KE","Coast","Kabieni"
"KE","Rift Valley","Kabimoi"
"KE","Rift Valley","Kabisaga"
"KE","Rift Valley","Kabiyet"
"KE","Rift Valley","Kabluk"
"KE","Central","Kabochu"
"KE","Nyanza","Kabola"
"KE","Nyanza","Kabondo"
"KE","Central","Kabonge"
"KE","Eastern","Kabonge"
"KE","Central","Kabuku"
"KE","Rift Valley","Kabungwa"
"KE","Central","Kabuti"
"KE","Rift Valley","Kacheliba"
"KE","Nyanza","Kadenge"
"KE","Nyanza","Kadengi"
"KE","Nyanza","Kadimu"
"KE","Coast","Kadzeweni"
"KE","Coast","Kadzinuni"
"KE","Coast","Kaembekaesha"
"KE","Central","Kagaa"
"KE","Eastern","Kagaare"
"KE","Eastern","Kagaari"
"KE","Central","Kaganda"
"KE","Central","Kagarii"
"KE","Central","Kagarumo"
"KE","Central","Kagere"
"KE","Central","Kagicha"
"KE","Central","Kagioini"
"KE","Central","Kagio"
"KE","Central","Kagira"
"KE","Central","Kagondo"
"KE","Central","Kagondu"
"KE","Central","Kagongo"
"KE","Central","Kagonye"
"KE","Central","Kagumaini"
"KE","Central","Kagumoini"
"KE","Central","Kagumo"
"KE","Central","Kagundo"
"KE","Central","Kagunduine"
"KE","Central","Kagundu-Ini"
"KE","Central","Kagunduini"
"KE","Central","Kagundu"
"KE","Central","Kagurumo"
"KE","Central","Kaguthi"
"KE","Central","Kagwathi"
"KE","Central","Kagwe"
"KE","Central","Kagwongo"
"KE","Central","Kahaaro"
"KE","Central","Kahaini"
"KE","Central","Kahara"
"KE","Central","Kaharati"
"KE","Central","Kaharo"
"KE","Nairobi Area","Kahawa"
"KE","Central","Kahigaini"
"KE","Central","Kahiga"
"KE","Central","Kahithe"
"KE","Central","Kahuguini"
"KE","Central","Kahuhia"
"KE","Central","Kahuho"
"KE","Central","Kahunguini"
"KE","Central","Kahuro"
"KE","Central","Kahuti"
"KE","Rift Valley","Kaiboi"
"KE","Eastern","Kailembwa"
"KE","Central","Kaimba"
"KE","Eastern","Kaimu"
"KE","Central","Kairi Ka Igamba"
"KE","Central","Kairi"
"KE","Central","Kairo"
"KE","Eastern","Kairori"
"KE","Eastern","Kairuri"
"KE","Central","Kairuthi"
"KE","Central","Kaitheri"
"KE","Rift Valley","Kaitui"
"KE","Rift Valley","Kaituiy"
"KE","Central","Kaiyaba"
"KE","Rift Valley","Kajiado"
"KE","Central","Kajinga"
"KE","Coast","Kajire"
"KE","Eastern","Kakalia"
"KE","Western","Kakamega"
"KE","Eastern","Kakangani"
"KE","Coast","Kakomani"
"KE","Coast","Kakoneni"
"KE","Rift Valley","Kakuma"
"KE","Eastern","Kakunike"
"KE","Eastern","Kakunio"
"KE","Coast","Kakuyuni"
"KE","Coast","Kakya"
"KE","Coast","Kalaluwe"
"KE","Eastern","Kalamba"
"KE","Nyanza","Kalandini"
"KE","Eastern","Kalasa"
"KE","Eastern","Kalawa"
"KE","Eastern","Kalawa Market"
"KE","Rift Valley","Kalema"
"KE","Rift Valley","Kalemma"
"KE","Eastern","Kalii"
"KE","Eastern","Kali"
"KE","Eastern","Kalimbui"
"KE","Central","Kalimoni"
"KE","Eastern","Kalitini"
"KE","Eastern","Kalivu"
"KE","Coast","Kaloleni"
"KE","Nairobi Area","Kaloleni"
"KE","Coast","Kalota"
"KE","Eastern","Kalulini"
"KE","Eastern","Kaluluini"
"KE","Eastern","Kalundu"
"KE","Central","Kamacharia"
"KE","Central","Kamae"
"KE","Eastern","Kamaende"
"KE","Central","Kamahia"
"KE","Western","Kamakoiwa"
"KE","Western","Kamakuywa"
"KE","Coast","Kamale"
"KE","Rift Valley","Kamamut"
"KE","Central","Kamando"
"KE","Central","Kamandura"
"KE","Rift Valley","Kamarabuyon"
"KE","Rift Valley","Kamarr"
"KE","Central","Kamathuri"
"KE","Central","Kamatu"
"KE","Central","Kambaa"
"KE","Central","Kambara"
"KE","Central","Kamberua"
"KE","Eastern","Kambi Ya Munyu"
"KE","Eastern","Kambu"
"KE","Central","Kamburu"
"KE","Central","Kameichiri"
"KE","Central","Kamira"
"KE","Central","Kamirithu"
"KE","Western","Kamisinga"
"KE","Coast","Kamleza"
"KE","Rift Valley","Kamnunguuawa"
"KE","Central","Kamokabi"
"KE","Central","Kamondo"
"KE","Coast","Kampi Ya Bibi"
"KE","Rift Valley","Kampi Ya Bibi"
"KE","Eastern","Kampi-Ya-Chumvi"
"KE","Eastern","Kampi Ya Juu"
"KE","Coast","Kampi Ya Kerengenzi"
"KE","Coast","Kampi Ya Kerenzeni"
"KE","Central","Kampi Ya Njemi"
"KE","Rift Valley","Kampi Ya Samaki"
"KE","Eastern","Kampi Ya Sheikh Omar"
"KE","Central","Kamucege"
"KE","Central","Kamuchege"
"KE","Central","Kamuchoni"
"KE","Coast","Kamudi"
"KE","Nyanza","Kamuga"
"KE","Rift Valley","Kamugeno"
"KE","Central","Kamuguga"
"KE","Central","Kamuiru"
"KE","Central","Kamukabi"
"KE","Eastern","Kamulu"
"KE","Central","Kamune"
"KE","Central","Kamunga"
"KE","Central","Kamungu"
"KE","Rift Valley","Kamunguuawa"
"KE","Central","Kamunyaka"
"KE","Central","Kamunyuini"
"KE","Western","Kamusinga"
"KE","Eastern","Kamuthwa"
"KE","Central","Kamuyu"
"KE","Central","Kamwangi"
"KE","Rift Valley","Kamwaura"
"KE","Central","Kamwenja"
"KE","Central","Kamweti"
"KE","Central","Kandara"
"KE","Central","Kandegenye"
"KE","Central","Kandogo"
"KE","Eastern","Kandolo"
"KE","Central","Kandongo"
"KE","Central","Kandongu"
"KE","Central","Kangai"
"KE","Central","Kangaita"
"KE","Central","Kangare"
"KE","Central","Kangaru"
"KE","Eastern","Kangaru"
"KE","Central","Kangema"
"KE","Central","Kangenga"
"KE","Eastern","Kangeta"
"KE","Eastern","Kangethia"
"KE","Central","Kangocho"
"KE","Eastern","Kango"
"KE","Central","Kangongo"
"KE","Central","Kangoru"
"KE","Central","Kangoya"
"KE","Eastern","Kangundo"
"KE","Eastern","Kangundu"
"KE","Central","Kangunyi"
"KE","Central","Kangure"
"KE","Eastern","Kaningo"
"KE","Central","Kanjai"
"KE","Eastern","Kanja"
"KE","Coast","Kanjonja"
"KE","Central","Kanjora"
"KE","Eastern","Kanjuki"
"KE","Central","Kanjuku"
"KE","Central","Kanunga"
"KE","Central","Kanvenyeni"
"KE","Central","Kanyama"
"KE","Central","Kanyanyeni"
"KE","Central","Kanyariri"
"KE","Rift Valley","Kanyarkwat"
"KE","Eastern","Kanyekine"
"KE","Eastern","Kanyekini"
"KE","Central","Kanyenyeini"
"KE","Central","Kanyinya"
"KE","Central","Kanyongo"
"KE","Central","Kanyongon"
"KE","Central","Kanyoni"
"KE","Central","Kanyore"
"KE","Eastern","Kanyuambora"
"KE","Central","Kanyuira"
"KE","Eastern","Kanywambora"
"KE","Eastern","Kaongo"
"KE","Rift Valley","Kapchebelei"
"KE","Rift Valley","Kapchebelel"
"KE","Rift Valley","Kapchepkor"
"KE","Rift Valley","Kapchorewe"
"KE","Rift Valley","Kapedo"
"KE","Rift Valley","Kapenguria"
"KE","Rift Valley","Kapivet"
"KE","Rift Valley","Kapiyet"
"KE","Rift Valley","Kapkaim"
"KE","Rift Valley","Kapkalelwa"
"KE","Rift Valley","Kapkiam"
"KE","Rift Valley","Kap-Nguria"
"KE","Rift Valley","Kapsabet"
"KE","Western","Kapsakwany"
"KE","Western","Kapsakwony"
"KE","Rift Valley","Kapsamonget"
"KE","Rift Valley","Kapsaos"
"KE","Rift Valley","Kap Sarok"
"KE","Rift Valley","Kapsaus"
"KE","Rift Valley","Kapsoit"
"KE","Rift Valley","Kapsowar"
"KE","Rift Valley","Kapsuser"
"KE","Rift Valley","Kapsuserr"
"KE","Rift Valley","Kaptama"
"KE","Rift Valley","Kaptarakwa"
"KE","Rift Valley","Kapteren"
"KE","Rift Valley","Kaption"
"KE","Rift Valley","Kaptumo"
"KE","Rift Valley","Kapturwo"
"KE","Rift Valley","Kapuset"
"KE","Central","Karaba"
"KE","Central","Karaba Special Camp"
"KE","Western","Karadolo"
"KE","Central","Karaine"
"KE","Central","Karangi"
"KE","Central","Karatina"
"KE","Coast","Karawa"
"KE","Central","Karembu"
"KE","Central","Karenge"
"KE","Coast","Karere"
"KE","Rift Valley","Karero"
"KE","Central","Kareti"
"KE","Eastern","Kargi"
"KE","Central","Kariaini"
"KE","Central","Karia"
"KE","Central","Kariani"
"KE","Central","Kariara"
"KE","Central","Kariguini"
"KE","Central","Kariko"
"KE","Central","Kariku"
"KE","Central","Karima"
"KE","Central","Karimamwaro"
"KE","Coast","Karimani"
"KE","Central","Karingaini"
"KE","Central","Karinga"
"KE","Eastern","Karingare"
"KE","Eastern","Karingari"
"KE","Nairobi Area","Kariobangi"
"KE","Nairobi Area","Kariobangi South"
"KE","Central","Karirau"
"KE","Central","Kariru"
"KE","Central","Karisa"
"KE","Central","Kariua"
"KE","Central","Kariura"
"KE","Central","Kariuwa"
"KE","Coast","Karmale"
"KE","Central","Karogoto"
"KE","Rift Valley","Karpeddo"
"KE","Rift Valley","Karpedo"
"KE","Central","Karrira"
"KE","Central","Karua"
"KE","Eastern","Karuamgi"
"KE","Eastern","Karuari"
"KE","Central","Karugia"
"KE","Central","Karugutu"
"KE","Central","Karugya"
"KE","Central","Karuiro"
"KE","Central","Karumandi"
"KE","Rift Valley","Karuna"
"KE","Central","Karundu"
"KE","Central","Karunga"
"KE","Nyanza","Karunga"
"KE","Central","Karunge"
"KE","Nyanza","Karungu"
"KE","Nyanza","Karungu Station"
"KE","Central","Karura Kanyungu"
"KE","Central","Karura"
"KE","Nairobi Area","Karura"
"KE","Central","Karuri"
"KE","Central","Karuriri"
"KE","Central","Karuris"
"KE","Central","Karuruma"
"KE","Central","Karurumo"
"KE","Eastern","Karurumo"
"KE","Eastern","Karurumu"
"KE","Central","Karuru One"
"KE","Central","Karuru Two"
"KE","Central","Karweti"
"KE","Eastern","Kasafari"
"KE","Eastern","Kasaini"
"KE","Eastern","Kasala"
"KE","Rift Valley","Kasei"
"KE","Coast","Kashani"
"KE","Coast","Kasidi"
"KE","Eastern","Kasikeu"
"KE","Eastern","Kasikiu"
"KE","Eastern","Kasilia"
"KE","Eastern","Kasiokoni"
"KE","Eastern","Kasioni"
"KE","Rift Valley","Kasisit"
"KE","Nairobi Area","Kassarani"
"KE","Eastern","Katalembo"
"KE","Eastern","Katelembu"
"KE","Eastern","Katene"
"KE","Central","Kathaiya"
"KE","Central","Kathaiyia"
"KE","Eastern","Kathangarari"
"KE","Eastern","Kathangare"
"KE","Eastern","Kathangari"
"KE","Eastern","Kathangariri"
"KE","Eastern","Kathanjure"
"KE","Eastern","Kathari"
"KE","Eastern","Katheka"
"KE","Eastern","Kathekani"
"KE","Eastern","Kathenaugi"
"KE","Eastern","Kathenaugu"
"KE","Eastern","Kathera"
"KE","Eastern","Kathugu"
"KE","Central","Kathukeini"
"KE","Central","Kathukeni"
"KE","Eastern","Kathungu"
"KE","Eastern","Kathungure"
"KE","Eastern","Katothia"
"KE","Eastern","Katulani"
"KE","Eastern","Katulye"
"KE","Coast","Kaufumbani"
"KE","Coast","Kau"
"KE","Eastern","Kaumoni"
"KE","Rift Valley","Kauro"
"KE","Central","Kavote"
"KE","Coast","Kavuluni"
"KE","Eastern","Kavyongo"
"KE","Eastern","Kawanjaro"
"KE","Eastern","Kawelu"
"KE","Central","Kaweru"
"KE","Coast","Kayafungo"
"KE","Coast","Kayafungu"
"KE","Coast","Kazakini"
"KE","Coast","Kazoli"
"KE","Rift Valley","Kebeneti"
"KE","Rift Valley","Kebenet"
"KE","Rift Valley","Kebetwa"
"KE","Rift Valley","Kedong"
"KE","Rift Valley","Kedowa"
"KE","Eastern","Kegaa"
"KE","Central","Keiria"
"KE","Nyanza","Kendu Bay"
"KE","Nyanza","Kendu"
"KE","Rift Valley","Kenegut"
"KE","Eastern","Kenplains"
"KE","Eastern","Kenze"
"KE","Eastern","Keplains"
"KE","Central","Kereita"
"KE","Central","Kericho"
"KE","Rift Valley","Kericho"
"KE","Nairobi Area","Kerichwa Kubwa"
"KE","Eastern","Kerie"
"KE","Rift Valley","Keringet"
"KE","Rift Valley","Kerisa"
"KE","Central","Kerita"
"KE","Nyanza","Keroka"
"KE","Central","Kerugoya"
"KE","Central","Keruguya"
"KE","Central","Kerundu"
"KE","Central","Keruri"
"KE","Coast","Kesanguri"
"KE","Eastern","Kevanda"
"KE","Eastern","Kevote"
"KE","Central","Khirgil"
"KE","Western","Kholera"
"KE","Western","Kholokhongo"
"KE","North-Eastern","Khorof Harar"
"KE","Central","Kiaga"
"KE","Central","Kiaguthu"
"KE","Central","Kiahitie"
"KE","Central","Kiahiti"
"KE","Central","Kiahuria"
"KE","Central","Kiairathe"
"KE","Central","Kiairia"
"KE","Eastern","Kiakanyinga"
"KE","Central","Kiamabara"
"KE","Central","Kiamaina"
"KE","Central","Kiamara"
"KE","Central","Kiamariga"
"KE","Central","Kiamathambo"
"KE","Central","Kiamatogo"
"KE","Central","Kiamatugu"
"KE","Central","Kiambaa"
"KE","Eastern","Kiambere"
"KE","Central","Kiambu"
"KE","Central","Kiambururu"
"KE","Central","Kiambuthia"
"KE","Central","Kiambuu"
"KE","Central","Kiamuchege"
"KE","Central","Kiamucheru"
"KE","Central","Kiamurathe"
"KE","Eastern","Kiamuringa"
"KE","Central","Kiamuthambi"
"KE","Central","Kiamutugu"
"KE","Central","Kiamuturi"
"KE","Central","Kiamuya"
"KE","Central","Kiamwangi"
"KE","Central","Kiamwathi"
"KE","Central","Kiamwenja"
"KE","Central","Kiamwenji"
"KE","Central","Kiamworia"
"KE","Central","Kiandai"
"KE","Central","Kianderi"
"KE","Central","Kiandieri"
"KE","Central","Kiandongoro"
"KE","Central","Kiandu"
"KE","Central","Kiandumu"
"KE","Central","Kiangai"
"KE","Central","Kianganda"
"KE","Central","Kiangararu"
"KE","Central","Kiangima"
"KE","Central","Kiangochi"
"KE","Central","Kiangoma"
"KE","Central","Kianguenyi"
"KE","Eastern","Kiangungi"
"KE","Central","Kiangunyi"
"KE","Coast","Kiangwe"
"KE","Central","Kiangwenyi"
"KE","Eastern","Kianiai"
"KE","Eastern","Kianiokoma"
"KE","Eastern","Kianjai"
"KE","Central","Kianjege"
"KE","Central","Kianjiru"
"KE","Central","Kianjogu"
"KE","Eastern","Kianjuki"
"KE","Central","Kianyaga"
"KE","Central","Kianyagga"
"KE","Central","Kiarakongo"
"KE","Central","Kiaria"
"KE","Central","Kiaritha"
"KE","Central","Kiarukungu"
"KE","Central","Kiarutara"
"KE","Central","Kiarwara"
"KE","Eastern","Kiatineni"
"KE","Central","Kiawaithanji"
"KE","Central","Kiawambeu"
"KE","Central","Kiawambogo"
"KE","Central","Kiawamurathe"
"KE","Central","Kiawamururu"
"KE","Central","Kiawanjugu"
"KE","Central","Kiawanugu"
"KE","Central","Kiawarigi"
"KE","Coast","Kibandaongo"
"KE","Central","Kibanguini"
"KE","Rift Valley","Kibanta"
"KE","Coast","Kibaoni"
"KE","Coast","Kibarani"
"KE","Coast","Kibaya"
"KE","Rift Valley","Kibebetiet"
"KE","Nairobi Area","Kibera"
"KE","Nairobi Area","Kibera Special Settlement Area"
"KE","Rift Valley","Kiberengi"
"KE","Nyanza","Kibigori"
"KE","Central","Kibingo"
"KE","Rift Valley","Kibingor"
"KE","Central","Kibingoti"
"KE","Central","Kibirigwi"
"KE","Coast","Kibirikani"
"KE","Central","Kibiriraini"
"KE","Eastern","Kibogi"
"KE","Central","Kibogo"
"KE","Central","Kiboi"
"KE","Coast","Kibokoni"
"KE","Nyanza","Kibos"
"KE","Central","Kibugu"
"KE","Coast","Kibuguni"
"KE","Eastern","Kibugwa"
"KE","Central","Kiburu"
"KE","Coast","Kibusu"
"KE","Central","Kibutha"
"KE","Central","Kibutio"
"KE","Eastern","Kibuyu"
"KE","Eastern","Kibwezi"
"KE","Coast","Kichangalaweni"
"KE","Central","Kicio"
"KE","Coast","Kidaya"
"KE","Coast","Kidimu"
"KE","Coast","Kidomaya"
"KE","Central","Kidono"
"KE","Coast","Kiduluni"
"KE","Coast","Kiduruni"
"KE","Coast","Kidutani"
"KE","Coast","Kidzumo"
"KE","Coast","Kidzumu"
"KE","Coast","Kiembekesha"
"KE","Central","Kieni"
"KE","Central","Kienyagga"
"KE","Coast","Kifumbu"
"KE","Central","Kigaa"
"KE","Coast","Kigala"
"KE","Central","Kiganio"
"KE","Central","Kiganjo"
"KE","Coast","Kigato"
"KE","Central","Kigio"
"KE","Central","Kigogo-Ini"
"KE","Coast","Kigombero"
"KE","Coast","Kigomberu"
"KE","Coast","Kigombo"
"KE","Central","Kigongo"
"KE","Central","Kigoro"
"KE","Central","Kigumo"
"KE","Eastern","Kigumo"
"KE","Nyanza","Kihancha"
"KE","Central","Kihara"
"KE","Central","Kihatha"
"KE","Central","Kihingo"
"KE","Central","Kihnjogu"
"KE","Central","Kihome"
"KE","Central","Kihoya"
"KE","Central","Kihumbuini"
"KE","Central","Kihuri"
"KE","Central","Kihuyo"
"KE","Central","Kiinu"
"KE","Central","Kiiriangoro"
"KE","Central","Kiiriongoro"
"KE","Central","Kijabe"
"KE","Coast","Kijangwani"
"KE","Eastern","Kijegge"
"KE","Coast","Kijipoa"
"KE","Coast","Kijipwa"
"KE","Coast","Kijiwetanga"
"KE","Coast","Kikambala"
"KE","Eastern","Kikima"
"KE","Eastern","Kikoko"
"KE","Coast","Kiko Koni"
"KE","Coast","Kikomani"
"KE","Coast","Kikoneni"
"KE","Coast","Kikoni"
"KE","Eastern","Kikumini"
"KE","Eastern","Kikuu"
"KE","Central","Kikuyu"
"KE","Coast","Kikuyuni"
"KE","Coast","Kikwezani"
"KE","Eastern","Kilala"
"KE","Eastern","Kilawa"
"KE","Nairobi Area","Kileleshwa"
"KE","Nairobi Area","Kileleshwan"
"KE","Coast","Kilema Dui"
"KE","Rift Valley","Kilgoris"
"KE","Coast","Kilibasi"
"KE","Coast","Kilifi"
"KE","Rift Valley","Kiligis"
"KE","Coast","Kililana"
"KE","Central","Kilimaini"
"KE","Nairobi Area","Kilimani Estate"
"KE","Rift Valley","Kilkoris"
"KE","Coast","Kilole"
"KE","Eastern","Kilome"
"KE","Coast","Kilweni"
"KE","Western","Kimaeti"
"KE","Rift Valley","Kima"
"KE","Coast","Kimala"
"KE","Rift Valley","Kimana"
"KE","Central","Kimande"
"KE","Coast","Kimara Maganga"
"KE","Coast","Kimari Maganga"
"KE","Central","Kimathi"
"KE","Central","Kimbimbi"
"KE","Central","Kimende"
"KE","Western","Kimilili"
"KE","Western","Kiming'Ini"
"KE","Rift Valley","Kiminini"
"KE","Rift Valley","Kimnai"
"KE","Rift Valley","Kimngorom"
"KE","Central","Kimondo"
"KE","Rift Valley","Kimose"
"KE","Rift Valley","Kimoset"
"KE","Central","Kimunye"
"KE","Central","Kimunyu"
"KE","Eastern","Kimuu"
"KE","Rift Valley","Kimwarer"
"KE","Coast","Kinagoni"
"KE","Nyanza","Kinancha"
"KE","Coast","Kinane"
"KE","Coast","Kinango"
"KE","Coast","Kinangoni"
"KE","Coast","Kinani"
"KE","Coast","Kinarane"
"KE","Coast","Kinarani"
"KE","Central","Kinari"
"KE","Nyanza","Kindu"
"KE","Coast","Kindunguni"
"KE","Eastern","Kinna"
"KE","Coast","Kinondo"
"KE","Central","Kinoo"
"KE","Central","Kinunga"
"KE","Rift Valley","Kinyach"
"KE","Coast","Kinyadu"
"KE","Rift Valley","Kinyang"
"KE","Central","Kinyona"
"KE","Coast","Kiongwe"
"KE","Rift Valley","Kipcherere"
"KE","Coast","Kipendi"
"KE","Coast","Kipevu"
"KE","Coast","Kipini"
"KE","Rift Valley","Kipkabus"
"KE","Rift Valley","Kiptagich"
"KE","Rift Valley","Kiptere"
"KE","Coast","Kipungani"
"KE","Coast","Kipusi"
"KE","Central","Kiranga"
"KE","Central","Kiratina"
"KE","Central","Kirawara"
"KE","Central","Kirenga"
"KE","Central","Kireri"
"KE","Central","Kirerwa"
"KE","Coast","Kirewe"
"KE","Central","Kiriaini"
"KE","Central","Kiria"
"KE","Central","Kiriangoro"
"KE","Central","Kiriani"
"KE","Rift Valley","Kirichu"
"KE","Central","Kirigi"
"KE","Eastern","Kirigi"
"KE","Central","Kirigo"
"KE","Central","Kiriko"
"KE","Central","Kirimaine"
"KE","Central","Kirimaini"
"KE","Rift Valley","Kirima"
"KE","Central","Kirimamwaro"
"KE","Eastern","Kirimari"
"KE","Rift Valley","Kirimatian"
"KE","Central","Kirimiri"
"KE","Central","Kirimunge"
"KE","Central","Kiriri"
"KE","Central","Kiriti"
"KE","Eastern","Kiritiri"
"KE","Central","Kiroe"
"KE","Central","Kirogo"
"KE","Central","Kirong'E"
"KE","Central","Kiruga"
"KE","Coast","Kirumbi"
"KE","Central","Kirundu"
"KE","Central","Kiruri"
"KE","Central","Kirurumi"
"KE","Central","Kirwara"
"KE","Coast","Kirwilu"
"KE","Coast","Kirwitu"
"KE","Coast","Kisaoni"
"KE","Coast","Kisauni"
"KE","Rift Valley","Kiserian"
"KE","Rift Valley","Kiseryan"
"KE","Coast","Kisibu"
"KE","Nyanza","Kisii"
"KE","Coast","Kisimachande"
"KE","Coast","Kisingatani"
"KE","Coast","Kisingatini"
"KE","Eastern","Kisou"
"KE","Rift Valley","Kisserian"
"KE","Central","Kisuki"
"KE","Nyanza","Kisumo"
"KE","Nyanza","Kisumu"
"KE","Eastern","Kitaingo"
"KE","Rift Valley","Kitale"
"KE","Eastern","Kitandi"
"KE","Coast","Kitere"
"KE","Nyanza","Kitere"
"KE","Eastern","Kiteta"
"KE","Eastern","Kithangathini"
"KE","Eastern","Kitheine"
"KE","Eastern","Kithungo"
"KE","Eastern","Kithungu"
"KE","Eastern","Kithunguri"
"KE","Eastern","Kitoo"
"KE","Coast","Kitsantse"
"KE","Eastern","Kitui"
"KE","Eastern","Kitute"
"KE","Eastern","Kituti"
"KE","Coast","Kituu"
"KE","Eastern","Kiu"
"KE","Central","Kiumba"
"KE","Central","Kiumbi"
"KE","Coast","Kiunga"
"KE","Central","Kiunya"
"KE","Central","Kiuria"
"KE","Central","Kiuu"
"KE","Eastern","Kivani"
"KE","Coast","Kiviogo"
"KE","Coast","Kivukoni"
"KE","Eastern","Kivumbu"
"KE","Coast","Kiwegu"
"KE","Coast","Kizurini"
"KE","Eastern","Koala"
"KE","Nyanza","Kobodo"
"KE","Nyanza","Kodiaga"
"KE","Nyanza","Kogoe"
"KE","Central","Koimbi"
"KE","Rift Valley","Koiparak"
"KE","Rift Valley","Koitilial"
"KE","Coast","Koito"
"KE","Rift Valley","Koituiy"
"KE","Eastern","Kola"
"KE","North-Eastern","Kolbio"
"KE","Rift Valley","Kolloa"
"KE","Rift Valley","Kolowa"
"KE","Coast","Kombo Kombo"
"KE","Eastern","Komboyoo"
"KE","Rift Valley","Kom"
"KE","Coast","Kone"
"KE","Rift Valley","Kongelai"
"KE","Coast","Kongona"
"KE","Coast","Koni"
"KE","Western","Konjero Se Ekonjero"
"KE","Central","Konyu"
"KE","Rift Valley","Konza"
"KE","Central","Kora"
"KE","Eastern","Korbesa"
"KE","Eastern","Korbessa"
"KE","Coast","Koreni"
"KE","Rift Valley","Korikabemitik"
"KE","Coast","Korokora"
"KE","Nyanza","Koru"
"KE","Rift Valley","Kosipirr"
"KE","Coast","Kowa Gulecha"
"KE","Western","Koyonzo"
"KE","Eastern","Kubi Turkana"
"KE","Rift Valley","Kuchelebai"
"KE","Central","Kuhora Twana"
"KE","Rift Valley","Kuku"
"KE","Rift Valley","Kukurna"
"KE","Coast","Kulelet"
"KE","Coast","Kulesa"
"KE","Coast","Kumbi"
"KE","North-Eastern","Kundi"
"KE","Coast","Kungu"
"KE","Rift Valley","Kunyao"
"KE","Coast","Kuruwetu"
"KE","Coast","Kurwitu"
"KE","Nyanza","Kusa"
"KE","Coast","Kusitawi"
"KE","Central","Kutu"
"KE","Central","Kutus"
"KE","Western","Kuywa"
"KE","Coast","Kwa Bechombo"
"KE","Coast","Kwa Bwana Keri"
"KE","Coast","Kwa Dadu"
"KE","Coast","Kwademu"
"KE","Coast","Kwa Jomvu"
"KE","Eastern","Kwakavisi"
"KE","Eastern","Kwa Kitau"
"KE","Coast","Kwale"
"KE","Eastern","Kwa Makuli"
"KE","Coast","Kwa Mkamba"
"KE","Eastern","Kwandeke"
"KE","Western","Kwangamor"
"KE","Western","Kwangamur"
"KE","Nairobi Area","Kwangwari"
"KE","Coast","Kwaringoi"
"KE","Eastern","Kwa Ukungu"
"KE","Eastern","Kyamunyu"
"KE","Eastern","Kyamuyu"
"KE","Eastern","Kyandui"
"KE","Eastern","Kyangala"
"KE","Eastern","Kyanginywa"
"KE","Eastern","Kyathani"
"KE","Eastern","Kyemundu"
"KE","Eastern","Kyeni Kya Kai"
"KE","Eastern","Kyumbe"
"KE","Western","Laboot"
"KE","Nyanza","Lady Whitehouse"
"KE","Central","Laini"
"KE","Coast","Laini"
"KE","Eastern","Laisamis"
"KE","Rift Valley","Lake View Estate Crescent"
"KE","Rift Valley","Lake View Estate"
"KE","Coast","Lamu"
"KE","Rift Valley","Lamuria Farm"
"KE","Rift Valley","Lamuria"
"KE","Rift Valley","Langarwa"
"KE","Rift Valley","Langata Rongai"
"KE","Eastern","Lare"
"KE","Central","Lari"
"KE","Rift Valley","Laset"
"KE","Rift Valley","Lasset"
"KE","Coast","Laza"
"KE","Coast","Lazima"
"KE","Coast","Leka"
"KE","Nyanza","Lela"
"KE","Rift Valley","Lemek"
"KE","Coast","Lenda"
"KE","Rift Valley","Lengesim"
"KE","North-Eastern","Libat"
"KE","Eastern","Libwezi"
"KE","Coast","Likoni"
"KE","Central","Limuru"
"KE","Rift Valley","Litein"
"KE","Coast","Livundoni"
"KE","Coast","Livwindoni"
"KE","Rift Valley","Lodosoit"
"KE","Rift Valley","Lodwar"
"KE","Eastern","Log Logo"
"KE","Rift Valley","Logumukum"
"KE","Rift Valley","Loichangamatak"
"KE","Rift Valley","Loiminange"
"KE","Rift Valley","Lokatiang"
"KE","Rift Valley","Lokichar"
"KE","Rift Valley","Lokichiogio"
"KE","Rift Valley","Lokichoggio"
"KE","Rift Valley","Lokichogio"
"KE","Rift Valley","Lokichokio"
"KE","Rift Valley","Lokiehoggio"
"KE","Rift Valley","Lokitaung"
"KE","Rift Valley","Lokwakangole"
"KE","Rift Valley","Lolgorien"
"KE","Rift Valley","Lolnguswa"
"KE","Rift Valley","Lomelo"
"KE","Rift Valley","Lomut"
"KE","Rift Valley","Londiani"
"KE","Eastern","Longopito"
"KE","Rift Valley","Loperot"
"KE","Rift Valley","Lorngosua"
"KE","Rift Valley","Lorugumu"
"KE","Rift Valley","Loruk"
"KE","Rift Valley","Lorukumu"
"KE","Rift Valley","Loruth"
"KE","Rift Valley","Lorwok"
"KE","Central","Losigetti"
"KE","Rift Valley","Lossom"
"KE","Rift Valley","Lotongot"
"KE","Central","Lower Gatara"
"KE","Central","Lower Kabete"
"KE","Nyanza","Luanda"
"KE","Western","Luanda"
"KE","Western","Lugare"
"KE","Western","Lugari"
"KE","Coast","Lughena"
"KE","Western","Lugulu"
"KE","Coast","Lukongo"
"KE","Rift Valley","Lumbwa"
"KE","Western","Lumino"
"KE","Rift Valley","Lumowa"
"KE","Coast","Lunga-Lunga"
"KE","Coast","Lushangonyi"
"KE","Central","Lusigeti"
"KE","Rift Valley","Lusigeti"
"KE","Rift Valley","Lusigetti"
"KE","Coast","Luswani"
"KE","Coast","Lutsangani"
"KE","Nyanza","Lwala"
"KE","Nyanza","Lwanda"
"KE","Western","Lwanda"
"KE","Western","Lwei"
"KE","Western","Lwero"
"KE","Central","Maang'U"
"KE","Coast","Mabatani"
"KE","Coast","Mabogi"
"KE","Eastern","Machakos"
"KE","Rift Valley","Machege"
"KE","Coast","Mackinnon Road"
"KE","Coast","Madabogo"
"KE","North-Eastern","Madera"
"KE","Nyanza","Madiany"
"KE","Eastern","Mado Gashi"
"KE","Eastern","Mado Yaka"
"KE","Coast","Maduma"
"KE","Nyanza","Madunda"
"KE","Coast","Madungoni"
"KE","Coast","Madunguni"
"KE","Coast","Mafigani"
"KE","Rift Valley","Magadi"
"KE","Eastern","Magado"
"KE","Central","Maganjo"
"KE","Coast","Magarini"
"KE","Central","Magina"
"KE","Coast","Magongo"
"KE","Coast","Maguguni"
"KE","Coast","Magumba"
"KE","Central","Magumu"
"KE","Coast","Magunda"
"KE","Nyanza","Magunga"
"KE","Coast","Magunguni"
"KE","Coast","Magutu"
"KE","Nyanza","Magwagwa"
"KE","Central","Mahigaini"
"KE","Central","Mahiga"
"KE","Central","Mahinga"
"KE","Coast","Mahuruni"
"KE","Coast","Mahuzumia"
"KE","Eastern","Maikona"
"KE","Eastern","Maikuu"
"KE","Rift Valley","Mailua"
"KE","Central","Mai Maharo"
"KE","Central","Mai Mahoro"
"KE","Rift Valley","Maina"
"KE","Central","Mairie"
"KE","Central","Mairii"
"KE","Central","Mairi"
"KE","Eastern","Maiyuni"
"KE","Coast","Majego"
"KE","Coast","Majengo"
"KE","Rift Valley","Maji Mata"
"KE","Rift Valley","Maji Moto"
"KE","Coast","Maji Ya Chumvi"
"KE","Rift Valley","Maji Ya Moto"
"KE","Coast","Majongoni"
"KE","Coast","Majoreni"
"KE","Eastern","Makabete"
"KE","Eastern","Makabeti"
"KE","Nairobi Area","Makadara"
"KE","Coast","Makalanga"
"KE","Central","Makambuki"
"KE","Coast","Makamini"
"KE","Rift Valley","Makandarahousing Estate"
"KE","Rift Valley","Makandara"
"KE","Eastern","Makaveti"
"KE","Eastern","Makendo"
"KE","Eastern","Makenge"
"KE","Coast","Makere"
"KE","Coast","Makere Ya Gwano"
"KE","Western","Makhoma"
"KE","Central","Makindi"
"KE","Eastern","Makindu"
"KE","Eastern","Makinya"
"KE","Coast","Makinyambu"
"KE","Coast","Makobeni"
"KE","Central","Makomboki"
"KE","Coast","Makondeni"
"KE","Coast","Makongani"
"KE","Coast","Makowe"
"KE","Coast","Maktau"
"KE","Eastern","Makueni Boma"
"KE","Eastern","Makueni"
"KE","Coast","Makumbe"
"KE","Coast","Makumbwani"
"KE","Rift Valley","Makutano"
"KE","Central","Makuyu"
"KE","Central","Makwa"
"KE","Coast","Makwara"
"KE","Central","Makwau"
"KE","Western","Malaba"
"KE","Western","Malakisi"
"KE","Coast","Malamba"
"KE","Coast","Malandoni"
"KE","Nyanza","Malanga"
"KE","Western","Malanga"
"KE","Coast","Maledi"
"KE","Eastern","Malibani"
"KE","Coast","Malibati"
"KE","Western","Malikisi"
"KE","Eastern","Malima"
"KE","Coast","Malindi"
"KE","Coast","Malka Jara"
"KE","Coast","Mambore"
"KE","Coast","Mambosasa"
"KE","Coast","Mambrui"
"KE","Coast","Manamare"
"KE","Coast","Mandeni"
"KE","North-Eastern","Mandera"
"KE","Eastern","Mandongoi"
"KE","Coast","Mangai"
"KE","Eastern","Mangelete"
"KE","Central","Mangu"
"KE","Eastern","Manoni"
"KE","Eastern","Manooni"
"KE","Central","Manyata"
"KE","Eastern","Manyata"
"KE","Central","Manyatta"
"KE","Eastern","Manyatta"
"KE","Coast","Manyeso"
"KE","Coast","Maongo"
"KE","Coast","Mapenya"
"KE","Eastern","Mapepie"
"KE","Coast","Mapfanga"
"KE","Coast","Mapotea"
"KE","Nyanza","Maraagwa"
"KE","Western","Marach"
"KE","Coast","Marafa"
"KE","Central","Maragi One"
"KE","Central","Maragi Two"
"KE","Western","Maragoli"
"KE","Central","Maragua"
"KE","Central","Maragua Station"
"KE","Central","Maragwa"
"KE","Nyanza","Maragwa"
"KE","Rift Valley","Marakwet"
"KE","Rift Valley","Maralal"
"KE","Central","Maranjau"
"KE","Central","Maranjua"
"KE","Coast","Maranu"
"KE","Coast","Mararani"
"KE","Central","Mararo"
"KE","Coast","Mararui"
"KE","Rift Valley","Marashoni"
"KE","Central","Mareira"
"KE","Coast","Marereni"
"KE","Central","Mariaini"
"KE","Coast","Mariakani"
"KE","Eastern","Mariani"
"KE","Rift Valley","Marigat"
"KE","Coast","Marigiza"
"KE","Central","Mariira"
"KE","Coast","Marikebuni"
"KE","Eastern","Marima"
"KE","Nyanza","Marinde"
"KE","Central","Marira"
"KE","Coast","Mariwenyi"
"KE","Coast","Mariwinyi"
"KE","Rift Valley","Marmanet"
"KE","Coast","Marongo"
"KE","Coast","Maroni"
"KE","Eastern","Marsabit"
"KE","Central","Marua"
"KE","Nyanza","Marucha"
"KE","Central","Marumi"
"KE","Central","Marurumo"
"KE","Coast","Maruvesa"
"KE","Coast","Maruvessa"
"KE","Coast","Masabubu"
"KE","Rift Valley","Masaita"
"KE","Eastern","Masaku"
"KE","Coast","Masalani"
"KE","Eastern","Masalani"
"KE","Rift Valley","Masandare"
"KE","Coast","Masanga"
"KE","Western","Masati"
"KE","Nyanza","Maseno"
"KE","Eastern","Mashamba"
"KE","Coast","Mashanda"
"KE","Coast","Mashimdwani"
"KE","Coast","Mashundwani"
"KE","Rift Valley","Mashuru"
"KE","Eastern","Masii"
"KE","Eastern","Masimbani"
"KE","Eastern","Masongaleni"
"KE","Eastern","Masongoleni"
"KE","Coast","Massalani"
"KE","Central","Mataara"
"KE","Coast","Matadoni"
"KE","Eastern","Matakari"
"KE","Rift Valley","Mata"
"KE","Central","Matandara"
"KE","Coast","Matapani"
"KE","Rift Valley","Matathia"
"KE","Western","Mataya"
"KE","Western","Matayo"
"KE","Western","Matayos"
"KE","Western","Mateka"
"KE","Central","Matha-Geni"
"KE","Central","Mathaguta"
"KE","Eastern","Matha"
"KE","Central","Mathandara"
"KE","Central","Mathangauta"
"KE","Central","Mathangiini"
"KE","Central","Mathanjeini"
"KE","Central","Mathareini"
"KE","Central","Mathari"
"KE","Central","Mathariti"
"KE","Central","Mathigaine"
"KE","Central","Mathiga"
"KE","Central","Mathiyas"
"KE","Coast","Matironi"
"KE","Coast","Matolani"
"KE","Coast","Matondoni"
"KE","Coast","Matsangoni"
"KE","Coast","Matsavini"
"KE","Coast","Matuga"
"KE","Central","Matuguta"
"KE","Coast","Matumbi"
"KE","Eastern","Maua"
"KE","Rift Valley","Mau Narok"
"KE","Eastern","Mavindu"
"KE","Eastern","Mavuria"
"KE","Coast","Maweu"
"KE","Coast","Mazabini"
"KE","Coast","Mazeras"
"KE","Coast","Mazijini"
"KE","Coast","Maziwa Matatu"
"KE","Coast","Mazola"
"KE","Coast","Mazuni"
"KE","Nairobi Area","Mbagathi"
"KE","Rift Valley","Mbagathi"
"KE","Coast","Mbalambala"
"KE","Coast","Mbale"
"KE","Coast","Mbaoni"
"KE","Central","Mbare Ya Mwehia"
"KE","Central","Mbari"
"KE","Central","Mbari-Ya-Hiti"
"KE","Central","Mbari-Ya-Igi"
"KE","Central","Mbari Ya Mwehia"
"KE","Nairobi Area","Mbari Ya Njiru"
"KE","Central","Mbauini"
"KE","Coast","Mbauro"
"KE","Coast","Mbegani"
"KE","Eastern","Mbevoni"
"KE","Rift Valley","Mbirikani"
"KE","Central","Mbiri"
"KE","Nyanza","Mbita"
"KE","Central","Mbogoro"
"KE","Coast","Mbonea"
"KE","Coast","Mbongo"
"KE","Eastern","Mbooni"
"KE","Eastern","Mbooni Mission"
"KE","Nairobi Area","Mbotela"
"KE","Central","Mbugua"
"KE","Eastern","Mbuinzau"
"KE","Coast","Mbuji"
"KE","Eastern","Mbumbuni"
"KE","Coast","Mbunboni"
"KE","Coast","Mbungoni"
"KE","Eastern","Mbuvu"
"KE","Coast","Mbuyuni"
"KE","Eastern","Mbuzia"
"KE","Coast","Mbwara Maganga"
"KE","Western","Mbweka"
"KE","Western","Mbwekas"
"KE","Eastern","Mbwinzau"
"KE","Coast","Mdundonyi"
"KE","Coast","Mdzimure"
"KE","Nyanza","Meari"
"KE","Coast","Meda"
"KE","Nyanza","Mehuru"
"KE","Rift Valley","Melawa"
"KE","Rift Valley","Melewa"
"KE","Rift Valley","Memerush"
"KE","Coast","Mere"
"KE","North-Eastern","Meri"
"KE","Eastern","Merti"
"KE","Rift Valley","Merueshi"
"KE","Eastern","Meru"
"KE","Rift Valley","Metka"
"KE","Rift Valley","Metkei"
"KE","Eastern","Meu"
"KE","Eastern","Mevoni"
"KE","Coast","Mgamboni"
"KE","Coast","Mgambonyi"
"KE","Coast","Mgange"
"KE","Coast","Mgangi"
"KE","Coast","Mgengi"
"KE","Coast","Mguya"
"KE","Western","Mianga"
"KE","Coast","Mida"
"KE","Coast","Midoina"
"KE","Coast","Mienzeni"
"KE","Nyanza","Migoko"
"KE","Nyanza","Migori"
"KE","Central","Miguta"
"KE","Central","Miharati"
"KE","Central","Mihuti"
"KE","Central","Miirini"
"KE","Coast","Mikinduni"
"KE","Eastern","Mikinduri"
"KE","Coast","Mikuani"
"KE","Coast","Milalani"
"KE","Rift Valley","Mile 46"
"KE","North-Eastern","Milimani East"
"KE","Coast","Milimani"
"KE","North-Eastern","Milimani West"
"KE","Coast","Milinga"
"KE","Coast","Minjila"
"KE","Coast","Mirarani"
"KE","Nyanza","Mirieri"
"KE","Coast","Mirihini"
"KE","Coast","Miritini"
"KE","Nyanza","Mirogi"
"KE","Central","Mirundu"
"KE","Coast","Misageni"
"KE","Coast","Misaroni"
"KE","Nairobi Area","Mitchell Park"
"KE","Eastern","Mitembuka"
"KE","Rift Valley","Miti Ya Hunter"
"KE","Coast","Mitsajeni"
"KE","Coast","Mitsolokanani"
"KE","Coast","Mitsolokani"
"KE","Eastern","Mitungugu"
"KE","Eastern","Mitunguu"
"KE","Central","Miu"
"KE","Eastern","Miu"
"KE","Nyanza","Miyare"
"KE","Coast","Mizijini"
"KE","Central","Mjini"
"KE","Coast","Mkambini"
"KE","Eastern","Mkapuwanzee"
"KE","Coast","Mkokoni"
"KE","Coast","Mkomaniboi"
"KE","Coast","Mkomba"
"KE","Coast","Mkondo Wa Simiti"
"KE","Coast","Mkongani"
"KE","Coast","Mkonumbia"
"KE","Coast","Mkonumbi"
"KE","Coast","Mkowe"
"KE","Rift Valley","Mkuki"
"KE","Coast","Mkuluni"
"KE","Coast","Mkunguni"
"KE","Coast","Mkunumbi"
"KE","Coast","Mkwiro"
"KE","Coast","Mlegwa"
"KE","Coast","Mlimani"
"KE","Coast","Mnarani"
"KE","Coast","Mnazi Moja"
"KE","Coast","Mnazinia"
"KE","Coast","Mnazini"
"KE","Coast","Mndrani"
"KE","Coast","Mnyenzeni"
"KE","Central","Mogoiri"
"KE","Rift Valley","Mogotio"
"KE","Nyanza","Mohanda Arunde"
"KE","Nyanza","Mohoru"
"KE","Rift Valley","Moiben"
"KE","Nairobi Area","Moi"
"KE","Rift Valley","Moi'S Bridge"
"KE","Coast","Mokowe"
"KE","Rift Valley","Molo"
"KE","Coast","Mombasa"
"KE","Coast","Momba Sasa"
"KE","Coast","Mombassa"
"KE","Rift Valley","Morkwijit"
"KE","Rift Valley","Morukorg"
"KE","Rift Valley","Mosiro"
"KE","Eastern","Moyale"
"KE","Coast","Moya"
"KE","Rift Valley","Moyben"
"KE","Coast","Mrangi"
"KE","Coast","Mrugua"
"KE","Coast","Msabaha"
"KE","Coast","Msambweni"
"KE","Coast","Msanga"
"KE","Coast","Msangatifu"
"KE","Coast","Msau"
"KE","Coast","Msomarini"
"KE","Coast","Msuakini"
"KE","Coast","Msumarini"
"KE","Coast","Mtaa"
"KE","Rift Valley","Mtembur"
"KE","Coast","Mteza"
"KE","Eastern","Mtito Andei"
"KE","Coast","Mtongwe"
"KE","Coast","Mto Panga"
"KE","Coast","Mtsangatifu"
"KE","Coast","Mtulu"
"KE","Coast","Mtungi"
"KE","Eastern","Mubuko"
"KE","Central","Mucakuthi"
"KE","Central","Mucharage"
"KE","Nairobi Area","Muchatha"
"KE","Eastern","Muchiene"
"KE","Eastern","Muchumo"
"KE","Eastern","Muddo Gashi"
"KE","Coast","Mudomo"
"KE","Central","Mugaga"
"KE","Central","Mugeka"
"KE","Rift Valley","Mugerin"
"KE","Central","Mugoiri"
"KE","Coast","Mugome"
"KE","Central","Mugomoini"
"KE","Central","Mugueni"
"KE","Central","Muguga"
"KE","Central","Mugumoini"
"KE","Central","Mugumoni"
"KE","Rift Valley","Mugurin"
"KE","Rift Valley","Mugus"
"KE","Rift Valley","Muguss"
"KE","Coast","Muhaka Mbavu"
"KE","Nyanza","Muhanda"
"KE","Nyanza","Muhoro"
"KE","Nyanza","Muhoroni"
"KE","Central","Muiga"
"KE","Central","Muirungi"
"KE","Eastern","Mukaa"
"KE","Central","Mukangu"
"KE","Rift Valley","Mukawa"
"KE","Central","Mukinduri"
"KE","Central","Mukore"
"KE","Central","Mukui"
"KE","Rift Valley","Mukuki"
"KE","Coast","Mukunguni"
"KE","Central","Mukuria"
"KE","Central","Mukurue"
"KE","Central","Mukuruwe"
"KE","Central","Mukurwe"
"KE","Rift Valley","Mukus"
"KE","Rift Valley","Mukutan"
"KE","Rift Valley","Mukutano"
"KE","Central","Mukuyu"
"KE","Eastern","Mulala"
"KE","Coast","Mulemwa"
"KE","Coast","Muliloni"
"KE","Coast","Mulunguni"
"KE","Eastern","Mumbethana"
"KE","Nyanza","Mumbo"
"KE","Western","Mumias"
"KE","Eastern","Munani"
"KE","Coast","Munge"
"KE","Coast","Munguvini"
"KE","Central","Mununca"
"KE","Central","Mununga"
"KE","Central","Munyange One"
"KE","Central","Munyange Two"
"KE","Central","Murabara"
"KE","Central","Murang'A"
"KE","Central","Murarandia One"
"KE","Central","Murarandia Two"
"KE","Western","Mureko"
"KE","Central","Murengeti"
"KE","Rift Valley","Muriling"
"KE","Central","Murinduko"
"KE","Eastern","Muringari"
"KE","Coast","Muritu"
"KE","Coast","Murka"
"KE","Rift Valley","Murua Korg"
"KE","Central","Murubara"
"KE","Central","Muruguru"
"KE","Central","Murundu"
"KE","Central","Mururiini"
"KE","Central","Mururuwe"
"KE","Western","Musanda"
"KE","Nyanza","Musa Nyandisi"
"KE","Rift Valley","Musereita"
"KE","Eastern","Mushamba"
"KE","Eastern","Musikio"
"KE","Western","Musoma"
"KE","Central","Mutathiini"
"KE","Nairobi Area","Mutei"
"KE","Nyanza","Mutet"
"KE","Nairobi Area","Muthaiga"
"KE","Eastern","Mutha"
"KE","Eastern","Muthara"
"KE","Central","Muthinga"
"KE","Central","Muthithi"
"KE","Eastern","Muthue"
"KE","Central","Muthurua"
"KE","Central","Muthurwa"
"KE","Central","Muthuthiini"
"KE","Central","Muthuthini"
"KE","Central","Mutito"
"KE","Eastern","Mutitu Andei"
"KE","Central","Mutitu"
"KE","Eastern","Mutitu"
"KE","Central","Mutomo"
"KE","Eastern","Mutomo"
"KE","Eastern","Mutonguni"
"KE","Nairobi Area","Mutuini"
"KE","Eastern","Mutulia"
"KE","Coast","Mutuli"
"KE","Eastern","Mutune"
"KE","Eastern","Mutuni"
"KE","Central","Muuathi"
"KE","Nyanza","Muweri"
"KE","Central","Muyaka"
"KE","Coast","Mvindeni"
"KE","Coast","Mvita"
"KE","Coast","Mvuleni"
"KE","Coast","Mwabani"
"KE","Coast","Mwabaya Nyundo"
"KE","Coast","Mwabila"
"KE","Coast","Mwachawaza"
"KE","Coast","Mwachirunge Bomu"
"KE","Coast","Mwachirunge"
"KE","Coast","Mwachirunje Ya Pwani"
"KE","Coast","Mwaembe"
"KE","Coast","Mwaga"
"KE","Coast","Mwaketutu"
"KE","Coast","Mwakinyungu"
"KE","Coast","Mwakirunge Kuu"
"KE","Coast","Mwakirunge"
"KE","Coast","Mwakirunge Ya Pwani"
"KE","Coast","Mwakitau"
"KE","Coast","Mwakunde"
"KE","Coast","Mwakwala"
"KE","Coast","Mwalili"
"KE","Coast","Mwalilo"
"KE","Coast","Mwalio"
"KE","Coast","Mwaluvanga"
"KE","Eastern","Mwambani"
"KE","Eastern","Mwambathana"
"KE","Coast","Mwambiri"
"KE","Coast","Mwamkuchi"
"KE","Coast","Mwanachini"
"KE","Coast","Mwanamare"
"KE","Coast","Mwana Mwinga"
"KE","Coast","Mwanathamba"
"KE","Coast","Mwanathumba"
"KE","Coast","Mwanda"
"KE","Coast","Mwandimu"
"KE","Coast","Mwandoni"
"KE","Eastern","Mwangareme"
"KE","Eastern","Mwangarimwe"
"KE","Eastern","Mwangini"
"KE","Coast","Mwangoni"
"KE","Coast","Mwangulu"
"KE","Coast","Mwanyora"
"KE","Coast","Mwarakaya"
"KE","Coast","Mwarongo"
"KE","Coast","Mwarungu"
"KE","Coast","Mwatate"
"KE","Central","Mwathaini"
"KE","Coast","Mwazare"
"KE","Coast","Mwazi"
"KE","Central","Mweiga"
"KE","Eastern","Mwe"
"KE","Central","Mweri"
"KE","Central","Mweru"
"KE","Eastern","Mwewe"
"KE","Coast","Mweza"
"KE","Central","Mwimuto"
"KE","Eastern","Mwingi"
"KE","Coast","Mwogahendi"
"KE","Western","Myanga"
"KE","Eastern","Mzembe"
"KE","Rift Valley","Nairagie Ngare"
"KE","Nairobi Area","Nairoba"
"KE","Nairobi Area","Nairobi Hill"
"KE","Nairobi Area","Nairobi Industrial Area"
"KE","Nairobi Area","Nairobi"
"KE","Nairobi Area","Nairobi South"
"KE","Nairobi Area","Nairobi West"
"KE","Rift Valley","Naivasha"
"KE","Rift Valley","Nakinglas"
"KE","Rift Valley","Nakuru"
"KE","Rift Valley","Nakwajit"
"KE","Western","Namabusi"
"KE","Rift Valley","Namanga"
"KE","Western","Nambale"
"KE","Western","Nambare"
"KE","Western","Namiaso"
"KE","Western","Namyoso"
"KE","Rift Valley","Nandi Hills"
"KE","Rift Valley","Nandi"
"KE","Nyanza","Nanga"
"KE","Western","Nangina"
"KE","Nyanza","Nango"
"KE","Coast","Nanigi East"
"KE","Coast","Nanigi West"
"KE","Coast","Nanig"
"KE","Coast","Nani"
"KE","Rift Valley","Nanyuki"
"KE","Rift Valley","Narok"
"KE","Rift Valley","Naro Moru"
"KE","Rift Valley","Narosura"
"KE","Coast","Nasibu"
"KE","Eastern","Nchimwani"
"KE","Western","Ndakalu"
"KE","Western","Ndakaru"
"KE","Western","Ndakulu"
"KE","Coast","Ndambwe"
"KE","Rift Valley","Ndamichoni"
"KE","Rift Valley","Ndanai"
"KE","Central","Ndaragwa"
"KE","Central","Ndaroini"
"KE","Central","Ndathi"
"KE","Coast","Ndau"
"KE","Rift Valley","Ndau"
"KE","Coast","Ndavaya"
"KE","Coast","Ndavayas"
"KE","Central","Ndenderu"
"KE","Nyanza","Ndere"
"KE","Central","Nderi"
"KE","Central","Nderu"
"KE","Coast","Ndhambwe"
"KE","Nyanza","Ndhiwa"
"KE","Central","Ndiaini One"
"KE","Central","Ndiaini Two"
"KE","Central","Ndiara"
"KE","Coast","Ndile"
"KE","Central","Ndimaini"
"KE","Central","Ndindiruku"
"KE","Central","Ndioni"
"KE","Rift Valley","Ndiuini"
"KE","Coast","Ndome"
"KE","Central","Ndonga"
"KE","Eastern","Ndooa"
"KE","Rift Valley","Ndulelei"
"KE","Rift Valley","Ndulele"
"KE","Central","Nduma"
"KE","Central","Ndumberi"
"KE","Central","Ndundu-Ini"
"KE","Central","Ndunyu Chege"
"KE","Central","Ndunyu"
"KE","Central","Ndurarua"
"KE","Coast","Nduru"
"KE","Central","Ndurutu"
"KE","Central","Nembu"
"KE","Eastern","Nembure"
"KE","Central","Ngababa"
"KE","Coast","Ngambinyi"
"KE","Eastern","Ngandani"
"KE","Central","Ngandu"
"KE","Eastern","Ngandure"
"KE","Coast","Nganja"
"KE","Rift Valley","Nganukonharengak"
"KE","Coast","Ngao"
"KE","Central","Ngarariga"
"KE","Central","Ngaru"
"KE","Eastern","Ngathune"
"KE","Coast","Ngau Mission"
"KE","Central","Ngecha"
"KE","Central","Ngemwa"
"KE","Central","Ngenwa"
"KE","Coast","Ngeranyi"
"KE","Coast","Ngerenyi"
"KE","Central","Ngethu"
"KE","Central","Ngewa"
"KE","Coast","Nghonji"
"KE","Nyanza","Ngia"
"KE","Coast","Nginda"
"KE","Coast","Ngindo"
"KE","Central","Nginduri"
"KE","Rift Valley","Nginyang"
"KE","Central","Ngiriambu"
"KE","Nyanza","Ngiri"
"KE","Nyanza","Ngiva"
"KE","Nyanza","Ngiya"
"KE","Coast","Ngombani"
"KE","Coast","Ngombeni"
"KE","Coast","Ngomeni"
"KE","Eastern","Ngomeni"
"KE","Coast","Ngomheni"
"KE","Rift Valley","Ngong"
"KE","Rift Valley","Ngorigaishi"
"KE","Central","Ngoriundito"
"KE","Eastern","Ngosini-East Detention Camp"
"KE","Eastern","Ngosini East"
"KE","Eastern","Ngosini-West Detention Camp"
"KE","Eastern","Ngosini West"
"KE","Eastern","Ngovie"
"KE","Eastern","Ngovio"
"KE","Central","Nguka"
"KE","Central","Nguna"
"KE","Central","Ngunduri"
"KE","Central","Ngunguru"
"KE","Eastern","Nguni"
"KE","Central","Ngure"
"KE","Coast","Nguruweni"
"KE","Coast","Ngutuni"
"KE","Eastern","Nguuni"
"KE","Eastern","Nguviu"
"KE","Coast","Ngwaru"
"KE","Eastern","Ngwate"
"KE","Coast","Ngwena"
"KE","Central","Nitimaini"
"KE","Central","Njega"
"KE","Central","Njegas"
"KE","Central","Njege"
"KE","Coast","Njele"
"KE","Central","Njigari"
"KE","Central","Njiku"
"KE","Central","Njora"
"KE","Rift Valley","Nkidongi"
"KE","Coast","Nkunumbi"
"KE","Central","Nnundu"
"KE","Rift Valley","Noiwe"
"KE","Rift Valley","Noolpopong"
"KE","Rift Valley","Norpopong"
"KE","Eastern","North Horr"
"KE","Rift Valley","Nosuguro"
"KE","Central","Nrundu"
"KE","Eastern","Nthwani"
"KE","Rift Valley","Ntuka"
"KE","Rift Valley","Ntulelei"
"KE","Central","Nundu"
"KE","Coast","Nunguni"
"KE","Eastern","Nunguni"
"KE","Nyanza","Nyabasi"
"KE","Nyanza","Nyabassi"
"KE","Nyanza","Nyabera"
"KE","Nyanza","Nyabera'S"
"KE","Nyanza","Nyadorera"
"KE","Central","Nyagachugu"
"KE","Central","Nyaga"
"KE","Central","Nyagatugu"
"KE","Central","Nyahururu Falls"
"KE","Central","Nyahururu"
"KE","Central","Nyakahuho"
"KE","Central","Nyakahura"
"KE","Coast","Nyalani"
"KE","Rift Valley","Nyalilpuch"
"KE","Central","Nyali"
"KE","Coast","Nyali"
"KE","Central","Nyamakuyu"
"KE","Coast","Nyambogi"
"KE","Central","Nyamindi"
"KE","Nyanza","Nyamuga"
"KE","Nyanza","Nyamware"
"KE","Central","Nyanduma"
"KE","Central","Nyangiti"
"KE","Nyanza","Nyang'Oma"
"KE","Coast","Nyangore"
"KE","Coast","Nyangoro"
"KE","Rift Valley","Nyangoso"
"KE","Rift Valley","Nyangusu"
"KE","Coast","Nyangwani"
"KE","Nyanza","Nyangweso"
"KE","Rift Valley","Nyaru"
"KE","Central","Nyati"
"KE","Nyanza","Nyawita"
"KE","Nyanza","Nyenga"
"KE","Central","Nyeri"
"KE","Rift Valley","Nyeru"
"KE","Coast","Nyika"
"KE","Central","Nyiri"
"KE","Nyanza","Nyowita"
"KE","Coast","Nyundo"
"KE","Eastern","Nzaikoni"
"KE","Eastern","Nzeewani"
"KE","Eastern","Nziu"
"KE","Eastern","Nzuuni"
"KE","Nyanza","Obila"
"KE","Nyanza","Obila'S Village"
"KE","Coast","Obo"
"KE","Coast","Oda"
"KE","Coast","Odd"
"KE","Nyanza","Odok"
"KE","Nyanza","Odoyo"
"KE","Nairobi Area","Ofafa"
"KE","Nyanza","Ogama"
"KE","Nyanza","Ogembo"
"KE","Nyanza","Ogomo"
"KE","Nyanza","Ojuok"
"KE","Eastern","Okia"
"KE","Nyanza","Okoth"
"KE","Nyanza","Okumu"
"KE","Rift Valley","Olderet"
"KE","Coast","Old Mombasa"
"KE","Coast","Old Town"
"KE","Rift Valley","Olengarua"
"KE","Rift Valley","Ole Seni"
"KE","Rift Valley","Olioserri"
"KE","Central","Oljoro Orok"
"KE","Rift Valley","Ol Kejuado"
"KE","Rift Valley","Olkeramatiani"
"KE","Rift Valley","Olkeramatian"
"KE","Rift Valley","Olkiramatian"
"KE","Rift Valley","Ol Lalunga"
"KE","Rift Valley","Ol Latunga"
"KE","Rift Valley","Olmesutie"
"KE","Rift Valley","Ol Mesuti"
"KE","Rift Valley","Olmesutye"
"KE","Rift Valley","Ol Mukutan"
"KE","Rift Valley","Olngarua"
"KE","Rift Valley","Oloiserri"
"KE","Rift Valley","Oloiyangalani"
"KE","Rift Valley","Olokurto"
"KE","Rift Valley","Olololong'A"
"KE","Rift Valley","Ol Olong'A"
"KE","Rift Valley","Ol Ombokishi"
"KE","Rift Valley","Ol Omborishi"
"KE","Rift Valley","Oloyaingalani"
"KE","Rift Valley","Olteret"
"KE","Eastern","Oltulili"
"KE","Coast","Omari"
"KE","Nyanza","Ondiek'S"
"KE","Eastern","Ontulili"
"KE","Nyanza","Opiyo"
"KE","Coast","Orbu"
"KE","Rift Valley","Oropoi"
"KE","Rift Valley","Orwa"
"KE","Coast","Oseni"
"KE","Central","Othaya"
"KE","Nairobi Area","Otiende"
"KE","Nyanza","Otinga"
"KE","Nyanza","Ouma'S"
"KE","Nairobi Area","Outer Ring Road"
"KE","Nyanza","Oyani Farm Institute"
"KE","Nyanza","Oyugis"
"KE","Coast","Ozi"
"KE","Coast","Pandanguo"
"KE","Coast","Pangani"
"KE","Nairobi Area","Pangani"
"KE","Coast","Pangayambo"
"KE","Nairobi Area","Parklands"
"KE","Coast","Pasa"
"KE","Coast","Pate"
"KE","Coast","Patta"
"KE","Nyanza","Paulo"
"KE","Coast","Paza"
"KE","Coast","Pemba"
"KE","Rift Valley","Pemwai"
"KE","Coast","Penda Kula"
"KE","Coast","Pendeza"
"KE","Nyanza","Pep Gadera"
"KE","Coast","Pingilikani"
"KE","Rift Valley","Poi"
"KE","Rift Valley","Poka"
"KE","Coast","Pongwe"
"KE","Western","Port Bunyala"
"KE","Nyanza","Port Florence"
"KE","Eastern","Port Harrington"
"KE","Nyanza","Port Southby"
"KE","Western","Port Victoria"
"KE","Rift Valley","Poulton"
"KE","Nairobi Area","Pumuani"
"KE","Coast","Pumwani"
"KE","Nairobi Area","Pumwani"
"KE","Nyanza","Pundo"
"KE","Nyanza","Pundo'S Village"
"KE","Nyanza","Rabour"
"KE","Nyanza","Rabur"
"KE","Nyanza","Rabwor"
"KE","Central","Ragati"
"KE","Eastern","Raguta"
"KE","Central","Raiyani"
"KE","Coast","Ramada"
"KE","Nyanza","Rambara"
"KE","Coast","Ramisi"
"KE","Nyanza","Ramogi"
"KE","Western","Ramula"
"KE","North-Eastern","Ramu"
"KE","Eastern","Randani"
"KE","Nyanza","Rangala"
"KE","Central","Ratai"
"KE","Central","Renguti"
"KE","Coast","Rhoka"
"KE","Central","Riabai"
"KE","Coast","Ria Kalui"
"KE","Central","Riakiania"
"KE","Central","Riamukuruwe"
"KE","Central","Riamukurwe"
"KE","Nyanza","Riana"
"KE","Coast","Ribe Mission"
"KE","Coast","Ribe"
"KE","North-Eastern","Rigmio"
"KE","Central","Riitho"
"KE","Nyanza","Riondonga"
"KE","Central","Rironi"
"KE","Nairobi Area","Riruta"
"KE","Central","Ritho"
"KE","Central","Rititi"
"KE","Central","Riuki"
"KE","Central","Rocho"
"KE","Coast","Roka"
"KE","Coast","Rokas"
"KE","Rift Valley","Rombo"
"KE","Rift Valley","Rongai"
"KE","Central","Ruaganga"
"KE","Nairobi Area","Ruaka"
"KE","Central","Ruambiti"
"KE","Central","Ruanganga"
"KE","Central","Ruangondu"
"KE","Coast","Rubu"
"KE","Central","Ruchu"
"KE","Western","Rudacha"
"KE","Eastern","Rugumu"
"KE","Central","Ruiru"
"KE","Nairobi Area","Ruiru"
"KE","Western","Rukala"
"KE","Central","Rukanga"
"KE","Coast","Rukanga"
"KE","Central","Rukenya"
"KE","Central","Rukira"
"KE","Central","Rukubi"
"KE","Eastern","Rukurire"
"KE","Eastern","Rukuriri"
"KE","Central","Ruku"
"KE","Rift Valley","Rumuruti"
"KE","Central","Rungiri"
"KE","Central","Rurii"
"KE","Central","Ruring'U"
"KE","Central","Ruruguti"
"KE","Coast","Ruruma"
"KE","Central","Rutara"
"KE","Central","Ruthagati"
"KE","Central","Rutura"
"KE","Central","Rwamburi Kiugu"
"KE","Central","Rwathia"
"KE","Central","Rwegetha"
"KE","Coast","Saadani"
"KE","North-Eastern","Sabule"
"KE","Coast","Sadani"
"KE","Coast","Safarisi"
"KE","Coast","Sagala"
"KE","Coast","Sagalla"
"KE","Central","Sagana"
"KE","Coast","Saidibabo"
"KE","Eastern","Saikago"
"KE","Coast","Sailoni"
"KE","Central","Saint Marys"
"KE","Coast","Saka"
"KE","Rift Valley","Salabani"
"KE","Rift Valley","Salengai"
"KE","Central","Samara"
"KE","Coast","Samburu"
"KE","Coast","Samicha"
"KE","Coast","Samikaro"
"KE","Central","Samsons Corner"
"KE","Central","Samsons Kona"
"KE","Rift Valley","Samuli"
"KE","Rift Valley","Sandai"
"KE","Rift Valley","Sang'Alo"
"KE","North-Eastern","Sangoleaku"
"KE","Nyanza","Saranga"
"KE","Nyanza","Saranja"
"KE","Coast","Sarbuye"
"KE","Nyanza","Sare"
"KE","Eastern","Saricho"
"KE","North-Eastern","Sarim"
"KE","Rift Valley","Sarora"
"KE","Nyanza","Sarunza"
"KE","Coast","Sawasawa"
"KE","Rift Valley","Sebit"
"KE","Coast","Secho"
"KE","Nyanza","Sega"
"KE","Coast","Selaloni"
"KE","Rift Valley","Selengai"
"KE","Coast","Semandaro"
"KE","Nyanza","Sena"
"KE","Coast","Sendeni"
"KE","Rift Valley","Seretunin"
"KE","Eastern","Sericho"
"KE","Rift Valley","Serkonghun"
"KE","Rift Valley","Serkongun"
"KE","Rift Valley","Sesia"
"KE","Rift Valley","Shabaltaragwa"
"KE","Coast","Shakadula"
"KE","Coast","Shakadulo"
"KE","North-Eastern","Shakani"
"KE","Coast","Shamanzi"
"KE","Coast","Shambini"
"KE","Coast","Shambweni"
"KE","Rift Valley","Shamenei"
"KE","Rift Valley","Shamenek"
"KE","Coast","Shanzu"
"KE","Coast","Shauri Moya"
"KE","Coast","Shauri Moyo"
"KE","Nairobi Area","Shauri Moyo"
"KE","Coast","Shela"
"KE","Coast","Shelemba"
"KE","Coast","Shella"
"KE","Coast","Shigaro"
"KE","Western","Shikusa"
"KE","Coast","Shimambaya"
"KE","Coast","Shimanzi"
"KE","Coast","Shimo La Tewa"
"KE","Coast","Shimoni"
"KE","Rift Valley","Shimoni"
"KE","Coast","Shirazi"
"KE","Western","Shirotsa"
"KE","Rift Valley","Shombole"
"KE","Eastern","Siakago"
"KE","Nyanza","Siamufua"
"KE","Nyanza","Siaya"
"KE","Rift Valley","Sibillo"
"KE","Rift Valley","Sibilo"
"KE","Western","Sichei"
"KE","Western","Sicheyi"
"KE","Nyanza","Sidindi"
"KE","Western","Sigalagala"
"KE","Central","Sigio"
"KE","Nyanza","Sigomere"
"KE","Rift Valley","Sigoor Camp"
"KE","Rift Valley","Sigor"
"KE","Western","Sikoma"
"KE","Coast","Silaloni"
"KE","Coast","Simambaya"
"KE","Coast","Simandaro"
"KE","Rift Valley","Simba"
"KE","Eastern","Simisi"
"KE","Coast","Simkara"
"KE","Nyanza","Sindo"
"KE","Rift Valley","Singore"
"KE","Coast","Sinoia"
"KE","Rift Valley","Sintakara"
"KE","Rift Valley","Siongiroi"
"KE","Western","Sio Port"
"KE","Western","Sio"
"KE","Nyanza","Siranga"
"KE","Western","Siriba"
"KE","Western","Sirisia"
"KE","Western","Sirkoma"
"KE","Western","Sisenye"
"KE","Rift Valley","Sitaman"
"KE","Coast","Siyu"
"KE","Eastern","Skwata"
"KE","Coast","Sokoke"
"KE","Eastern","Sololo"
"KE","Rift Valley","Sondu"
"KE","Eastern","Songeni"
"KE","Rift Valley","Sosiot"
"KE","Rift Valley","Sotik Post"
"KE","Rift Valley","Sotik"
"KE","Rift Valley","South Horr"
"KE","Central","South Kinangop"
"KE","Rift Valley","Soy"
"KE","Nairobi Area","Spring Valley"
"KE","Rift Valley","Subuku"
"KE","Rift Valley","Sultan Hamud"
"KE","Coast","Sumai"
"KE","North-Eastern","Sumat"
"KE","Nyanza","Suna"
"KE","Coast","Sungululu"
"KE","Eastern","Syolima"
"KE","Eastern","Syumbungu"
"KE","North-Eastern","Takaba"
"KE","Coast","Takaungu"
"KE","Coast","Takwa Milinga"
"KE","Rift Valley","Talai"
"KE","Rift Valley","Talau"
"KE","Coast","Talio"
"KE","Rift Valley","Taloa"
"KE","Rift Valley","Tambach"
"KE","Central","Tambaya"
"KE","Rift Valley","Tandare"
"KE","Rift Valley","Tangulbei"
"KE","Rift Valley","Tangulbwe"
"KE","North-Eastern","Tarbaj"
"KE","Coast","Taru"
"KE","Coast","Taveta"
"KE","Eastern","Tawa"
"KE","Coast","Teso"
"KE","Coast","Tezo"
"KE","Central","Thaara"
"KE","Central","Thagare"
"KE","Central","Thaina"
"KE","Central","Thaita"
"KE","Central","Thakwa"
"KE","Central","Thamara"
"KE","Eastern","Thangata"
"KE","Central","Thangathe"
"KE","Eastern","Thange"
"KE","Eastern","Thangi"
"KE","Central","Thanju"
"KE","Central","Thanu"
"KE","Eastern","Tharaka Kijegge"
"KE","Eastern","Tharaka"
"KE","Central","Thara"
"KE","Central","Thembigwa"
"KE","Central","Thengeini"
"KE","Central","Theri"
"KE","Central","Thiba"
"KE","Central","Thigio"
"KE","Central","Thiguku"
"KE","Central","Thika"
"KE","Central","Thika Valley"
"KE","Central","Thimbigua"
"KE","Central","Thogoto"
"KE","Central","Thompsons Falls"
"KE","Nairobi Area","Thomson Estate"
"KE","Central","Thomsons Falls"
"KE","Central","Thorason'S Falls"
"KE","Central","Thuita"
"KE","Central","Thuitia"
"KE","Central","Thunguma"
"KE","Central","Thunguri"
"KE","Rift Valley","Thuthuriki"
"KE","Coast","Thuva"
"KE","Central","Tiekunu"
"KE","Rift Valley","Timau"
"KE","Coast","Timbila"
"KE","Rift Valley","Timboiwo"
"KE","Rift Valley","Timboywo"
"KE","Coast","Tindini"
"KE","Central","Tinganga"
"KE","Coast","Tiribe"
"KE","Rift Valley","Tirimionin"
"KE","Rift Valley","Tiriondonin"
"KE","Coast","Titila"
"KE","Eastern","Tiva"
"KE","Coast","Tiwi"
"KE","Rift Valley","Tokitok"
"KE","Central","Toritu"
"KE","Nyanza","Toweri"
"KE","Nyanza","Tower"
"KE","Coast","Tsangalaweni"
"KE","Coast","Tsangatsini"
"KE","Coast","Tsavo Station"
"KE","Coast","Tsavo"
"KE","Coast","Tsunguni"
"KE","North-Eastern","Tukeli"
"KE","Coast","Tula"
"KE","Eastern","Tulia"
"KE","Coast","Tulu"
"KE","Rift Valley","Tumeiyo"
"KE","Rift Valley","Tumeya"
"KE","Eastern","Tungu"
"KE","Coast","Tuni"
"KE","Central","Turasha"
"KE","Rift Valley","Tura"
"KE","Rift Valley","Turbo"
"KE","Rift Valley","Turi"
"KE","Central","Tusha"
"KE","Central","Tuso"
"KE","Eastern","Twaandu"
"KE","Coast","Ufumbani"
"KE","Nyanza","Uholo"
"KE","Nairobi Area","Uhuru"
"KE","Coast","Ukunda"
"KE","Coast","Ukundu"
"KE","Nyanza","Ukwala"
"KE","Nyanza","Ulro"
"KE","Eastern","Ulu"
"KE","Central","Umbui"
"KE","Coast","Umingu"
"KE","Central","Unjiru"
"KE","Eastern","Upete"
"KE","Central","Upper Gatara"
"KE","Central","Upper Gilgil"
"KE","Nairobi Area","Upper Hill"
"KE","Nairobi Area","Upper Parklands Estate"
"KE","Nyanza","Uranga"
"KE","Western","Uremia"
"KE","Central","Urumathi"
"KE","Coast","Ushingo"
"KE","Eastern","Usueni"
"KE","Coast","Utange"
"KE","Eastern","Utangwa"
"KE","Nairobi Area","Uthiru"
"KE","Eastern","Uthithi"
"KE","Eastern","Uvete"
"KE","Nyanza","Uwai"
"KE","Coast","Uyombo"
"KE","Coast","Vidungeni"
"KE","Coast","Vifanjoni"
"KE","Coast","Vikinduni"
"KE","Coast","Vinagoni"
"KE","Coast","Vingujini"
"KE","Coast","Vinuni"
"KE","Coast","Vinunyi"
"KE","Coast","Vipingoni"
"KE","Coast","Vipingo"
"KE","Coast","Viragoni"
"KE","Coast","Vitengeni"
"KE","Coast","Vitsangalaweni"
"KE","Coast","Vivini"
"KE","Coast","Vivwini"
"KE","Coast","Voi"
"KE","Eastern","Voo"
"KE","Coast","Vuga"
"KE","Eastern","Vulueni"
"KE","Central","Wabuga"
"KE","Coast","Wachakone"
"KE","Coast","Wacha Koni"
"KE","Central","Waguthu"
"KE","Coast","Wagu"
"KE","Eastern","Waita"
"KE","Nairobi Area","Waithaka"
"KE","North-Eastern","Wajir"
"KE","Western","Walanga"
"KE","Coast","Waldena"
"KE","Coast","Walu"
"KE","Central","Wamachatha"
"KE","Central","Wamagana"
"KE","Coast","Wama"
"KE","Rift Valley","Wamba"
"KE","Central","Wamitaa"
"KE","Western","Wamono"
"KE","Central","Wamumu"
"KE","Central","Wamutitu"
"KE","Central","Wamwangi"
"KE","Central","Wandimi"
"KE","Central","Wandumbi"
"KE","Central","Wangai"
"KE","Coast","Wange"
"KE","Coast","Wangi"
"KE","Western","Wangoma"
"KE","Central","Wanjengi"
"KE","Central","Wanjereri"
"KE","Central","Wanjii"
"KE","Central","Wanyaga"
"KE","Central","Wanyagga"
"KE","Central","Waratho"
"KE","North-Eastern","War Dirsame"
"KE","Coast","Waresa"
"KE","Coast","Waressa"
"KE","Western","Wariva"
"KE","Coast","Wasini"
"KE","Coast","Wasin"
"KE","Nyanza","Wasis"
"KE","Coast","Watamu"
"KE","Rift Valley","Waterer"
"KE","Eastern","Wautu"
"KE","Coast","Wayu"
"KE","Western","Webuye"
"KE","North-Eastern","Welaluit Dardesa"
"KE","North-Eastern","Welaluit"
"KE","Coast","Wema"
"KE","Coast","Wenje"
"KE","Nyanza","Weno"
"KE","Coast","Weruga"
"KE","Eastern","Weru"
"KE","Nairobi Area","Westlands"
"KE","Coast","Wesu"
"KE","Central","Wetima One"
"KE","Central","Wetima Two"
"KE","Nyanza","Winam"
"KE","Coast","Witu"
"KE","Coast","Wmingo"
"KE","Coast","Woldena"
"KE","Coast","Wongonyi"
"KE","Nairobi Area","Woodley Estate"
"KE","Eastern","Wote"
"KE","Coast","Wumari"
"KE","Coast","Wundanyi"
"KE","Coast","Yaka"
"KE","Western","Yala Station"
"KE","Western","Yala"
"KE","Coast","Yale"
"KE","Central","Yamogo"
"KE","Central","Yamugwe"
"KE","Rift Valley","Yatya"
"KE","Coast","Yedi"
"KE","Nyanza","Zacharia"
"KE","Eastern","Zaikone Village"
"KE","Eastern","Zaikone"
"KE","Central","Zaina"
"KE","Coast","Zare"
"KE","Coast","Ziwani"
"KE","Eastern","Zombe"
"KE","Eastern","Zombi"
