"LY","Yafran","`Aawinah"
"LY","Tarabulus","Ab'Ar As Sababil"
"LY","An Nuqat Al Khams","Abu Ar Rish"
"LY","Al Aziziyah","Abu Ghaylan"
"LY","Az Zawiyah","Abu `Isa"
"LY","An Nuqat Al Khams","Abu Kammash"
"LY","Misratah","Abu Njaym"
"LY","Misratah","Abu Nujaym"
"LY","Misratah","Abuqrin"
"LY","Misratah","Abu Qurayn"
"LY","Tarabulus","Abu Salim"
"LY","Gharyan","Abu Zayyan"
"LY","Gharyan","Abu Ziyyan"
"LY","Tarabulus","Abyar As Sababil"
"LY","Tubruq","Acroma"
"LY","Misratah","Ad Dafiniyah"
"LY","Misratah","Ad Dafniyah"
"LY","Tarhunah","Ad Dawun"
"LY","Gharyan","Ad Dayasir"
"LY","Ash Shati'","Ad Duwaysah"
"LY","Ash Shati'","Adiri"
"LY","Ajdabiya","Adjadabia"
"LY","Ash Shati'","Adri"
"LY","Tarabulus","Aea"
"LY","Ash Shati'","Agar"
"LY","Ajdabiya","Agedabia"
"LY","An Nuqat Al Khams","Agelat"
"LY","Murzuq","Aggar"
"LY","Ajdabiya","Agheila"
"LY","Yafran","Ahl Al Wadi"
"LY","Al Jabal Al Akhdar","Ahqaf Al Jabbarat"
"LY","Al Jabal Al Akhdar","Ahqaf Al Jabhiyah"
"LY","Al Jabal Al Akhdar","Ahqaf Al Jabhiyh"
"LY","Ghadamis","Ain Ghezaia"
"LY","Tarabulus","Ain Zara"
"LY","Ajdabiya","Ajdabiya"
"LY","Ajdabiya","Ajdabiyah"
"LY","Tubruq","`Akramah"
"LY","Gharyan","Al A`Aqib"
"LY","Awbari","Al Abyad"
"LY","Tubruq","Al `Adam"
"LY","Tubruq","Al `Adm"
"LY","An Nuqat Al Khams","Al `Ajaylat"
"LY","Al Khums","Al `Akarit"
"LY","Yafran","Al `Alawinah"
"LY","Al Khums","Al `Amamirah"
"LY","Gharyan","Al Asabi`Ah"
"LY","Tubruq","Al Ashhab"
"LY","Misratah","Al Aswaq"
"LY","Al Kufrah","Al `Awaynat"
"LY","Murzuq","Al Awaynat"
"LY","Al Aziziyah","Al `Aziziyah"
"LY","Murzuq","Al Badr"
"LY","Yafran","Al Bakhabikhah"
"LY","Murzuq","Al Bakki"
"LY","Tubruq","Al Bardi"
"LY","Tubruq","Al Bardiyah"
"LY","Murzuq","Al Barkat"
"LY","Yafran","Al Bayatinah"
"LY","Murzuq","Al Baydan"
"LY","Al Fatih","Al Bayyadah"
"LY","Murzuq","Al Birkah"
"LY","Banghazi","Al Birkah"
"LY","Yafran","Al Biyatinah"
"LY","Misratah","Al Bu'Ayrat"
"LY","Murzuq","Al Budayr"
"LY","Yafran","Al Buhur"
"LY","Ajdabiya","Al Burayqah"
"LY","Tubruq","Al Burdi"
"LY","Gharyan","Al Dayasir"
"LY","Al Jabal Al Akhdar","Al Fa'Idiyah"
"LY","Tarabulus","Al Fatih"
"LY","Yafran","Al Fawadil"
"LY","Zlitan","Al Fawatir"
"LY","Al Khums","Al Fawatir"
"LY","Ghadamis","Al Fayasilah"
"LY","Al Jabal Al Akhdar","Al Fayidiyah"
"LY","Al Jufrah","Al-Foqaha'"
"LY","Awbari","Al Fujayj"
"LY","Al Jufrah","Al Fuqaha'"
"LY","Awbari","Al Fuqar"
"LY","Tarabulus","Al Furnaj"
"LY","Banghazi","Al Fuwayhat"
"LY","Banghazi","Al Ghaddarah"
"LY","Misratah","Al Ghiran"
"LY","Awbari","Al Ghuraybat"
"LY","Awbari","Al Ghurayfah"
"LY","Misratah","Al Ghut"
"LY","Misratah","Al Habarah"
"LY","Misratah","Al Hadari`Ah"
"LY","Gharyan","Al Hajarah"
"LY","Sawfajjin","Al Halamah"
"LY","Tarabulus","Al Hamidiyah"
"LY","Awbari","Al Hamra'"
"LY","Al Jabal Al Akhdar","Al Haniyah"
"LY","Tarabulus","Al Hanshir"
"LY","Ghadamis","Al Harabah"
"LY","Az Zawiyah","Al Harah"
"LY","Ghadamis","Al Haraibah"
"LY","Ghadamis","Al Harayibah"
"LY","Az Zawiyah","Al Hashiyah Al Hamra'"
"LY","Awbari","Al Hatiyah"
"LY","Ghadamis","Al Hawamid"
"LY","Al Kufrah","Al Hawwari"
"LY","Misratah","Al Hayshah"
"LY","Tarabulus","Al Hinshir"
"LY","Misratah","Al Hishah"
"LY","Az Zawiyah","Al Hurshah"
"LY","Zlitan","Al Huwayjat"
"LY","Darnah","Al `Izziyat"
"LY","Gharyan","Al Ja`Afirah"
"LY","Sabha","Al Jadid"
"LY","Tubruq","Al Jaghbub"
"LY","An Nuqat Al Khams","Al Jamil"
"LY","Gharyan","Al Jawahiliyah"
"LY","Gharyan","Al Jawahiliyyah"
"LY","Al Kufrah","Al Jawf"
"LY","Ghadamis","Al Jawsh Al Kabir"
"LY","Ghadamis","Al Jawsh As Saghir"
"LY","Al Kufrah","Al-Jof"
"LY","Gharyan","Al Juhaysh"
"LY","Zlitan","Al Jum`Ah"
"LY","An Nuqat Al Khams","Al Jumayl"
"LY","Misratah","Al Kararim"
"LY","Banghazi","Al Karmah"
"LY","Gharyan","Al Kashalifab"
"LY","Gharyan","Al Kashalifah"
"LY","Murzuq","Al Katrun"
"LY","Tarhunah","Al Khadra'"
"LY","Yafran","Al Khala'Ifah"
"LY","Awbari","Al Khara'Iq"
"LY","Yafran","Al Khazur"
"LY","Ghadamis","Al Khirbah"
"LY","Yafran","Al Khirbah"
"LY","Al Khums","Al Khums"
"LY","Al Kufrah","Al Kufrah"
"LY","Gharyan","Al Kulaybah"
"LY","Gharyan","Al Kumayshat"
"LY","Al Khums","Al Kurrathiyah"
"LY","Yafran","Al Kurumah"
"LY","Al Khums","Al Kussabat"
"LY","Sabha","Al-Kuwaifia"
"LY","Sabha","Al Kuwayfiyah"
"LY","Yafran","Al La`Aqib"
"LY","Gharyan","Al Lamamish"
"LY","Misratah","Al Magasibah Al Bahriyah"
"LY","Gharyan","Al Magharibah"
"LY","Al Khums","Al Maghasil"
"LY","Banghazi","Al Magrun"
"LY","Misratah","Al Mahjub"
"LY","Ash Shati'","Al Mahruqah"
"LY","Ghadamis","Al Majabirah"
"LY","Murzuq","Al Malaqi"
"LY","Az Zawiyah","Al Ma`Murah"
"LY","Yafran","Al Ma`Murah"
"LY","Gharyan","Al Manasir"
"LY","Banghazi","Al Maqarin"
"LY","Misratah","Al Maqasibah Al Bahriyah"
"LY","Misratah","Al Maqasibah Al Qibliyah"
"LY","Misratah","Al Maqawibah"
"LY","Banghazi","Al Maqrun"
"LY","Az Zawiyah","Al Mashashitah"
"LY","Yafran","Al Mashwashin"
"LY","Yafran","Al Mashwushin"
"LY","Gharyan","Al Masufiyin"
"LY","Gharyan","Al Masufiyun"
"LY","Az Zawiyah","Al Mayah"
"LY","Gharyan","Al Mayamin"
"LY","Gharyan","Al-Msufiyin"
"LY","Az Zawiyah","Al Mutrad"
"LY","Az Zawiyah","Al Muttrad"
"LY","Gharyan","Al Qabil"
"LY","Misratah","Al Qaddahiyah"
"LY","Banghazi","Al Qadhadhimah"
"LY","Gharyan","Al Qahasat"
"LY","Yafran","Al Qal`Ah"
"LY","Al Khums","Al Qalil"
"LY","Yafran","Al Qanafidh"
"LY","Yafran","Al Qaradin"
"LY","Tubruq","Al Qa`Rah"
"LY","Awbari","Al Qaraya"
"LY","Tubruq","Al Qardabah"
"LY","Tubruq","Al Qarziâ§abah"
"LY","Al Khums","Al Qasabat"
"LY","Tarhunah","Al Qasi`Ah"
"LY","Tarhunah","Al Qassiya"
"LY","Yafran","Al Qat`"
"LY","Murzuq","Al Qatrun"
"LY","Banghazi","Al Qawarishah"
"LY","Gharyan","Al Qawasim"
"LY","Gharyan","Al Qawati"
"LY","Yafran","Al Quradiyin"
"LY","Ash Shati'","Al Qurdah"
"LY","Tarhunah","Al Qusay`Ah"
"LY","Yafran","Al Qusayr"
"LY","Al Khums","Al Qusbat"
"LY","Gharyan","Al `Ubayyat"
"LY","An Nuqat Al Khams","Al `Ujaylat"
"LY","Yafran","Al `Uqaybah"
"LY","Ajdabiya","Al `Uqaylah"
"LY","Gharyan","Al `Urban"
"LY","Yafran","Al `Urqub"
"LY","Banghazi","Al `Urubah"
"LY","Al Kufrah","Al `Uwaynat"
"LY","Murzuq","Al `Uwaynat"
"LY","Gharyan","Al Wa`Diyah"
"LY","Murzuq","Al Wigh"
"LY","Zlitan","Al Wuqayyat"
"LY","Murzuq","Al Wyg"
"LY","Gharyan","Al Ya`Aqib"
"LY","Tarhunah","Ambayyah"
"LY","Tarhunah","Amhayyah"
"LY","Gharyan","Amzir"
"LY","Ajdabiya","Anabucis"
"LY","Yafran","An Nadwah"
"LY","Gharyan","An Nakhlayn"
"LY","Gharyan","An Naqur"
"LY","Al Aziziyah","An Nasariya"
"LY","Al Aziziyah","An Nasiriyah"
"LY","Banghazi","An Nawwaqiyah"
"LY","Ash Shati'","An Nusf"
"LY","Banghazi","Antalat"
"LY","Tubruq","Antipyrgos"
"LY","Tubruq","Antipyrgus"
"LY","Gharyan","Anzu"
"LY","Murzuq","Aouinet"
"LY","Ash Shati'","Aqar"
"LY","Murzuq","Aqar `Atabah"
"LY","Murzuq","`Aqqar"
"LY","Gharyan","Ar Rabitah Al Garbiyah"
"LY","Gharyan","Ar Rabitah Al Gharbiyah"
"LY","Yafran","Ar Rabitah"
"LY","Gharyan","Ar Rabitah Ash Sharqiyah"
"LY","Gharyan","Ar Rahbah"
"LY","Awbari","Ar Raheba"
"LY","Yafran","Ar Rahibat"
"LY","Misratah","Ar Rajabat"
"LY","Misratah","Ar Rajubat"
"LY","Awbari","Ar Raqabah"
"LY","Yafran","Ar Rayayinah"
"LY","Yafran","Ar Ruhabat"
"LY","Yafran","Ar Ruhaybat"
"LY","Yafran","Ar Ruhaybiyat"
"LY","Yafran","Ar Rujban"
"LY","Yafran","Ar Rumiyah"
"LY","Gharyan","Asabaa"
"LY","Al Aziziyah","Asbi`Ah"
"LY","Ash Shati'","Ashkada"
"LY","Ash Shati'","Ashkida"
"LY","Ash Shati'","Ashkidah"
"LY","Ash Shati'","Ashkudah"
"LY","Yafran","Ash Saqarinah"
"LY","Al Khums","Ash Sha`Afiyin"
"LY","Yafran","Ash Sha`Biniyah"
"LY","Yafran","Ash Shaqarinah"
"LY","Tarhunah","Ash Sharsharah"
"LY","Ghadamis","Ash Sha`Wah"
"LY","Ajdabiya","Ash Shawashinah"
"LY","Misratah","Ash Shawati"
"LY","An Nuqat Al Khams","Ash Shaykh Bu `Ujaylah"
"LY","Al Khums","Ash Shi`Afiyin"
"LY","Al Khums","Ash Shi`Afiyun"
"LY","Gharyan","Ash Shi`Taf"
"LY","Yafran","Ash Shiyab"
"LY","Misratah","Ash Shuwati"
"LY","Banghazi","As Sabiri"
"LY","Az Zawiyah","As Sabiriyah"
"LY","Gharyan","As Salahat"
"LY","Yafran","As Salamat"
"LY","Gharyan","As Salihat"
"LY","Banghazi","As Saq`Abi"
"LY","Gharyan","As Saqa'If"
"LY","Gharyan","As Sawadinah"
"LY","Gharyan","As Sawa`Idiyah"
"LY","Al Aziziyah","As Sawani"
"LY","Yafran","As Sha`Biniyah"
"LY","Murzuq","As Shetat"
"LY","Yafran","As Shiyab"
"LY","Awbari","As Snudi"
"LY","Murzuq","As Subaytat"
"LY","Surt","As Sultan"
"LY","Tarabulus","Asyadi Al `Amariyin"
"LY","Darnah","At Tahimi"
"LY","Al Kufrah","At Taj"
"LY","Gharyan","At Tala'I`Iyah"
"LY","Gharyan","At Talayi`Iyah"
"LY","Al Kufrah","At Tallab"
"LY","Darnah","At Tamimi"
"LY","Awbari","At Tanahma"
"LY","Awbari","At Tanahmu"
"LY","Banghazi","At Taribjah"
"LY","Az Zawiyah","At Tuwaybiyah"
"LY","Ajdabiya","Augila"
"LY","Awbari","Awbari"
"LY","Ajdabiya","Awjilah"
"LY","Yafran","Awlad `Abd Ad Da'Im"
"LY","Yafran","Awlad `Abd Al `Aziz `Inan"
"LY","Yafran","Awlad `Abd Allah"
"LY","Yafran","Awlad `Abd Al Mawla"
"LY","Gharyan","Awlad Abu Ras"
"LY","Gharyan","Awlad Abu Salamah"
"LY","Gharyan","Awlad Abu Slamah"
"LY","Az Zawiyah","Awlad Abu Suhayyirah"
"LY","Gharyan","Awlad `Ali"
"LY","Yafran","Awlad `Ali"
"LY","Yafran","Awlad `Ali Bu Al Qasim"
"LY","Gharyan","Awlad `Azzam"
"LY","Tarabulus","Awlad Bin Ahmad"
"LY","Gharyan","Awlad Bin Ya`Qub"
"LY","Yafran","Awlad Bu Jadid"
"LY","Gharyan","Awlad Bu Ra'S"
"LY","Yafran","Awlad Hamad"
"LY","Yafran","Awlad Hamid"
"LY","Gharyan","Awlad `Isa"
"LY","Gharyan","Awlad Jarbu`"
"LY","Yafran","Awlad Khalaf Allah"
"LY","Yafran","Awlad Khalifah"
"LY","Gharyan","Awlad Madif"
"LY","Ghadamis","Awlad Mahmud"
"LY","Gharyan","Awlad Mansur"
"LY","Yafran","Awlad Mansur"
"LY","Gharyan","Awlad Mudif"
"LY","Gharyan","Awlad Mudrif"
"LY","Gharyan","Awlad Mushad"
"LY","Gharyan","Awlad Qalasi"
"LY","Yafran","Awlad Rayyan"
"LY","Gharyan","Awlad Sa`Id"
"LY","Yafran","Awlad Sa`Id"
"LY","Gharyan","Awlad Salim"
"LY","Yafran","Awlad Sidi Khalifah"
"LY","Yafran","Awlad Si Khalifah"
"LY","Sawfajjin","Awlad Tallis"
"LY","Gharyan","Awlad `Umar"
"LY","Yafran","Awlad Yahya"
"LY","Yafran","Awlad Yusuf"
"LY","Ghadamis","`Ayn Al Ghazaya"
"LY","Ghadamis","`Ayn Ghazayah"
"LY","Tarabulus","`Ayn Zarah"
"LY","Al Aziziyah","Azizia"
"LY","Az Zawiyah","Az Zahra'"
"LY","Gharyan","Az Zamamiqah"
"LY","Murzuq","Az Zarqan"
"LY","Misratah","Az Zarruq"
"LY","Al Jabal Al Akhdar","Az Zawiyah Al Fa'Idiyah"
"LY","Az Zawiyah","Az Zawiyah Al Gherbiyah"
"LY","Tubruq","Az Zawiyah"
"LY","Az Zawiyah","Az Zawiyah"
"LY","Gharyan","Az Zawiyyah"
"LY","Murzuq","Az Zaytunah"
"LY","Sabha","Az Zighan"
"LY","Misratah","Az Zurayq"
"LY","Yafran","Az Zurqan"
"LY","Ajdabiya","Az Zuwaytinah"
"LY","Gharyan","Az Zuwayyah"
"LY","Tarabulus","Bab `Akkarah"
"LY","Tarabulus","Bab Al `Aziziyah"
"LY","Tarabulus","Bab `Aziziyah"
"LY","Tarabulus","Bab Gargaresh"
"LY","Tarabulus","Bab Najura"
"LY","Tarabulus","Bab Qaraqarish"
"LY","Tarabulus","Bab Qarqarish"
"LY","Tarabulus","Bab Taguira"
"LY","Tarabulus","Bab Tajura'"
"LY","Gharyan","Baderten"
"LY","Yafran","Baldat Al Kurumah"
"LY","Yafran","Baldat Al Qawasim"
"LY","Yafran","Baldat Al `Umyan"
"LY","Yafran","Baldat Al `Uqaybah"
"LY","Yafran","Baldat At Fawadil"
"LY","Yafran","Baldat Awlad `Ali"
"LY","Yafran","Baldat Awlad Milad"
"LY","Ghadamis","Baldat Daraj"
"LY","Ghadamis","Baldat Diqqi"
"LY","Ghadamis","Baldat Jarjin"
"LY","Ghadamis","Baldat Jurayjin"
"LY","Yafran","Baldat Qawasim"
"LY","Yafran","Baldat Raqraq"
"LY","Ghadamis","Baldat Tuqtah"
"LY","Yafran","Baldat `Uqaybah"
"LY","Darnah","Bamba"
"LY","Banghazi","Banghazi"
"LY","Al Khums","Bani Hasan"
"LY","Al Khums","Bani Layth"
"LY","Al Khums","Bani Muslim"
"LY","Banghazi","Baninah"
"LY","Gharyan","Bani Wazir"
"LY","Gharyan","Bani Yakhif"
"LY","Al Khums","Bani Yakhlaf"
"LY","Gharyan","Bani Yakhlaf"
"LY","Gharyan","Bani Yakhlif"
"LY","Ghadamis","Baqalah"
"LY","Ghadamis","Baqqalah"
"LY","Gharyan","Barashin"
"LY","Tubruq","Bardia"
"LY","Tubruq","Bardiyah"
"LY","Banghazi","Barka"
"LY","Ash Shati'","Barqawi"
"LY","Ash Shati'","Barqin"
"LY","Al Fatih","Battah"
"LY","Al Kufrah","Bazimah"
"LY","Murzuq","Bedan"
"LY","Ghadamis","Beggala"
"LY","Tarabulus","Belascehar"
"LY","Banghazi","Bengasi"
"LY","Banghazi","Bengazi"
"LY","Banghazi","Benghasi"
"LY","Banghazi","Benghazi"
"LY","Gharyan","Ben Iaagub"
"LY","Al Khums","Beni Hasan"
"LY","Al Khums","Beni Hsan"
"LY","Al Khums","Beni Iechlef"
"LY","Gharyan","Beni Iechlef"
"LY","Al Khums","Beni Let"
"LY","Al Khums","Beni Mislim"
"LY","Banghazi","Benina"
"LY","Gharyan","Beni Uzir"
"LY","Gharyan","Ben Mahanna"
"LY","Ghadamis","Berdj"
"LY","Banghazi","Berenice"
"LY","Ash Shati'","Bergaui"
"LY","Ash Shati'","Berghin"
"LY","Banghazi","Berka"
"LY","Ghadamis","Bghighila"
"LY","Az Zawiyah","Bianchi"
"LY","Tarabulus","Billashhir"
"LY","Tarabulus","Bin Ghashir"
"LY","Banghazi","Binghazi"
"LY","Awbari","Bint Baya"
"LY","Gharyan","Bin Yahya"
"LY","Ash Shati'","Birak"
"LY","Tubruq","Bi'R Al Ashhab"
"LY","Yafran","Bi'R Al Ghanam"
"LY","Yafran","Bi'R `Ayyad"
"LY","Ajdabiya","Bi'R Bin Ghunaymah"
"LY","Yafran","Bir El-Ghnem"
"LY","Yafran","Bir Ghnem"
"LY","Ajdabiya","Bishr"
"LY","Tubruq","Bordi Sleman"
"LY","Al Khums","Borgo Corradini"
"LY","Tarhunah","Borgo Tazzoli"
"LY","Banghazi","Borium"
"LY","Ash Shati'","Brach"
"LY","Awbari","Brech"
"LY","Tarhunah","Breviglieri"
"LY","Gharyan","Bu Aiad"
"LY","Tarabulus","Bu Al Ashhar"
"LY","Misratah","Bu'Ayrat Al Hasun"
"LY","An Nuqat Al Khams","Bu Chemmasc"
"LY","Misratah","Buerat Al-Hsun"
"LY","Misratah","Buerat"
"LY","Misratah","Buerat El-Hsun"
"LY","Gharyan","Bu Ghaylan"
"LY","Gharyan","Bu Gheilan"
"LY","Misratah","Bugrein"
"LY","Misratah","Bu Gren"
"LY","Az Zawiyah","Bu Isa"
"LY","An Nuqat Al Khams","Bu Kammash"
"LY","An Nuqat Al Khams","Bu Kemmesh"
"LY","Gharyan","Bulis Abu Ghaylah"
"LY","Misratah","Bu Ngem"
"LY","Misratah","Bu Nujaym"
"LY","Ghadamis","Buqayqilah"
"LY","Misratah","Bu Rawiyyah"
"LY","Awbari","Burayk"
"LY","Misratah","Bu Rueia"
"LY","Tarabulus","Busetta"
"LY","Tarabulus","Bu Sittah"
"LY","Tarabulus","Buslim"
"LY","Misratah","Buwayrat Al Hasun"
"LY","Gharyan","Bu Zaian"
"LY","Gharyan","Bu Zayyan"
"LY","Gharyan","Bu Zeian"
"LY","Ghadamis","Cabao"
"LY","Al Jabal Al Akhdar","Caf El-Gebeihia"
"LY","Al Jabal Al Akhdar","Caf Meias"
"LY","Banghazi","Caminus"
"LY","Gharyan","Cammun"
"LY","Banghazi","Carcura"
"LY","Banghazi","Carmet Decheilalla"
"LY","Tarabulus","Castel Benito"
"LY","Al Khums","Chalfun"
"LY","Darnah","Chersa"
"LY","Gharyan","Chicla"
"LY","Awbari","Chlef"
"LY","Sabha","Coefia"
"LY","Tarhunah","Concessione Catarella"
"LY","Al Khums","Corradini"
"LY","Misratah","Crispi"
"LY","Murzuq","Curni Eberbeidiaa"
"LY","Murzuq","Curni Ebredaa"
"LY","Al Khums","Cussabat"
"LY","Ash Shati'","Dabdab"
"LY","An Nuqat Al Khams","Dahman"
"LY","Banghazi","Dakakin Hamid"
"LY","Banghazi","Dakakin Humayd"
"LY","Al Fatih","D'Annuinzio"
"LY","Gharyan","Dannun"
"LY","Al Fatih","D'Annunzio"
"LY","Ghadamis","Daqqi"
"LY","Az Zawiyah","Dara Geddaim"
"LY","Ghadamis","Daraj"
"LY","Banghazi","Dar Al Kish"
"LY","Banghazi","Dar El-Kish"
"LY","Darnah","Darnah"
"LY","Darnah","Darnis"
"LY","Ash Shati'","Debdeb"
"LY","Ghadamis","Degghi"
"LY","Al Jabal Al Akhdar","De Martino"
"LY","Gharyan","Dennun"
"LY","Ghadamis","Derg"
"LY","Ghadamis","Derj"
"LY","Darnah","Derna"
"LY","Ghadamis","Dirj"
"LY","Yafran","Djemmari"
"LY","Murzuq","Dlem"
"LY","Banghazi","Drepanun"
"LY","Ash Shati'","Duesa"
"LY","Murzuq","Dugial"
"LY","Murzuq","Dujal"
"LY","Murzuq","Dulaym"
"LY","Yafran","Dusein"
"LY","Yafran","Dushin"
"LY","Tarabulus","Ea"
"LY","Banghazi","Ed-Dacachin"
"LY","Tarabulus","Ed-Dachla"
"LY","Gharyan","Ed Diasir"
"LY","Gharyan","Ed-Dtasir"
"LY","Ash Shati'","Ed-Duesa"
"LY","Ash Shati'","Ederi"
"LY","Ash Shati'","Edri"
"LY","Gharyan","El Aaghib"
"LY","Gharyan","El-Aauati"
"LY","Awbari","El Abiad"
"LY","Al Khums","El-Acarit"
"LY","Tubruq","El Adem"
"LY","An Nuqat Al Khams","El Agelat"
"LY","Yafran","El-Agheiba"
"LY","Ajdabiya","El Agheila"
"LY","Yafran","El-Aghiba"
"LY","Gharyan","El-Aghib"
"LY","An Nuqat Al Khams","El Ajelat"
"LY","Yafran","El-Amian"
"LY","Gharyan","El-Asabaa"
"LY","Misratah","El-Asuach"
"LY","Misratah","El Asuagh"
"LY","Murzuq","El-Auenat"
"LY","Al Aziziyah","El Azizia"
"LY","Murzuq","El Bacchi"
"LY","Murzuq","Elbarcat"
"LY","Murzuq","El Barka"
"LY","Murzuq","El Bder"
"LY","Murzuq","El Bedan"
"LY","Banghazi","El Berca"
"LY","Yafran","El-Brahma"
"LY","Ajdabiya","El-Brega"
"LY","Tarhunah","El-Buerat"
"LY","Awbari","El-Caraigh"
"LY","Awbari","El Charaigh"
"LY","Murzuq","El Chebir"
"LY","Ghadamis","El-Chebir"
"LY","Ghadamis","El-Cherba"
"LY","Yafran","El-Cherba"
"LY","Yafran","El-Chlaifa"
"LY","Al Khums","El Choms"
"LY","Yafran","El-Chzur"
"LY","Gharyan","El-Cmesciat"
"LY","Sabha","El-Coefia"
"LY","Al Khums","El-Corratia"
"LY","Yafran","El-Croma"
"LY","Gharyan","El-Culeba"
"LY","Al Jabal Al Akhdar","El-Faidia"
"LY","Al Jabal Al Akhdar","El Faldia"
"LY","Awbari","El-Fgeg"
"LY","Ghadamis","El-Fiasla"
"LY","Al Jufrah","El Fogaha"
"LY","Awbari","El-Fogar"
"LY","Yafran","El-Fuadel"
"LY","Zlitan","El-Fuatir"
"LY","Al Khums","El-Fuatir"
"LY","Banghazi","El-Fuehat"
"LY","Banghazi","El Fueihat"
"LY","Gharyan","El-Gahasat"
"LY","Yafran","El-Gataa"
"LY","Yafran","El Gata"
"LY","Murzuq","El Gatrun"
"LY","Sabha","El-Gedid"
"LY","Gharyan","El-Gehesc"
"LY","An Nuqat Al Khams","El-Gemil"
"LY","Misratah","El Ghadenia"
"LY","Misratah","El Gheddahia"
"LY","Awbari","El-Gheraia"
"LY","Misratah","El-Gheran"
"LY","Yafran","El Gherba"
"LY","Misratah","El Ghiran"
"LY","Al Khums","El-Ghlil"
"LY","Yafran","El-Ghnafid"
"LY","Gharyan","El Giaafra"
"LY","Tubruq","El-Giagbub"
"LY","Al Kufrah","El-Giof"
"LY","Zlitan","El Giumaa"
"LY","Al Khums","El-Glil"
"LY","Yafran","El-Goradiin"
"LY","Yafran","El-Goradun"
"LY","Ash Shati'","El-Gorda"
"LY","Ash Shati'","El Gordah"
"LY","Ash Shati'","El-Gotta"
"LY","Awbari","El-Greibat"
"LY","Yafran","El Gsir"
"LY","Banghazi","El-Guarscia"
"LY","Gharyan","El-Guasem"
"LY","Yafran","El Guasem"
"LY","Al Khums","El-Gusbat"
"LY","Misratah","El-Habara"
"LY","Gharyan","El Hagera"
"LY","Awbari","El Hamra"
"LY","Al Jabal Al Akhdar","El-Hania"
"LY","Ghadamis","El Haouamed"
"LY","Ghadamis","El-Haraba"
"LY","Az Zawiyah","El-Hara"
"LY","Awbari","El-Hatia"
"LY","Sawfajjin","El-Helma"
"LY","Misratah","El Hescia"
"LY","Misratah","El Hissa"
"LY","Gharyan","El-Iaaghub"
"LY","Gharyan","El-Iagghib"
"LY","Gharyan","El-Lamamisc"
"LY","Yafran","El-Maamura"
"LY","Yafran","El-Maaniin"
"LY","Gharyan","El-Magarba"
"LY","Misratah","El-Magarba"
"LY","Misratah","El-Magasba"
"LY","Misratah","El-Magauba"
"LY","Ghadamis","El-Magiabra"
"LY","Banghazi","El Magrun"
"LY","Ash Shati'","El Maharuga"
"LY","Az Zawiyah","El-Masciasta"
"LY","Murzuq","El-Melachi"
"LY","Murzuq","El-Melaghi"
"LY","Gharyan","El-Miamin"
"LY","Gharyan","El-Msufiin"
"LY","Gharyan","El-Msufun"
"LY","Gharyan","El-Mugarba"
"LY","Ajdabiya","El Shawashna"
"LY","Tarhunah","El-Ubberat"
"LY","Murzuq","Emi Madema"
"LY","Banghazi","En Nauaghia"
"LY","Banghazi","En Nauuaghia"
"LY","Yafran","En-Nedua"
"LY","Ash Shati'","En-Nuss"
"LY","Gharyan","Enzu"
"LY","Al Kufrah","`Eoj Wahs"
"LY","Gharyan","Er Rabta El Garbia"
"LY","Gharyan","Er-Rabta Esc-Scerghia"
"LY","Misratah","Er-Raedat"
"LY","Gharyan","Er-Rahba"
"LY","Awbari","Er Raheba"
"LY","Yafran","Er Rehibat"
"LY","Yafran","Er-Reihibat"
"LY","Yafran","Er-Riaina"
"LY","Yafran","Er-Rumia"
"LY","Ash Shati'","Esc'Chida"
"LY","An Nuqat Al Khams","Esc-Scech Bu Agela"
"LY","Yafran","Esc-Sceiab"
"LY","Al Khums","Esc-Sciaafiin"
"LY","Al Khums","Esc-Sciaafun"
"LY","Gharyan","Esc-Sciaatan"
"LY","Ghadamis","Esc-Sciaaua"
"LY","Yafran","Esc Sciagarna"
"LY","Yafran","Esc-Sciiab"
"LY","Ajdabiya","Esc-Sciuascena"
"LY","Gharyan","Esc-Slahat"
"LY","Banghazi","Es-Sabri"
"LY","Murzuq","Es-Sbetat"
"LY","Ghadamis","Es-Sciaada"
"LY","Ghadamis","Es-Seghir"
"LY","Gharyan","Es-Slahat"
"LY","Yafran","Es-Slamat"
"LY","Awbari","Es-Snudi"
"LY","Yafran","Es Stamat"
"LY","Gharyan","Es-Suaadia"
"LY","Gharyan","Es-Suadia"
"LY","Gharyan","Es-Suadna"
"LY","Surt","Es Sultan"
"LY","Al Kufrah","Et Tag"
"LY","Banghazi","Et Tailimun"
"LY","Awbari","Et-Tanahmu"
"LY","Awbari","Et Tassahma"
"LY","Az Zawiyah","Et-Tuebia"
"LY","Az Zawiyah","Ez Zauia"
"LY","Murzuq","Ez Zergan"
"LY","Sabha","Ez Zighen"
"LY","Murzuq","Ez Zituna"
"LY","Yafran","Ez-Zorgan"
"LY","Misratah","Ez-Zregh"
"LY","Gharyan","Ez-Zueia"
"LY","Ajdabiya","Ez Zuetina"
"LY","Al Jabal Al Akhdar","Faidia"
"LY","Ghadamis","Farsatta"
"LY","An Nuqat Al Khams","Farwah"
"LY","Ghadamis","Fasatah"
"LY","Ghadamis","Fasatan"
"LY","Gharyan","Faysalan"
"LY","Al Jufrah","Fogaha"
"LY","Tarabulus","Fondugh Ben Gascir"
"LY","Al Khums","Fondugh El-Allus"
"LY","Al Khums","Fondugh En-Naggaza"
"LY","Al Aziziyah","Fondugh Esc-Scebani"
"LY","Al Khums","Fondugh Terbana"
"LY","Murzuq","Fongul"
"LY","Ghadamis","Forsatta"
"LY","Ghadamis","Forsetta"
"LY","Sabha","Fort Leclerc"
"LY","Banghazi","Fuehat"
"LY","Al Khums","Fundug Al `Allus"
"LY","Al Khums","Funduq Al `Allus"
"LY","Al Khums","Funduq An Naqqazah"
"LY","Al Aziziyah","Funduq Ash Shaybani"
"LY","Tarabulus","Funduq Ben Ghashir"
"LY","Tarabulus","Funduq Bin Ghashir"
"LY","Al Khums","Funduq Tarbanah"
"LY","Murzuq","Funqul"
"LY","Banghazi","Fuwaihat"
"LY","Ghadamis","Gadames"
"LY","Gharyan","Gahasat"
"LY","Tubruq","Gambut"
"LY","Sabha","Garagara"
"LY","Banghazi","Garden City"
"LY","Tarabulus","Gargarech"
"LY","Tarabulus","Gargaresc"
"LY","Tarabulus","Gargaresh"
"LY","Gharyan","Garian"
"LY","Misratah","Gasr Ahmed"
"LY","Awbari","Gasr Beadebeia"
"LY","Awbari","Gasr Bendbeia"
"LY","Awbari","Gasr Berruru"
"LY","Tubruq","Gasr Cambut"
"LY","Al Khums","Gasr Chiar"
"LY","Awbari","Gasr Chlef"
"LY","Ghadamis","Gasr El-Fogani"
"LY","Ghadamis","Gasr El-Fugani"
"LY","Yafran","Gasr El Hag"
"LY","Ghadamis","Gasr El-Otani"
"LY","Tubruq","Gasr Gambut"
"LY","Gharyan","Gasr Garian"
"LY","Al Khums","Gasr Gefara"
"LY","Yafran","Gasr Iefren"
"LY","Al Khums","Gasr Kiar"
"LY","Awbari","Gasr Larocu"
"LY","Tarhunah","Gasr Tarhuna"
"LY","Ghadamis","Gasr Tecut"
"LY","Ghadamis","Gasr Tekout"
"LY","Surt","Gasr Zaafran"
"LY","Murzuq","Gat"
"LY","Murzuq","Gauat"
"LY","Az Zawiyah","Geddaim"
"LY","Gharyan","Gehesc"
"LY","Yafran","Geital"
"LY","Yafran","Gemmari"
"LY","Yafran","Gemmart"
"LY","Gharyan","Genduba"
"LY","Ghadamis","Gerigen"
"LY","Awbari","Germa"
"LY","Ghadamis","Ghadames"
"LY","Ghadamis","Ghadamis"
"LY","Sabha","Ghadduwah"
"LY","Al Khums","Ghanima"
"LY","Al Khums","Ghanimah"
"LY","Gharyan","Gharyan"
"LY","Murzuq","Ghat"
"LY","Murzuq","Ghawat"
"LY","Al Jabal Al Akhdar","Ghawt Wa Kuhuf Tuhudiyah"
"LY","Gharyan","Ghebbaa"
"LY","Misratah","Gheddahia"
"LY","Ash Shati'","Ghegam"
"LY","Banghazi","Ghemines"
"LY","Al Khums","Gherrim"
"LY","Ash Shati'","Ghira"
"LY","Ghadamis","Ghudamis"
"LY","Yafran","Ghuram"
"LY","Tubruq","Giarabub"
"LY","Banghazi","Giardina"
"LY","Gharyan","Giarfet"
"LY","Misratah","Gioda"
"LY","Al Aziziyah","Giordani"
"LY","Al Khums","Gmata"
"LY","Sabha","Goddua"
"LY","Ash Shati'","Gogam"
"LY","Ash Shati'","Gorda"
"LY","Ghadamis","Gotros"
"LY","Ash Shati'","Gotta"
"LY","Banghazi","Gouaraha"
"LY","Banghazi","Gouarsha"
"LY","Misratah","Grara"
"LY","Ghadamis","Gsar Tecut"
"LY","Banghazi","Guarscia"
"LY","Gharyan","Guasem"
"LY","Gharyan","Guassem"
"LY","Gharyan","Gugila"
"LY","Ash Shati'","Gurda"
"LY","Tarabulus","Gurghi"
"LY","Tarabulus","Gurgi"
"LY","Misratah","Habara"
"LY","Sabha","Hagiara"
"LY","Murzuq","Hammera"
"LY","Az Zawiyah","Haraf Az Zawiyah"
"LY","Az Zawiyah","Harat Az Zawiyah"
"LY","Gharyan","Harqah"
"LY","Banghazi","Hawsh Ash Shuwayyim"
"LY","Banghazi","Hawsh As Suwaym"
"LY","Banghazi","Hawsh Warid"
"LY","Tarabulus","Hay Al Andalus"
"LY","Tarabulus","Hayy Al Andalus"
"LY","Murzuq","Heg' Agel"
"LY","Murzuq","Heg' Hagel"
"LY","Banghazi","Hesperides"
"LY","Sabha","Hijarah"
"LY","Al Khums","Homs"
"LY","Al Jufrah","Hon"
"LY","Al Khums","Hosc Ben Hnedi"
"LY","Banghazi","Hosc Uared"
"LY","Murzuq","Hummayrah"
"LY","Al Jufrah","Hun"
"LY","Yafran","Iefren"
"LY","Tubruq","`Ikrimah"
"LY","Al Khums","Imumen"
"LY","Yafran","Iner"
"LY","Yafran","Inir"
"LY","Yafran","Iniyah"
"LY","Yafran","Irmabhat Az Zintan"
"LY","Zlitan","Isliten"
"LY","Zlitan","Izliten"
"LY","Az Zawiyah","Jadda'Im"
"LY","Tubruq","Jaghbub"
"LY","Yafran","Jamarah"
"LY","Yafran","Jammarah"
"LY","Gharyan","Jandubah"
"LY","Az Zawiyah","Janzur"
"LY","Banghazi","Jardinah"
"LY","Ghadamis","Jarijan"
"LY","Awbari","Jarmah"
"LY","Yafran","Jaytal"
"LY","Yafran","Jefren"
"LY","Az Zawiyah","Jud Da'Im"
"LY","Yafran","Jummari"
"LY","Al Aziziyah","Jurdani"
"LY","Gharyan","Ka`Am"
"LY","Ghadamis","Kabaw"
"LY","Al Jabal Al Akhdar","Kaf Miyas"
"LY","Al Jabal Al Akhdar","Kahf Miyas"
"LY","Banghazi","Kamb Al `Ajjaj"
"LY","Tubruq","Kambut"
"LY","Gharyan","Kammun"
"LY","Gharyan","Kamun"
"LY","Banghazi","Karkurah"
"LY","Banghazi","Karmat Dukhayl Allah"
"LY","Darnah","Karsah"
"LY","Murzuq","Kaurni Ebere Dea"
"LY","Al Khums","Khalfun"
"LY","Al Khums","Khoms"
"LY","Awbari","Khulayf"
"LY","Al Khums","Ki`Am"
"LY","Gharyan","Ki`Am"
"LY","Al Khums","Kiar"
"LY","Gharyan","Kiklah"
"LY","Darnah","Kirissah"
"LY","Murzuq","Kourni Ebere Dea"
"LY","Al Jabal Al Akhdar","Kuhuf Tuhudiyah"
"LY","Banghazi","Kurkurah"
"LY","Al Khums","Labdah"
"LY","Tarabulus","Lahmidiyah"
"LY","Ghadamis","Lalut"
"LY","Az Zawiyah","Lamayah"
"LY","Al Khums","Lawatah"
"LY","Al Khums","Lebda"
"LY","Az Zawiyah","Lmaia"
"LY","Al Khums","Luata"
"LY","Al Jabal Al Akhdar","Luigi Razza"
"LY","Murzuq","Maafen"
"LY","Az Zawiyah","Maamura"
"LY","Surt","Macomades-Euphranta"
"LY","Tubruq","Madinat Bayad"
"LY","Al Jufrah","Madinat Hun"
"LY","Misratah","Madinat Misratah"
"LY","An Nuqat Al Khams","Madinat Sabratah"
"LY","Murzuq","Madrusah"
"LY","Murzuq","Ma`Fan"
"LY","Murzuq","Magedul"
"LY","Murzuq","Maghwah"
"LY","Banghazi","Magrun"
"LY","Murzuq","Magua"
"LY","Murzuq","Majdul"
"LY","Banghazi","Makhazin Al Birkat"
"LY","Al Jabal Al Akhdar","Mameli"
"LY","Ajdabiya","Manazil Maftah Al Kara`Iyah"
"LY","Ajdabiya","Manazil Miftah Al Kara`Iyah"
"LY","Az Zawiyah","Mantaqat Al Hashshan"
"LY","Al Khums","Mantiqat Al Ghanimah"
"LY","Banghazi","Mantiqat Al Lathamah"
"LY","Al Khums","Mantiqat Zawiyat As Samah"
"LY","Al Khums","Mantiqat Zawiyat Sidi `Atiyah"
"LY","Ajdabiya","Maradah"
"LY","Ajdabiya","Marada"
"LY","Tarhunah","Marconi"
"LY","Gharyan","Markaz Bu Ghaylan"
"LY","Ghadamis","Marqas"
"LY","Ghadamis","Marqus"
"LY","Ajdabiya","Marsa Al Burayqah"
"LY","Ajdabiya","Marsa Brega"
"LY","Ajdabiya","Marsa Bregha"
"LY","Ajdabiya","Marsa El Brega"
"LY","Ajdabiya","Marsa Uasili"
"LY","Darnah","Martubah"
"LY","Darnah","Martuba"
"LY","Gharyan","Marwan"
"LY","Yafran","Maryan"
"LY","Murzuq","Marzuq"
"LY","Al Khums","Masindarah"
"LY","Al Jabal Al Akhdar","Massah"
"LY","Gharyan","Masufin"
"LY","Sabha","Ma`Tan As Sarah"
"LY","Yafran","Mazghurah"
"LY","Tarhunah","Mazra`At Kataraylla"
"LY","Tarhunah","Mazra`At Katarilla"
"LY","Tarhunah","Mazra`At Saqil"
"LY","Tarhunah","Mazra`At Titanu"
"LY","Murzuq","Medrusa"
"LY","Murzuq","Melaki"
"LY","Ghadamis","Merghes"
"LY","Gharyan","Meruan"
"LY","Murzuq","Meseguin"
"LY","Murzuq","Mesegwin"
"LY","Murzuq","Meseqwin"
"LY","Yafran","Mesghoura"
"LY","Al Jabal Al Akhdar","Messa"
"LY","Yafran","Mezgura"
"LY","Gharyan","Miamin"
"LY","Al Jufrah","Miani"
"LY","Tarabulus","Miani"
"LY","Zlitan","Mintaqat Ad Daghdughi"
"LY","Al Khums","Mintaqat Al Ghanimah"
"LY","Az Zawiyah","Mintaqat Al Hashshan"
"LY","Banghazi","Mintaqat Al Lathamah"
"LY","Surt","Mintaqat Wadi Harawah"
"LY","Al Khums","Mintaqat Zawiyat As Samah"
"LY","Al Khums","Mintaqat Zawiyat Sidi `Atiyah"
"LY","Gharyan","Misca"
"LY","Gharyan","Miskah"
"LY","Murzuq","Misquwin"
"LY","Misratah","Misratah"
"LY","Misratah","Misurata"
"LY","Murzuq","Mourzouk"
"LY","Al Khums","Msindara"
"LY","Tarabulus","Mu`Askar Al `Aziziyah"
"LY","Tarabulus","Mu`Askar Jalu"
"LY","Tarabulus","Mudiriyat Sidi As Sa'Ih"
"LY","Tarhunah","Muhayyah"
"LY","Murzuq","Murzuch"
"LY","Murzuq","Murzuq"
"LY","Tubruq","Musa`Id"
"LY","Yafran","Nadbas"
"LY","Gharyan","Nagur"
"LY","Zlitan","Na`Imah"
"LY","Zlitan","Naima"
"LY","Ghadamis","Nalut"
"LY","Yafran","Nedbas"
"LY","Misratah","Ngem"
"LY","Tubruq","Nuqtat Al Khattabiyah"
"LY","Az Zawiyah","Oasi Di Geddaim"
"LY","Az Zawiyah","Oasi Di Lmaia"
"LY","Tarabulus","Oea"
"LY","Az Zawiyah","Oliveti"
"LY","Yafran","Ouifat"
"LY","Gharyan","Pabta"
"LY","Tubruq","Petras Maior"
"LY","An Nuqat Al Khams","Pisida"
"LY","Ajdabiya","Port Brega"
"LY","Al Kufrah","Posto Trucchi"
"LY","Gharyan","Qabilah"
"LY","Gharyan","Qabilat Abu Sahamah"
"LY","Zlitan","Qabilat Al `Abadilah"
"LY","Zlitan","Qabilat Al `Abadinah"
"LY","Gharyan","Qabilat Al Abqar"
"LY","Al Khums","Qabilat Al Afadil"
"LY","Al Khums","Qabilat Al `Amariyin"
"LY","Al Khums","Qabilat Al `Aql"
"LY","Zlitan","Qabilat Al `Atayah"
"LY","Zlitan","Qabilat Al `Ataya"
"LY","Zlitan","Qabilat Al Fawatir"
"LY","Al Khums","Qabilat Al Fawatir"
"LY","Gharyan","Qabilat Al Hajj `Umran"
"LY","Gharyan","Qabilat Al Haj `Umran"
"LY","Zlitan","Qabilat Al Hurmah"
"LY","Al Khums","Qabilat Al Jawabir"
"LY","Al Khums","Qabilat Al Kararitah"
"LY","Al Khums","Qabilat Al Karawinah"
"LY","Al Khums","Qabilat Al Khums"
"LY","Al Khums","Qabilat Al Luffaziâ§il"
"LY","Misratah","Qabilat Al Mala'Itah"
"LY","Misratah","Qabilat Al Malayitah"
"LY","Misratah","Qabilat Al Maqsabah"
"LY","Az Zawiyah","Qabilat Al Mashashitah"
"LY","Az Zawiyah","Qabilat Al Mishashtah"
"LY","Tarhunah","Qabilat Al Mu`Ammariyin"
"LY","Tarhunah","Qabilat Al Mu`Ammiriyyin"
"LY","Al Khums","Qabilat Al Qalil"
"LY","Al Khums","Qabilat Al Qanawat"
"LY","Misratah","Qabilat Al Qazzir"
"LY","Gharyan","Qabilat An Nattatat"
"LY","Al Khums","Qabilat Ar Radadah"
"LY","Al Khums","Qabilat Ar Raghah"
"LY","Gharyan","Qabilat Ar Rahbah"
"LY","Gharyan","Qabilat Ar Rahban"
"LY","Zlitan","Qabilat Ar Rahumat"
"LY","Gharyan","Qabilat Ar Raqa'Iqiyah"
"LY","Al Khums","Qabilat Ash Sha`Afiyin"
"LY","Al Khums","Qabilat Ash Shi`Afiyin"
"LY","Al Khums","Qabilat Ash Shurfah"
"LY","Al Khums","Qabilat Ash Shurtah"
"LY","Zlitan","Qabilat Ash Shutaywiyah"
"LY","Zlitan","Qabilat As Saqu`"
"LY","Az Zawiyah","Qabilat Awlad Abu Sahayyarah"
"LY","Gharyan","Qabilat Awlad Abu Salamah"
"LY","Az Zawiyah","Qabilat Awlad Abu Suhayyirah"
"LY","Yafran","Qabilat Awlad `Amir"
"LY","Al Khums","Qabilat Awlad `Arif"
"LY","Yafran","Qabilat Awlad As Saghir"
"LY","Misratah","Qabilat Awlad Ath Thamad"
"LY","Misratah","Qabilat Awlad Ba`Ayyu"
"LY","Az Zawiyah","Qabilat Awlad Bin Ahmad"
"LY","Yafran","Qabilat Awlad Bu Husayn"
"LY","Tarabulus","Qabilat Awlad Dhiyab"
"LY","Tarabulus","Qabilat Awlad Diyab"
"LY","Misratah","Qabilat Awlad Hamid"
"LY","Al Khums","Qabilat Awlad `Isa"
"LY","Misratah","Qabilat Awlad Itamid"
"LY","Gharyan","Qabilat Awlad `Izaz"
"LY","Yafran","Qabilat Awlad Jabir"
"LY","Az Zawiyah","Qabilat Awlad Rin Ahmad"
"LY","Al Khums","Qabilat Awlad `Umar"
"LY","Al Khums","Qabilat Awlad Za'Id"
"LY","Gharyan","Qabilat Az Zaribah"
"LY","Gharyan","Qabilat Badarthan"
"LY","Gharyan","Qabilat Badrah"
"LY","Al Khums","Qabilat Bani Layth"
"LY","Al Khums","Qabilat Bani Musallam"
"LY","Al Khums","Qabilat Bani Salim"
"LY","Tarabulus","Qabilat Dajibitah"
"LY","Zlitan","Qabilat Dirsunah"
"LY","Al Khums","Qabilat Indarah"
"LY","Al Khums","Qabilat Lawatah"
"LY","Al Khums","Qabilat Liwatah"
"LY","Misratah","Qabilat Mantar"
"LY","Gharyan","Qabilat"
"LY","Gharyan","Qabilat Quba`"
"LY","Al Khums","Qabilat Salimah"
"LY","Al Khums","Qabilat Salmah"
"LY","Gharyan","Qabilat Saqin"
"LY","Al Khums","Qabilat Silin"
"LY","Tarhunah","Qabilat Suq Ad Dawun"
"LY","Ghadamis","Qabilat Takut"
"LY","Al Khums","Qabilat Wadinah"
"LY","Al Khums","Qabilat Wadnah"
"LY","Yafran","Qabilat Warjin"
"LY","Al Khums","Qabilat Za`Faran"
"LY","Banghazi","Qaminis"
"LY","Al Jabal Al Akhdar","Qandulah"
"LY","Gharyan","Qarbat Al Bayda'"
"LY","Tarabulus","Qarqarish"
"LY","Al Khums","Qarrim"
"LY","Banghazi","Qartah"
"LY","Gharyan","Qaryat Abu `Ayyad"
"LY","Misratah","Qaryat Abu Nujaym"
"LY","Misratah","Qaryat Abu Qurayn"
"LY","Misratah","Qaryat Abu Sharwal"
"LY","Misratah","Qaryat Ad Dababisah"
"LY","Misratah","Qaryat Ad Dababish"
"LY","Gharyan","Qaryat Ad Dararifah"
"LY","Zlitan","Qaryat Ad Dawa'Irah"
"LY","Tubruq","Qaryat Al `Amamah"
"LY","Gharyan","Qaryat Al `Amruni"
"LY","Misratah","Qaryat Al `Awa'Idah"
"LY","Tarabulus","Qaryat Al Baladiyah"
"LY","Yafran","Qaryat Al Barahimah"
"LY","Banghazi","Qaryat Al Barakat"
"LY","Gharyan","Qaryat Al Bayda'"
"LY","Al Fatih","Qaryat Al Bayyadah"
"LY","Banghazi","Qaryat Al Birkat"
"LY","Al Jabal Al Akhdar","Qaryat Al Fa'Idiyah"
"LY","Ghadamis","Qaryat Al Fayasilah"
"LY","Banghazi","Qaryat Al Ghadarah"
"LY","Banghazi","Qaryat Al Ghadrah"
"LY","Misratah","Qaryat Al Ghawil"
"LY","Misratah","Qaryat Al Ghut"
"LY","Misratah","Qaryat Al Habarah"
"LY","Yafran","Qaryat Al Halayifah"
"LY","Banghazi","Qaryat Al Halibiyah"
"LY","Yafran","Qaryat Al Hama'Imah"
"LY","Yafran","Qaryat Al Hamayimah"
"LY","Al Khums","Qaryat Al Hanadah"
"LY","Al Khums","Qaryat Al Hawayjat"
"LY","Al Khums","Qaryat Al Huwayjat"
"LY","Tubruq","Qaryat Al `Imamah"
"LY","Misratah","Qaryat Al Ja`Afirah"
"LY","Misratah","Qaryat Al Jataliwah"
"LY","Gharyan","Qaryat Al Kamshat"
"LY","Banghazi","Qaryat Al Karmah"
"LY","Misratah","Qaryat Al Karran"
"LY","Yafran","Qaryat Al Khirbah"
"LY","Yafran","Qaryat Al Ma`Anin"
"LY","Misratah","Qaryat Al Magharibah"
"LY","Misratah","Qaryat Al Mahjub"
"LY","Banghazi","Qaryat Al Majaris"
"LY","Banghazi","Qaryat Al Malihah"
"LY","Yafran","Qaryat Al Ma`Nin"
"LY","Gharyan","Qaryat Al Mayamin"
"LY","Misratah","Qaryat Al Qaddahiyah"
"LY","Yafran","Qaryat Al Qat`"
"LY","Banghazi","Qaryat Al Qawarishah"
"LY","Gharyan","Qaryat Al Qawasim"
"LY","Misratah","Qaryat Al Qusaybat"
"LY","Misratah","Qaryat Al Tawalikiyah"
"LY","Banghazi","Qaryat Al `Unayzi"
"LY","Misratah","Qaryat Al Wafawat"
"LY","Zlitan","Qaryat Al Wiqayyat"
"LY","Zlitan","Qaryat Al Wuqayyat"
"LY","Yafran","Qaryat An Nadwah"
"LY","Ghadamis","Qaryat An Nushayh"
"LY","Gharyan","Qaryat `Arifah"
"LY","Misratah","Qaryat Ar Ra`Itat"
"LY","Misratah","Qaryat Ar Ramlah"
"LY","Misratah","Qaryat Ar Ru'Aysat"
"LY","Misratah","Qaryat Ar Rus"
"LY","Misratah","Qaryat Ar Ru'Us"
"LY","Misratah","Qaryat Ar Ruwaysat"
"LY","Misratah","Qaryat As As Sawabiyah"
"LY","Misratah","Qaryat As Sabaykhat"
"LY","Misratah","Qaryat As Sawadaq"
"LY","Misratah","Qaryat As Sawadiq"
"LY","Misratah","Qaryat As Sawagibah"
"LY","Misratah","Qaryat As Subaykhat"
"LY","Misratah","Qaryat As Suwak `Ayn Ghulu"
"LY","Misratah","Qaryat As Suwwak `Ayn Ghuluww"
"LY","Banghazi","Qaryat At Taribjah"
"LY","Tubruq","Qaryat At Tayrah"
"LY","Misratah","Qaryat Awla Bin Shayyah"
"LY","Misratah","Qaryat Awlad Abu Sha``Alah"
"LY","Misratah","Qaryat Awlad Dhu'Ayb"
"LY","Misratah","Qaryat Awlad Duwab"
"LY","Gharyan","Qaryat Awlad Jama`Ah"
"LY","Misratah","Qaryat `Ayn Abu Ghulah"
"LY","Misratah","Qaryat `Ayn Abu Shaybah"
"LY","Misratah","Qaryat `Ayn Al Kabir"
"LY","Misratah","Qaryat `Ayn Al Madham"
"LY","Misratah","Qaryat `Ayn Az Zay"
"LY","Misratah","Qaryat `Ayn Az Zayt"
"LY","Misratah","Qaryat `Ayn Bilqayid"
"LY","Misratah","Qaryat `Ayn Bu Al Qa'Id"
"LY","Misratah","Qaryat `Ayn Fakrunah"
"LY","Misratah","Qaryat `Ayn Kurayyim"
"LY","Misratah","Qaryat `Ayn Makhluf"
"LY","Tubruq","Qaryat `Ayt Zaydan"
"LY","Yafran","Qaryat Az Zargan"
"LY","Misratah","Qaryat Az Zarrog"
"LY","Misratah","Qaryat Az Zarrug"
"LY","Misratah","Qaryat Az Zarruq"
"LY","Misratah","Qaryat Az Zuraygi"
"LY","Misratah","Qaryat Az Zurayqi"
"LY","Ajdabiya","Qaryat Az Zuwaytinah"
"LY","Misratah","Qaryat Ballalah"
"LY","Al Khums","Qaryat Bani Musallam"
"LY","Ajdabiya","Qaryat Bashir"
"LY","Al Fatih","Qaryat Battah"
"LY","Al Khums","Qaryat Bin Hasan"
"LY","Sawfajjin","Qaryat Bin Tallis"
"LY","Sawfajjin","Qaryat Bin Tillis"
"LY","Ajdabiya","Qaryat Bishr"
"LY","Banghazi","Qaryat Bu Fakhirah"
"LY","Banghazi","Qaryat Bu Fakirah"
"LY","Misratah","Qaryat Bu Rawayyah"
"LY","Misratah","Qaryat Bu Ruwayyah"
"LY","Misratah","Qaryat Dajajirah"
"LY","Misratah","Qaryat Dijajirah"
"LY","Al Khums","Qaryat Hanshir Al Budur"
"LY","Misratah","Qaryat Hasan Al Hajj"
"LY","Misratah","Qaryat Hasan Al Haj"
"LY","Al Khums","Qaryat Hinsir Al Budawr"
"LY","Misratah","Qaryat Isma`Il"
"LY","Tubruq","Qaryat `It Zaydan"
"LY","Banghazi","Qaryat Jardinah"
"LY","Yafran","Qaryat Jital"
"LY","Tubruq","Qaryat Maqrun"
"LY","Gharyan","Qaryat Marwan"
"LY","Yafran","Qaryat Mazghurah"
"LY","Yafran","Qaryat Mazqhurah"
"LY","Yafran","Qaryat Mazqurah"
"LY","Gharyan","Qaryat Murwan"
"LY","Gharyan","Qaryat Nabukar"
"LY","Yafran","Qaryat Nadbas"
"LY","Banghazi","Qaryat Qanfudah"
"LY","Misratah","Qaryat Qararah"
"LY","Gharyan","Qaryat Qarat"
"LY","Banghazi","Qaryat Qaryunas"
"LY","Banghazi","Qaryat Qaryunis"
"LY","Al Jabal Al Akhdar","Qaryat Qimadah"
"LY","Al Jabal Al Akhdar","Qaryat Qirnadah"
"LY","Banghazi","Qaryat Qunfudhah"
"LY","Misratah","Qaryat Ra'S Abu Hammar"
"LY","Misratah","Qaryat Ra'S `Alii"
"LY","Misratah","Qaryat Ra'S Ath Thumah"
"LY","Misratah","Qaryat Ra'S At Tumah"
"LY","Misratah","Qaryat Rufaydah"
"LY","Misratah","Qaryat Rutaydah"
"LY","Banghazi","Qaryat Salug"
"LY","Banghazi","Qaryat Saluq"
"LY","Misratah","Qaryat Sa`Ud"
"LY","Al Jufrah","Qaryat Sawwan"
"LY","Misratah","Qaryat Sur Al `Ud"
"LY","Misratah","Qaryat Sur A`Rabi"
"LY","Misratah","Qaryat Sur I`Rabi"
"LY","Misratah","Qaryat Su`Ud"
"LY","Misratah","Qaryat Taminah"
"LY","Ghadamis","Qaryat T"
"LY","Ghadamis","Qaryat Tunin"
"LY","Al Jabal Al Akhdar","Qaryat `Umar Al Mukhtar"
"LY","Banghazi","Qaryat Umm Ad Dananir"
"LY","Banghazi","Qaryat Umm As Safa'"
"LY","Banghazi","Qaryat Umm As Safri'"
"LY","Yafran","Qasabat `Akkah"
"LY","Yafran","Qasabat Madi"
"LY","Ghadamis","Qasbat Dhiyab"
"LY","Misratah","Qasr Ahmad Al Bahriyah"
"LY","Misratah","Qasr Ahmad Al Qibliyah"
"LY","Misratah","Qasr Ahmad"
"LY","Ajdabiya","Qasr Al Buraygah"
"LY","Ajdabiya","Qasr Al Burayqah"
"LY","Ghadamis","Qasr Al Fawqani"
"LY","Yafran","Qasr Al Hajj"
"LY","Yafran","Qasr Al Haj"
"LY","Tubruq","Qasr Al Jadi"
"LY","Tubruq","Qasr Al Jady"
"LY","Al Khums","Qasr Al Jifarah"
"LY","Banghazi","Qasr Al `Urayyid"
"LY","Ghadamis","Qasr Al Wat'Ani"
"LY","Awbari","Qasr Barruru"
"LY","Awbari","Qasr Bin Dubay`Ah"
"LY","Awbari","Qasr Bint Bayyah"
"LY","Al Khums","Qasr Khivak"
"LY","Al Khums","Qasr Khiyar"
"LY","Awbari","Qasr Khulayf"
"LY","Tubruq","Qasr Kunbuth"
"LY","Awbari","Qasr Larocu"
"LY","Surt","Qasr Sirt"
"LY","Ghadamis","Qasr Takut"
"LY","Tarhunah","Qasr Tarhunah"
"LY","Surt","Qasr Za`Faran"
"LY","Murzuq","Qawat"
"LY","Ash Shati'","Qayqam"
"LY","Ash Shati'","Qirah"
"LY","Al Jabal Al Akhdar","Qirnadah"
"LY","Al Khums","Qirrim"
"LY","Gharyan","Quba`"
"LY","Tarabulus","Qurji"
"LY","Ash Shati'","Quttah"
"LY","Gharyan","Quwayjilah"
"LY","Gharyan","Rabha"
"LY","Gharyan","Rabta El-Garbia"
"LY","Gharyan","Rabta"
"LY","Gharyan","Rahba"
"LY","Yafran","Rapta"
"LY","Yafran","Raqraq"
"LY","An Nuqat Al Khams","Ra'S Ajdir"
"LY","An Nuqat Al Khams","Ras Ajdyer"
"LY","Misratah","Ras Ali"
"LY","Al Jabal Al Akhdar","Razza"
"LY","Ghadamis","Reggala"
"LY","Yafran","Regregh"
"LY","Yafran","Regreg"
"LY","Ghadamis","Rhadames"
"LY","Murzuq","Rhat"
"LY","Yafran","Riaina"
"LY","Banghazi","Ri'Asat Difa` Barqah"
"LY","Yafran","Rumia"
"LY","Sabha","Sabhah"
"LY","Sabha","Sabha"
"LY","An Nuqat Al Khams","Sabrah"
"LY","An Nuqat Al Khams","Sabra"
"LY","An Nuqat Al Khams","Sabratah"
"LY","An Nuqat Al Khams","Sabratha"
"LY","Banghazi","Sabri"
"LY","Gharyan","Sadrus"
"LY","Al Jabal Al Akhdar","Salantah"
"LY","Al Khums","Salimah"
"LY","Sabha","Samnu"
"LY","Ghadamis","Saniet Forsatta"
"LY","Ghadamis","Saniyat Farsatta"
"LY","Murzuq","Sardalas"
"LY","Murzuq","Sardalis"
"LY","Banghazi","Sawani Al Qawarishah"
"LY","Al Aziziyah","Sawani Bin Adam"
"LY","Tarabulus","Sawani Qurji"
"LY","Al Jufrah","Sawkanah"
"LY","Al Jufrah","Sawknah"
"LY","Yafran","Scegarna"
"LY","Al Khums","Sciaafiin"
"LY","Ghadamis","Sciaaua"
"LY","Ghadamis","Sciaua"
"LY","Sabha","Sebhah"
"LY","Sabha","Sebha"
"LY","Gharyan","Sedrures"
"LY","Al Khums","Selma"
"LY","Sabha","Semnu"
"LY","Murzuq","Serdeles"
"LY","Surt","Sert"
"LY","Tarabulus","Shatal Al Ghabat"
"LY","Ghadamis","Sha`Wah"
"LY","Ghadamis","Sha`Wa'"
"LY","Gharyan","Sichin"
"LY","Banghazi","Sidi Abd El Magrun"
"LY","Banghazi","Sidi Ahmad Al Maqrun"
"LY","Banghazi","Sidi Ahmed El-Magrun"
"LY","Awbari","Sidi `Ali"
"LY","Banghazi","Sidi Amed El Magrun"
"LY","Tarabulus","Sidi As Sa'Ih"
"LY","Tarhunah","Sidi As Sayd"
"LY","Tarhunah","Sidi As Sid"
"LY","An Nuqat Al Khams","Sidi Bu Agela"
"LY","Banghazi","Sidi Dawud"
"LY","Darnah","Sidi El-Tmimi"
"LY","Banghazi","Sidi Magrun"
"LY","Gharyan","Sighin"
"LY","Gharyan","Sikin"
"LY","Al Khums","Silin"
"LY","Ghadamis","Sinauen"
"LY","Ghadamis","Sinawan"
"LY","Ghadamis","Sinawin"
"LY","Ghadamis","Sinnawin"
"LY","Surt","Sirte"
"LY","Surt","Sirt"
"LY","Yafran","Slamat"
"LY","Al Jabal Al Akhdar","Slontah"
"LY","Al Jabal Al Akhdar","Slonta"
"LY","Al Jufrah","Socna"
"LY","Al Jufrah","Soknah"
"LY","Banghazi","Soluch"
"LY","Banghazi","Solugh"
"LY","Az Zawiyah","Sorman"
"LY","Misratah","Suad"
"LY","Al Aziziyah","Suani Ben Adem"
"LY","Tarabulus","Suani Gurgi"
"LY","Zlitan","Subgoli"
"LY","Tarabulus","Sugh El Ahad"
"LY","Al Khums","Sugh El-Chmis"
"LY","Zlitan","Sugh El-Giumaa"
"LY","Tarabulus","Sugh El Giumaa"
"LY","Tarabulus","Suk El Giuma"
"LY","Al Jufrah","Suknah"
"LY","Ajdabiya","Sultan"
"LY","Surt","Sultan"
"LY","Al Jabal Al Akhdar","Suluntah"
"LY","Banghazi","Suluq"
"LY","An Nuqat Al Khams","Suq Ad Dawawdah"
"LY","An Nuqat Al Khams","Suq Ad Dawawidah"
"LY","Tarabulus","Suq Al Ahad"
"LY","Tubruq","Suq Al `Ajaj"
"LY","An Nuqat Al Khams","Suq Al `Alaliqah"
"LY","An Nuqat Al Khams","Suq Al `Alalqah"
"LY","Tarhunah","Suq Al Jum`Ah"
"LY","Zlitan","Suq Al Jum`Ah"
"LY","Tarabulus","Suq Al Jum`Ah"
"LY","Tarabulus","Suq Al-Jum'A"
"LY","Al Khums","Suq Al Khamis"
"LY","An Nuqat Al Khams","Suq Al `Ujaylat"
"LY","Tarhunah","Suq Qamatah Al Gharbiyah"
"LY","Az Zawiyah","Surman"
"LY","Surt","Surt"
"LY","Al Aziziyah","Suwani Bin Yadim"
"LY","Gharyan","Tabadut"
"LY","Gharyan","Tabalut"
"LY","Gharyan","Tacbal"
"LY","Yafran","Taghimah"
"LY","Yafran","Taghmah"
"LY","Gharyan","Taghrinah"
"LY","Gharyan","Taghrinnah"
"LY","Tarabulus","Tagiura"
"LY","Awbari","Taglin"
"LY","Yafran","Tagma"
"LY","Murzuq","Tajarhi"
"LY","Tarabulus","Tajurah"
"LY","Tarabulus","Tajura'"
"LY","Gharyan","Takbal"
"LY","Ghadamis","Talat"
"LY","Sabha","Tamanhant"
"LY","Sabha","Tamanhint"
"LY","Yafran","Tamazdah"
"LY","Misratah","Taminah"
"LY","Misratah","Tamina"
"LY","Ghadamis","Tamlushayit"
"LY","Ghadamis","Tamnascia"
"LY","Ghadamis","Tamnusciait"
"LY","Ash Shati'","Tamzanah"
"LY","Ash Shati'","Tamzana"
"LY","Ash Shati'","Tamzaua"
"LY","Ash Shati'","Tamzawah"
"LY","Ghadamis","Tamzin"
"LY","Ghadamis","Tandammirah"
"LY","Ghadamis","Tandimirrah"
"LY","Ghadamis","Tandimmirah"
"LY","Ghadamis","Tannushat"
"LY","Murzuq","Taqqrutin"
"LY","Tarabulus","Tarables"
"LY","Tarabulus","Tarabulus Al Gharb"
"LY","Tarabulus","Tarabulus Bab Qarqarish"
"LY","Tarabulus","Tarabulus El Gharb"
"LY","Tarabulus","Tarabulus"
"LY","Murzuq","Taraghin"
"LY","Murzuq","Tarbu"
"LY","Tarhunah","Tarhunah"
"LY","Tarhunah","Tarhuna"
"LY","Ghadamis","Tarkah"
"LY","Ash Shati'","Tarut"
"LY","Murzuq","Tasawah"
"LY","Awbari","Taschin"
"LY","Misratah","Tauorga"
"LY","Misratah","Tawargha'"
"LY","Misratah","Tawurghah"
"LY","Misratah","Tawurgha'"
"LY","Banghazi","Taykah"
"LY","Yafran","Tazmarayit"
"LY","Yafran","Tazmerait"
"LY","Tarhunah","Tazzoli"
"LY","Gharyan","Tbadut"
"LY","Gharyan","Tebadut"
"LY","Murzuq","Tegerhi"
"LY","Murzuq","Teggrutia"
"LY","Murzuq","Teggrutin"
"LY","Gharyan","Tegrinna"
"LY","Sabha","Temenhint"
"LY","Ghadamis","Temlouchait"
"LY","Ghadamis","Temlusceit"
"LY","Ghadamis","Temlusciait"
"LY","Ghadamis","Tendemmira"
"LY","Murzuq","Terbu"
"LY","Murzuq","Tesaua"
"LY","Murzuq","Tesawa"
"LY","Ghadamis","Tfalfalt"
"LY","Ghadamis","Tfelfelt"
"LY","Ghadamis","Tfelfet"
"LY","Al Khums","Thursday Market"
"LY","Gharyan","Tighrinnah"
"LY","Gharyan","Tigrinna"
"LY","Banghazi","Tikah"
"LY","Banghazi","Tilimun"
"LY","Ash Shati'","Tinissan"
"LY","Ghadamis","Tinzaght"
"LY","Ghadamis","Tinzegt"
"LY","Gharyan","Tiqrinnah"
"LY","Ghadamis","Tirakt"
"LY","Ghadamis","Tirect"
"LY","Ghadamis","Tirekt"
"LY","Yafran","Tizimrayit"
"LY","Murzuq","Tmassah"
"LY","Yafran","Tmazda"
"LY","Murzuq","Tmessa"
"LY","Yafran","Tmezda"
"LY","Darnah","Tmimi"
"LY","Ash Shati'","Tmisan"
"LY","Yafran","Tmisda"
"LY","Ash Shati'","Tmissan"
"LY","Tubruq","Tobruch"
"LY","Tubruq","Tobruck"
"LY","Tubruq","Tobruk"
"LY","Misratah","Torga"
"LY","Ghadamis","Tounine"
"LY","Al Kufrah","Touzougou"
"LY","Murzuq","Traghan"
"LY","Murzuq","Traghen"
"LY","Tarabulus","Tripoli"
"LY","Murzuq","Tsawah"
"LY","Tubruq","Tubruq"
"LY","Awbari","Tuiua"
"LY","Murzuq","Tuiui"
"LY","Ghadamis","Tunin"
"LY","Awbari","Tuosc"
"LY","Awbari","Tuose"
"LY","Awbari","Tuschin"
"LY","Awbari","Tuskin"
"LY","Murzuq","Tuwiwi"
"LY","Al Kufrah","Tuzuga"
"LY","Al Kufrah","Tuzugu"
"LY","Al Jufrah","Uaddan"
"LY","Al Khums","Uadna"
"LY","Murzuq","Uau El Chebir"
"LY","Ghadamis","Uazzen"
"LY","Awbari","Ubari"
"LY","Ash Shati'","Uenzerich"
"LY","Yafran","Uenziref"
"LY","Yafran","Uifat"
"LY","Yafran","Ulad Abd El-Mola"
"LY","Yafran","Ulad Ali"
"LY","Gharyan","Ulad Amor"
"LY","Gharyan","Ulad Bu Ras"
"LY","Gharyan","Ulad Bu Slama"
"LY","Yafran","Ulad Chalfalla"
"LY","Yafran","Ulad Chalifa"
"LY","Yafran","Ulad Chlifa"
"LY","Gharyan","Ulad Glali"
"LY","Gharyan","Ulad Isa"
"LY","Yafran","Ulad Iusef"
"LY","Ghadamis","Ulad Mahmud"
"LY","Yafran","Ulad Rian"
"LY","Gharyan","Ulad Said"
"LY","Gharyan","Ulad Salem"
"LY","Gharyan","Ulad Tacbal"
"LY","Sawfajjin","Ulad Tellis"
"LY","Al Jabal Al Akhdar","`Umar Al Mukhtar"
"LY","Sabha","Umm Al `Abid"
"LY","Sabha","Umm Al Ahrar"
"LY","Murzuq","Umm Al Aranib"
"LY","Murzuq","Umm Al Hamam"
"LY","Murzuq","Umm Al `Iziâ§am"
"LY","Yafran","Umm Al Jarsan"
"LY","Darnah","Umm Ar Razam"
"LY","Darnah","Umm Ar Rizam"
"LY","Yafran","Umm Az Zarsan"
"LY","Sabha","Umm El Abid"
"LY","Murzuq","Umm El-Adam"
"LY","Murzuq","Umm El Araneb"
"LY","Yafran","Umm El-Gersan"
"LY","Murzuq","Umm El-Hamam"
"LY","Murzuq","Umm El Haman"
"LY","Murzuq","Umm El-Hamen"
"LY","Darnah","Umm Hafein"
"LY","Ghadamis","Umm Safar"
"LY","Ghadamis","Umm Saffar"
"LY","Tarhunah","Umm Shuwayshah"
"LY","Tarhunah","Umm Shwayshah"
"LY","Ghadamis","Umm Soffar"
"LY","Ash Shati'","Unegerich"
"LY","Zlitan","Uriren"
"LY","Gharyan","Usaden"
"LY","Ash Shati'","`Uwaynat Wanin"
"LY","Murzuq","Uzi"
"LY","Al Jufrah","Waddan"
"LY","Al Khums","Wadinah"
"LY","Ajdabiya","Wajilah"
"LY","Yafran","Wanzarif"
"LY","Ash Shati'","Wanzarik"
"LY","Yafran","Wanziraf"
"LY","Murzuq","Waw Al Kabir"
"LY","Ghadamis","Wazin"
"LY","Ghadamis","Wazzan"
"LY","Yafran","Wifat"
"LY","Gharyan","Wisadan"
"LY","Zlitan","Wuriran"
"LY","Yafran","Yafran"
"LY","Yafran","Yafrin"
"LY","Al Khums","Zaafran"
"LY","Ghadamis","Zaarara"
"LY","Al Khums","Za`Faran"
"LY","Ash Shati'","Zalwaz"
"LY","Az Zawiyah","Zanzur"
"LY","Ghadamis","Za`Rarah"
"LY","Misratah","Zarrugh"
"LY","Misratah","Zarruq"
"LY","Al Jabal Al Akhdar","Zauia El-Faidia"
"LY","Tubruq","Zauia El Mrassas"
"LY","Darnah","Zauia Umm Er-Rzem"
"LY","Az Zawiyah","Zauia"
"LY","Tubruq","Zauiet Di Gianzur"
"LY","Al Khums","Zauiet El-Amariin"
"LY","Darnah","Zauiet El-Ezzeiat"
"LY","Misratah","Zauiet El Mahgiub"
"LY","Tubruq","Zauiet El Mrassas"
"LY","Tubruq","Zauiet Gianzur"
"LY","Darnah","Zauiet Umm Er-Rzem"
"LY","Darnah","Zauiet Umm Hafein"
"LY","Tubruq","Zauiet Umm Rucba"
"LY","Tubruq","Zauiet Umm Ruckba"
"LY","Tubruq","Zavia Gianzur"
"LY","Tubruq","Zavia Jiantsur"
"LY","Az Zawiyah","Zavia"
"LY","Az Zawiyah","Zawia"
"LY","Murzuq","Zawilah"
"LY","Al Khums","Zawiyat Al `Amariyin"
"LY","Al Khums","Zawiyat Al Amartyin"
"LY","Darnah","Zawiyat Al `Izziyat"
"LY","Zlitan","Zawiyat Al Mahjub"
"LY","Misratah","Zawiyat Al Mahjub"
"LY","Tubruq","Zawiyat Al Manastir"
"LY","Tubruq","Zawiyat Al Murassas"
"LY","Banghazi","Zawiyat At Tilimun"
"LY","Darnah","Zawiyat Umm Ar Rizam"
"LY","Darnah","Zawiyat Umm Hufayn"
"LY","Tubruq","Zawiyat Umm Rukbah"
"LY","Tubruq","Zawiyat Zanzur"
"LY","Al Jufrah","Zella"
"LY","Ash Shati'","Zeluaz"
"LY","Al Kufrah","Zighan"
"LY","Sabha","Zighen"
"LY","Zlitan","Ziliten"
"LY","Al Jufrah","Zillah"
"LY","Murzuq","Zizau"
"LY","Murzuq","Zizaw"
"LY","Zlitan","Zlitan"
"LY","Zlitan","Zliten"
"LY","Misratah","Zorug"
"LY","Misratah","Zregh"
"LY","An Nuqat Al Khams","Zuara"
"LY","An Nuqat Al Khams","Zuava"
"LY","Ajdabiya","Zueitina"
"LY","Ajdabiya","Zuetina"
"LY","Murzuq","Zuila"
"LY","Misratah","Zurayq"
"LY","Yafran","Zurgan"
"LY","Yafran","Zurqan"
"LY","An Nuqat Al Khams","Zuwarah"
