"SB","Makira","Aakae"
"SB","Makira","A'Ama"
"SB","Makira","Aanosusura"
"SB","Makira","A'Arai"
"SB","Makira","Aarite"
"SB","Makira","Abalolo"
"SB","Makira","Abe"
"SB","Makira","Abira'Adoa"
"SB","Makira","Abu"
"SB","Makira","Abungari"
"SB","Makira","Adou"
"SB","Makira","Aena'Aiwasi"
"SB","Makira","Aenakaro"
"SB","Makira","Aenalite"
"SB","Makira","Aenariki"
"SB","Makira","Aerotoro"
"SB","Makira","Aesunia"
"SB","Makira","Afudodo"
"SB","Makira","Afutala"
"SB","Makira","Age"
"SB","Makira","Ageraba"
"SB","Makira","Ahanga"
"SB","Makira","Ahboga"
"SB","Makira","Ahenawai"
"SB","Makira","Ahe'Ohia"
"SB","Makira","Ahesia"
"SB","Makira","Ahi'A"
"SB","Makira","Ahia"
"SB","Makira","Ahi'A"
"SB","Makira","Ahu'Amu"
"SB","Makira","Ahuu"
"SB","Makira","Ai"
"SB","Makira","Aiasi"
"SB","Makira","'Aifaafasu"
"SB","Makira","Aifiri"
"SB","Makira","Ailau"
"SB","Makira","'Aimburu"
"SB","Makira","'Aimela"
"SB","Makira","Aimera"
"SB","Makira","Ainiasi"
"SB","Makira","'Ai Ni Mae"
"SB","Makira","'Ainimae"
"SB","Makira","'Aio"
"SB","Makira","Airaea"
"SB","Makira","'Airumu"
"SB","Makira","Aisasale"
"SB","Makira","Aisato"
"SB","Makira","'Aisi'Ina"
"SB","Makira","Aisiko"
"SB","Makira","Aisina"
"SB","Makira","Aisisiki"
"SB","Makira","Alafe"
"SB","Makira","Alahasiai"
"SB","Makira","Alangakaula"
"SB","Makira","Alangaula"
"SB","Makira","Alavugu"
"SB","Makira","Alialia"
"SB","Makira","Alialiala"
"SB","Makira","Aliali"
"SB","Makira","Aligegeo"
"SB","Makira","Alikata"
"SB","Makira","Alita"
"SB","Makira","Alligator Creek"
"SB","Makira","Alogha"
"SB","Makira","Aloha"
"SB","Makira","Alosolo"
"SB","Makira","Alotatahoma"
"SB","Makira","Alundava"
"SB","Makira","Ama"
"SB","Makira","Ama'Ama"
"SB","Makira","Amboiosi"
"SB","Makira","Ambuambili"
"SB","Makira","Ambuavao"
"SB","Makira","'Ambungali"
"SB","Makira","Ambuporondavi"
"SB","Makira","Anakelo"
"SB","Makira","Anata"
"SB","Makira","Andeande"
"SB","Makira","Andevadhu"
"SB","Makira","Ane'Efafako"
"SB","Makira","Angali"
"SB","Makira","Anggia"
"SB","Makira","Angoango"
"SB","Makira","Anoano"
"SB","Makira","Anofai"
"SB","Makira","Anofalake"
"SB","Makira","Anokwakwale"
"SB","Makira","Anoni'Usu"
"SB","Makira","Anotole"
"SB","Makira","Anuta"
"SB","Makira","Anutaiasi"
"SB","Makira","Aoani'Iru"
"SB","Makira","Aola"
"SB","Makira","Aona"
"SB","Makira","A'Opasi"
"SB","Makira","Aopasi"
"SB","Makira","Apaone"
"SB","Makira","Apaora"
"SB","Makira","Apaoro"
"SB","Makira","Apauni"
"SB","Makira","Apio"
"SB","Makira","Apuara"
"SB","Makira","Apuiraramua"
"SB","Makira","Apunahunu"
"SB","Makira","Apurahe"
"SB","Makira","Apurahi"
"SB","Makira","Ara'Arauna"
"SB","Makira","Arabala"
"SB","Makira","Arabale"
"SB","Makira","Arairou"
"SB","Makira","Araki"
"SB","Makira","Aranimamu"
"SB","Makira","Ara'Ou"
"SB","Makira","Araro Puti"
"SB","Makira","Arasi"
"SB","Makira","Araumana"
"SB","Makira","Araveu"
"SB","Makira","Arinapa'Ewa"
"SB","Makira","Aroaha"
"SB","Makira","Aro"
"SB","Makira","Aroaro"
"SB","Makira","Arohane"
"SB","Makira","Arona"
"SB","Makira","Arovachivi"
"SB","Makira","Arovia"
"SB","Makira","Aruligo"
"SB","Makira","Aruliho"
"SB","Makira","Asaibala"
"SB","Makira","Asibonga"
"SB","Makira","Asimaenioha"
"SB","Makira","Asimana"
"SB","Makira","Asimanioha"
"SB","Makira","Assimaniona"
"SB","Makira","Ato"
"SB","Makira","Atohau"
"SB","Makira","Ato'Ifi"
"SB","Makira","Atonihare"
"SB","Makira","Atori"
"SB","Makira","Au"
"SB","Makira","Auke"
"SB","Makira","Auki"
"SB","Makira","Aula"
"SB","Makira","A'Ulupeine"
"SB","Makira","Aupono"
"SB","Makira","Ausi"
"SB","Makira","Avisi"
"SB","Makira","Avuavu"
"SB","Makira","Avu Avu"
"SB","Makira","Avuavu Mission"
"SB","Makira","Awale"
"SB","Makira","Awanararu"
"SB","Makira","Bacalwallo"
"SB","Makira","Bagarai"
"SB","Makira","Bagarice"
"SB","Makira","Bagharai"
"SB","Makira","Bahi"
"SB","Makira","Bakofu"
"SB","Makira","Balasu'U"
"SB","Makira","Balegoma"
"SB","Makira","Balo"
"SB","Makira","Bambala"
"SB","Makira","Baroni"
"SB","Makira","Baunani"
"SB","Makira","Baunuani"
"SB","Makira","Behelula"
"SB","Makira","Beholua"
"SB","Makira","Belaga"
"SB","Makira","Belana"
"SB","Makira","Belatasi"
"SB","Makira","Belati"
"SB","Makira","Beluga"
"SB","Makira","Bengena"
"SB","Makira","Bia"
"SB","Makira","Bifonu"
"SB","Makira","Bilikovu"
"SB","Makira","Bina"
"SB","Makira","Bina Mission"
"SB","Makira","Bio"
"SB","Makira","Bira"
"SB","Makira","Birasu"
"SB","Makira","Biti"
"SB","Makira","Boitsatsu"
"SB","Makira","Bokoagau"
"SB","Makira","Bokola"
"SB","Makira","Bola"
"SB","Makira","Bolonda"
"SB","Makira","Bonala"
"SB","Makira","Borohinaba"
"SB","Makira","Boromoli"
"SB","Makira","Boroni"
"SB","Makira","Bugawahu"
"SB","Makira","Bula'Abu"
"SB","Makira","Bulabu"
"SB","Makira","Bula"
"SB","Makira","Bulai"
"SB","Makira","Buma"
"SB","Makira","Bumbugaro"
"SB","Makira","Bumbugoro"
"SB","Makira","Bunala"
"SB","Makira","Burianiasi"
"SB","Makira","Busu"
"SB","Makira","Busukwa'E"
"SB","Makira","Busuone"
"SB","Makira","Bwaomarau"
"SB","Makira","Bwaroo"
"SB","Makira","Bwaunasughu"
"SB","Makira","Bwaunasu'U"
"SB","Makira","Bweinaniawarikiapu"
"SB","Makira","Caledonia"
"SB","Makira","Canaan"
"SB","Makira","Chachara"
"SB","Makira","Chaghoe"
"SB","Makira","Chahoga"
"SB","Makira","Chakundale"
"SB","Makira","Chaliaru"
"SB","Makira","Chalimpale"
"SB","Makira","Chamburu"
"SB","Makira","Chapana"
"SB","Makira","Chapunamo"
"SB","Makira","Chapuru"
"SB","Makira","Charanggao"
"SB","Makira","Charanimate"
"SB","Makira","Charavutu"
"SB","Makira","Charihaivati"
"SB","Makira","Chariko"
"SB","Makira","Chari Ndoke"
"SB","Makira","Chaukandora"
"SB","Makira","Chaunaroga"
"SB","Makira","Chaunarogha"
"SB","Makira","Chauneroga"
"SB","Makira","Chautivi"
"SB","Makira","Chavunggao"
"SB","Makira","Checheche"
"SB","Makira","Cheli"
"SB","Makira","Chelu"
"SB","Makira","Chili"
"SB","Makira","Chimbakoghe"
"SB","Makira","Chimbori"
"SB","Makira","Chinatown"
"SB","Makira","Chiri"
"SB","Makira","Chocho"
"SB","Makira","Chochokiki"
"SB","Makira","Choghiri"
"SB","Makira","Choha"
"SB","Makira","Chokare"
"SB","Makira","Chombonavaka"
"SB","Makira","Chouna"
"SB","Makira","Chukakonia"
"SB","Makira","Chuma"
"SB","Makira","Chupuchupu"
"SB","Makira","Chuva"
"SB","Makira","Daboko"
"SB","Makira","Dada'Isalu"
"SB","Makira","Dadaku'Ulua"
"SB","Makira","Dala"
"SB","Makira","Dalamata"
"SB","Makira","Daolusu"
"SB","Makira","Daringali"
"SB","Makira","Darione"
"SB","Makira","Dau"
"SB","Makira","Dauta'E"
"SB","Makira","Dende"
"SB","Makira","Dhadhaje"
"SB","Makira","Dhavoa"
"SB","Makira","Dinare"
"SB","Makira","Dingodingo"
"SB","Makira","Dinoveek"
"SB","Makira","Di'Una"
"SB","Makira","Doma"
"SB","Makira","Domma"
"SB","Makira","Dubona"
"SB","Makira","Duindui"
"SB","Makira","Dukwasi"
"SB","Makira","Eke"
"SB","Makira","Eliote"
"SB","Makira","'Ere Amsuli"
"SB","Makira","'Ere'Eresulu"
"SB","Makira","Erenahata"
"SB","Makira","Etamarorai"
"SB","Makira","'Eteala"
"SB","Makira","Etehonu"
"SB","Makira","Etei'A"
"SB","Makira","Etemwarore"
"SB","Makira","Euro"
"SB","Makira","Euru"
"SB","Makira","Fa'Arau"
"SB","Makira","Faasaale"
"SB","Makira","Fa'Asileta"
"SB","Makira","Fafa'Idodo"
"SB","Makira","Fafa'Ikafo"
"SB","Makira","Fafaiona"
"SB","Makira","Fafalona"
"SB","Makira","Fagani"
"SB","Makira","Fageifa"
"SB","Makira","Fagheifa"
"SB","Makira","Fagini"
"SB","Makira","Faiako"
"SB","Makira","Faibubulia"
"SB","Makira","Falabulu"
"SB","Makira","Falambulu"
"SB","Makira","Falufa'Alu"
"SB","Makira","Fanalei"
"SB","Makira","Fanelei"
"SB","Makira","Fangamboni"
"SB","Makira","Fanuafalai"
"SB","Makira","Fanuamba'Ita"
"SB","Makira","Farisi"
"SB","Makira","Farumalaula"
"SB","Makira","Faua'Ala"
"SB","Makira","Fauabu"
"SB","Makira","Fauala"
"SB","Makira","Faubala"
"SB","Makira","Faufala"
"SB","Makira","Faufalu"
"SB","Makira","Fauiolo"
"SB","Makira","Fauketa"
"SB","Makira","Faulaloia"
"SB","Makira","Faumamanu"
"SB","Makira","Faumamanu Itolo"
"SB","Makira","Faunikari"
"SB","Makira","Fausadio"
"SB","Makira","Fausindio"
"SB","Makira","Ferafalu"
"SB","Makira","Feranagono"
"SB","Makira","Feranaso"
"SB","Makira","Ferasi"
"SB","Makira","Ferasimi"
"SB","Makira","Firifau"
"SB","Makira","Fiu"
"SB","Makira","Fiu Mission"
"SB","Makira","Fo'Au"
"SB","Makira","Fote"
"SB","Makira","Foulandasusu"
"SB","Makira","Foulanoasusu"
"SB","Makira","Foulofo"
"SB","Makira","Fouongge"
"SB","Makira","Foutoru"
"SB","Makira","Fugu"
"SB","Makira","Fula'Ambu"
"SB","Makira","Fula"
"SB","Makira","Fuliabote"
"SB","Makira","Fulifata'A"
"SB","Makira","Fuli"
"SB","Makira","Fuligura"
"SB","Makira","Fulisango"
"SB","Makira","Fulo"
"SB","Makira","Fulufo"
"SB","Makira","Funakuma"
"SB","Makira","Funakumwa"
"SB","Makira","Funiau"
"SB","Makira","Funii'Au"
"SB","Makira","Furii'Au"
"SB","Makira","Furi'Ilai"
"SB","Makira","Gagalu"
"SB","Makira","Gaimali"
"SB","Makira","Gaini Viti"
"SB","Makira","Galiatu"
"SB","Makira","Galilee"
"SB","Makira","Gareka"
"SB","Makira","Gauale"
"SB","Makira","Gavaga"
"SB","Makira","Gavanga"
"SB","Makira","Gavango"
"SB","Makira","Gavuhoho"
"SB","Makira","Gavuholo"
"SB","Makira","Gegena'Ua"
"SB","Makira","Gegenda"
"SB","Makira","Gegende"
"SB","Makira","Geigei"
"SB","Makira","Gembua"
"SB","Makira","Geta"
"SB","Makira","Ghaimali"
"SB","Makira","Ghaimanggere"
"SB","Makira","Ghairavu"
"SB","Makira","Ghaisere"
"SB","Makira","Ghaivale"
"SB","Makira","Ghaliatu"
"SB","Makira","Ghalimbere"
"SB","Makira","Ghaningangao"
"SB","Makira","Gharina"
"SB","Makira","Ghauvalisi"
"SB","Makira","Ghavagha"
"SB","Makira","Ghavigha"
"SB","Makira","Ghavighanimumu"
"SB","Makira","Ghavuhoho"
"SB","Makira","Gheghende"
"SB","Makira","Gheighei"
"SB","Makira","Gheta"
"SB","Makira","Ghole"
"SB","Makira","Ghombaghoghoro"
"SB","Makira","Ghombua"
"SB","Makira","Ghorambau"
"SB","Makira","Ghoroghavutu"
"SB","Makira","Ghoroghoro"
"SB","Makira","Ghoromala"
"SB","Makira","Ghoroveitughu"
"SB","Makira","Ghoverighi"
"SB","Makira","Ghulavu"
"SB","Makira","Ghumba"
"SB","Makira","Ghumu"
"SB","Makira","Ghupuna"
"SB","Makira","Gilbert 1"
"SB","Makira","Gilbert 2"
"SB","Makira","Gilumeuna"
"SB","Makira","Giluniuna"
"SB","Makira","Goiravu"
"SB","Makira","Gold Ridge"
"SB","Makira","Gole"
"SB","Makira","Gombua"
"SB","Makira","Gorabau"
"SB","Makira","Gorambau"
"SB","Makira","Gumba"
"SB","Makira","Gupuna"
"SB","Makira","Guranja"
"SB","Makira","Gurauja"
"SB","Makira","Gwai'Akama"
"SB","Makira","Gwaiako"
"SB","Makira","Gwai'Asai"
"SB","Makira","Gwaidae'Dae"
"SB","Makira","Gwa'Idae"
"SB","Makira","Gwaidingale"
"SB","Makira","Gwa'Ifaefae"
"SB","Makira","Gwaigeo"
"SB","Makira","Gwa'Ininiu"
"SB","Makira","Gwa'Irade"
"SB","Makira","Gwa'Irakwana"
"SB","Makira","Gwaisila"
"SB","Makira","Gwa'Itaba'A"
"SB","Makira","Gwaitamba'A"
"SB","Makira","Gwaunaoa"
"SB","Makira","Gwaunaruu"
"SB","Makira","Gwaunatafu"
"SB","Makira","Gwaunatala"
"SB","Makira","Haa'Apu"
"SB","Makira","Haa"
"SB","Makira","Haarumou"
"SB","Makira","Hachogha"
"SB","Makira","Hada"
"SB","Makira","Hadja"
"SB","Makira","Haghalu"
"SB","Makira","Hagharuhe"
"SB","Makira","Hagharuhi"
"SB","Makira","Haghela"
"SB","Makira","Hahietau"
"SB","Makira","Hahorarumu"
"SB","Makira","Hahorarunu"
"SB","Makira","Hailalua"
"SB","Makira","Hailovo"
"SB","Makira","Hailupa"
"SB","Makira","Haimarao"
"SB","Makira","Haimatua"
"SB","Makira","Haimbau"
"SB","Makira","Haimela"
"SB","Makira","Haimolumolu"
"SB","Makira","Hainatogha"
"SB","Makira","Hainatoha"
"SB","Makira","Haiparia"
"SB","Makira","Hairi"
"SB","Makira","Haisavoria"
"SB","Makira","Haisighinia"
"SB","Makira","Haitete"
"SB","Makira","Haivoha"
"SB","Makira","Hakama"
"SB","Makira","Hakanipua"
"SB","Makira","Halahala"
"SB","Makira","Hala Hala Mission"
"SB","Makira","Halavo"
"SB","Makira","Haleta"
"SB","Makira","Haliatu"
"SB","Makira","Haliupai"
"SB","Makira","Hambunameka"
"SB","Makira","Hana'Anaroho"
"SB","Makira","Hangataru"
"SB","Makira","Hanianawa"
"SB","Makira","Haninggela"
"SB","Makira","Hanivaivine"
"SB","Makira","Hanivavine"
"SB","Makira","Hanjohapeule"
"SB","Makira","Hanua'Apa"
"SB","Makira","Hanuaniupa"
"SB","Makira","Hanuasuu"
"SB","Makira","Hanuvaivine"
"SB","Makira","Hapai"
"SB","Makira","Harai"
"SB","Makira","Hara'Ina"
"SB","Makira","Harana'Eke"
"SB","Makira","Harea"
"SB","Makira","Harisiharihari"
"SB","Makira","Harisi"
"SB","Makira","Harisiu"
"SB","Makira","Haroro"
"SB","Makira","Hasupari"
"SB","Makira","Hatakau"
"SB","Makira","Hauharii"
"SB","Makira","Hauhato"
"SB","Makira","Hauhui"
"SB","Makira","Haukoukou"
"SB","Makira","Haumera"
"SB","Makira","Haupara"
"SB","Makira","Hauporo"
"SB","Makira","Hauporomaea"
"SB","Makira","Hauposo"
"SB","Makira","Hauraha"
"SB","Makira","Hauroho"
"SB","Makira","Hautahe"
"SB","Makira","Hautahi"
"SB","Makira","Hautonima"
"SB","Makira","Havaruvu"
"SB","Makira","Haverughu"
"SB","Makira","Havila"
"SB","Makira","Heleta"
"SB","Makira","Henuangoto"
"SB","Makira","Hera"
"SB","Makira","Heraisiu"
"SB","Makira","Herani'Asuhe"
"SB","Makira","Heraniesi"
"SB","Makira","Heranihio"
"SB","Makira","Herepa'A"
"SB","Makira","Heuhonu"
"SB","Makira","Heupeine"
"SB","Makira","Heuru"
"SB","Makira","Hilamondu"
"SB","Makira","Hirihiriasi"
"SB","Makira","Hirihiripopo"
"SB","Makira","Hiuasi"
"SB","Makira","Hoilava"
"SB","Makira","Hoilona"
"SB","Makira","Hombahohoro"
"SB","Makira","Homba"
"SB","Makira","Honiara"
"SB","Makira","Honoa"
"SB","Makira","Horanari"
"SB","Makira","Horokao"
"SB","Makira","Horouru"
"SB","Makira","Hote"
"SB","Makira","Houaha"
"SB","Makira","Houa"
"SB","Makira","Hou'Ao"
"SB","Makira","Houhepa"
"SB","Makira","Houhou"
"SB","Makira","Houhouna"
"SB","Makira","Houkari"
"SB","Makira","Houkeni"
"SB","Makira","Houkokore"
"SB","Makira","Houkona"
"SB","Makira","Houmatana"
"SB","Makira","Hounasi"
"SB","Makira","Houoa"
"SB","Makira","Houparoparo"
"SB","Makira","Houpuna"
"SB","Makira","Houri"
"SB","Makira","Houripipisu"
"SB","Makira","Houripou"
"SB","Makira","Houro'A"
"SB","Makira","Houroho"
"SB","Makira","Houro"
"SB","Makira","Housuru"
"SB","Makira","Houte'Ete'E"
"SB","Makira","Hu"
"SB","Makira","Huhuru"
"SB","Makira","Hulavu"
"SB","Makira","Hulihale"
"SB","Makira","Hulina Manukiki"
"SB","Makira","Hulo"
"SB","Makira","Hunahao"
"SB","Makira","Hunahau"
"SB","Makira","Hunanaawa"
"SB","Makira","Hunanahara"
"SB","Makira","Hunanapuru"
"SB","Makira","Huni'Ama"
"SB","Makira","Hunihara"
"SB","Makira","Hunihu"
"SB","Makira","Hunimasi"
"SB","Makira","Huno Ramu"
"SB","Makira","Hunouri"
"SB","Makira","Hunughu"
"SB","Makira","Hunurama"
"SB","Makira","Hunuta"
"SB","Makira","Hurakaia"
"SB","Makira","Huranahai"
"SB","Makira","Huranja"
"SB","Makira","Hurasona"
"SB","Makira","Hure"
"SB","Makira","Hurihasu"
"SB","Makira","Huri'I"
"SB","Makira","Huro"
"SB","Makira","Huru"
"SB","Makira","Huu"
"SB","Makira","Hu'Umarere"
"SB","Makira","Iaru"
"SB","Makira","Iaruraha"
"SB","Makira","Igwa"
"SB","Makira","Ikupaara"
"SB","Makira","Ilikaliana"
"SB","Makira","Imomoru"
"SB","Makira","Inagau"
"SB","Makira","Ina Ghau"
"SB","Makira","Ina Ghavigha"
"SB","Makira","Ina Ghoana"
"SB","Makira","Inahombe"
"SB","Makira","Ina Kala"
"SB","Makira","Inakona"
"SB","Makira","Inakona Mission"
"SB","Makira","Ina Kongga"
"SB","Makira","Ina Kua"
"SB","Makira","Ina Maole"
"SB","Makira","Ina Mati"
"SB","Makira","Ina Mbombo"
"SB","Makira","Inanunu"
"SB","Makira","Ina Puru"
"SB","Makira","Ina Ravu"
"SB","Makira","Ina Vindi"
"SB","Makira","Ina Visa"
"SB","Makira","Iofana"
"SB","Makira","Ione"
"SB","Makira","Iramarore"
"SB","Makira","Iranumu"
"SB","Makira","Iranunu"
"SB","Makira","Iremaea"
"SB","Makira","Iripaina"
"SB","Makira","Ironunu"
"SB","Makira","Irowai"
"SB","Makira","Iruiru"
"SB","Makira","Isiisu"
"SB","Makira","Isipeni"
"SB","Makira","Isuisu"
"SB","Makira","Isuna"
"SB","Makira","Isunavara"
"SB","Makira","Itina"
"SB","Makira","Kaanggua"
"SB","Makira","Kafo'Elia"
"SB","Makira","Kafulafiu"
"SB","Makira","Kaio"
"SB","Makira","Kakake"
"SB","Makira","Kakalaa'Ano"
"SB","Makira","Kakalaka"
"SB","Makira","Kakalambao"
"SB","Makira","Kakalao"
"SB","Makira","Kakambona"
"SB","Makira","Kakambona Villages"
"SB","Makira","Kakara"
"SB","Makira","Kakaro"
"SB","Makira","Kakaru"
"SB","Makira","Kakavovo"
"SB","Makira","Kakendakena"
"SB","Makira","Kakolia"
"SB","Makira","Kalaka"
"SB","Makira","Kalala'Ao"
"SB","Makira","Kalambisi"
"SB","Makira","Kalanggwata"
"SB","Makira","Kalavaolu"
"SB","Makira","Kalenga"
"SB","Makira","Kaliala"
"SB","Makira","Kalibato"
"SB","Makira","Kalimai"
"SB","Makira","Kalima"
"SB","Makira","Kalona"
"SB","Makira","Kaltoma"
"SB","Makira","Kamanjikoko"
"SB","Makira","Kamoniboko"
"SB","Makira","Kanata"
"SB","Makira","Kanda"
"SB","Makira","Kandiavata"
"SB","Makira","Kanipa"
"SB","Makira","Kaoka"
"SB","Makira","Kaokaona"
"SB","Makira","Kaonasughu"
"SB","Makira","Kaonasugu"
"SB","Makira","Kaonggele"
"SB","Makira","Kaotave"
"SB","Makira","Kapeu"
"SB","Makira","Kapicha"
"SB","Makira","Karinara"
"SB","Makira","Karipaupapa"
"SB","Makira","Karivalu"
"SB","Makira","Karivasa"
"SB","Makira","Karo"
"SB","Makira","Karokaro"
"SB","Makira","Karona"
"SB","Makira","Karukaru"
"SB","Makira","Karupopora"
"SB","Makira","Karu'Uu"
"SB","Makira","Kasaranga"
"SB","Makira","Kasimburu"
"SB","Makira","Kauchupuchupu"
"SB","Makira","Kau"
"SB","Makira","Kau Kau Mission"
"SB","Makira","Kaukona"
"SB","Makira","Kaunasugu"
"SB","Makira","Kausa"
"SB","Makira","Kauva"
"SB","Makira","Kauvare"
"SB","Makira","Kavahambe"
"SB","Makira","Kavoa"
"SB","Makira","Kavo"
"SB","Makira","Ke'Ana"
"SB","Makira","Kekena"
"SB","Makira","Kelakwai"
"SB","Makira","Kelomari'I"
"SB","Makira","Kemane"
"SB","Makira","Kemba"
"SB","Makira","Keravuru"
"SB","Makira","Kere"
"SB","Makira","Kerekoka"
"SB","Makira","Keremanivo"
"SB","Makira","Kerenapisi"
"SB","Makira","Kerepai"
"SB","Makira","Kerepei"
"SB","Makira","Kerepukavala"
"SB","Makira","Kesao"
"SB","Makira","Kesatamba"
"SB","Makira","Ketonga"
"SB","Makira","Kibelifolo"
"SB","Makira","Kibelifolu"
"SB","Makira","Kicho"
"SB","Makira","Kikinocho"
"SB","Makira","Kililonga"
"SB","Makira","Kilufali"
"SB","Makira","Kilufi"
"SB","Makira","Kilusakwalo"
"SB","Makira","Kiluufi"
"SB","Makira","Kimbito"
"SB","Makira","Kindivoroa"
"SB","Makira","Kioramo"
"SB","Makira","Kira"
"SB","Makira","Kirakira"
"SB","Makira","Kirighi"
"SB","Makira","Kirigi"
"SB","Makira","Kiripaasu"
"SB","Makira","Kiu"
"SB","Makira","Koaa"
"SB","Makira","Koache"
"SB","Makira","Koa"
"SB","Makira","Koalia"
"SB","Makira","Koatolo"
"SB","Makira","Kobiloko"
"SB","Makira","Kochitoa"
"SB","Makira","Kochokocho"
"SB","Makira","Koela"
"SB","Makira","Koepilua"
"SB","Makira","Koetungi"
"SB","Makira","Koghambugha"
"SB","Makira","Koila"
"SB","Makira","Koilambu"
"SB","Makira","Koilonambo"
"SB","Makira","Koilosuimomoru"
"SB","Makira","Koilotumaria"
"SB","Makira","Koilotumuria"
"SB","Makira","Koilovala"
"SB","Makira","Koilovata"
"SB","Makira","Kokamau"
"SB","Makira","Kokepaku"
"SB","Makira","Kokoerata"
"SB","Makira","Kokoilo"
"SB","Makira","Kokolapa"
"SB","Makira","Kokombono"
"SB","Makira","Kokomu"
"SB","Makira","Kokomuruka"
"SB","Makira","Kokosuliseu"
"SB","Makira","Kokosurisau"
"SB","Makira","Kokote"
"SB","Makira","Kokumaruki"
"SB","Makira","Kokumbona"
"SB","Makira","Kokumuruka"
"SB","Makira","Koleala"
"SB","Makira","Kolika"
"SB","Makira","Koli"
"SB","Makira","Kolina"
"SB","Makira","Kolochachara"
"SB","Makira","Kolochemba"
"SB","Makira","Kolochimiu"
"SB","Makira","Kolochiri"
"SB","Makira","Kolochulu"
"SB","Makira","Kologhalivei"
"SB","Makira","Kologhasi"
"SB","Makira","Kologhona"
"SB","Makira","Kolohambusi"
"SB","Makira","Kolohaumbi"
"SB","Makira","Kolokapalu"
"SB","Makira","Kolokarako"
"SB","Makira","Kolokiki"
"SB","Makira","Kolokoko"
"SB","Makira","Kolokundukundu"
"SB","Makira","Kololauvi"
"SB","Makira","Kolombaleho"
"SB","Makira","Kolombari"
"SB","Makira","Kolombolo"
"SB","Makira","Kolombora"
"SB","Makira","Kolondoli"
"SB","Makira","Kolonjiri"
"SB","Makira","Kolosula"
"SB","Makira","Kolosulu"
"SB","Makira","Kolotambu"
"SB","Makira","Kolotita"
"SB","Makira","Kolotumaria"
"SB","Makira","Kolovaleve"
"SB","Makira","Kolovaolu"
"SB","Makira","Kolovatuniura"
"SB","Makira","Kolovelo"
"SB","Makira","Kolovuluvulu"
"SB","Makira","Kolutoha"
"SB","Makira","Komambulu"
"SB","Makira","Komanuga"
"SB","Makira","Komanuha"
"SB","Makira","Komaru"
"SB","Makira","Komate"
"SB","Makira","Komati"
"SB","Makira","Kombalombalo"
"SB","Makira","Kombau"
"SB","Makira","Kombe"
"SB","Makira","Kombi"
"SB","Makira","Kombiloko"
"SB","Makira","Kombito Ii"
"SB","Makira","Kombito I"
"SB","Makira","Kombito"
"SB","Makira","Komimbo"
"SB","Makira","Komindi"
"SB","Makira","Komoniboko"
"SB","Makira","Komoto"
"SB","Makira","Komovaolo"
"SB","Makira","Komughavea"
"SB","Makira","Komu'Isia"
"SB","Makira","Komukama"
"SB","Makira","Komukea"
"SB","Makira","Komu"
"SB","Makira","Komukomu"
"SB","Makira","Komukusua"
"SB","Makira","Komule"
"SB","Makira","Komulevugha"
"SB","Makira","Komumarara"
"SB","Makira","Komumbembe"
"SB","Makira","Komuna"
"SB","Makira","Komungelea"
"SB","Makira","Komuniao"
"SB","Makira","Komuniato"
"SB","Makira","Komunidhimbo"
"SB","Makira","Komunighogha"
"SB","Makira","Komunihaka"
"SB","Makira","Komunihara"
"SB","Makira","Komunikoa"
"SB","Makira","Komunima'Angga"
"SB","Makira","Komunimala"
"SB","Makira","Komunimatangga"
"SB","Makira","Komunimbaimbai"
"SB","Makira","Komunimbambasa"
"SB","Makira","Komunimboko"
"SB","Makira","Komunimbolo"
"SB","Makira","Komunimbombolo"
"SB","Makira","Komuninggita"
"SB","Makira","Komunisambaha"
"SB","Makira","Komunitambalolo"
"SB","Makira","Komunivele"
"SB","Makira","Komupau"
"SB","Makira","Komuporo"
"SB","Makira","Komurarata"
"SB","Makira","Komureo"
"SB","Makira","Komusondu"
"SB","Makira","Komuvadha"
"SB","Makira","Komuvaolu"
"SB","Makira","Konapou"
"SB","Makira","Kondodhau"
"SB","Makira","Kondothau"
"SB","Makira","Kondovele"
"SB","Makira","Kongga"
"SB","Makira","Konggau"
"SB","Makira","Konggeva"
"SB","Makira","Konggulai"
"SB","Makira","Konibau"
"SB","Makira","Konitaraka"
"SB","Makira","Konitarake"
"SB","Makira","Konure"
"SB","Makira","Koo"
"SB","Makira","Kopapara"
"SB","Makira","Kopau"
"SB","Makira","Kopiu"
"SB","Makira","Koraga"
"SB","Makira","Koragha"
"SB","Makira","Korai"
"SB","Makira","Korambu"
"SB","Makira","Korasa"
"SB","Makira","Korikasike"
"SB","Makira","Korombusu"
"SB","Makira","Korove"
"SB","Makira","Koruha"
"SB","Makira","Kosarara"
"SB","Makira","Koseranga"
"SB","Makira","Kosikosi"
"SB","Makira","Kosipo"
"SB","Makira","Koso"
"SB","Makira","Kosuarangga"
"SB","Makira","Kotaoa"
"SB","Makira","Kotatave"
"SB","Makira","Kotokum"
"SB","Makira","Kouasi"
"SB","Makira","Kovahu"
"SB","Makira","Kovare"
"SB","Makira","Kovatali"
"SB","Makira","Kowowugy"
"SB","Makira","Kuekue"
"SB","Makira","Kugk"
"SB","Makira","Kuikuila"
"SB","Makira","Kuikuilu"
"SB","Makira","Kuila"
"SB","Makira","Kukuhila"
"SB","Makira","Kukumbona"
"SB","Makira","Kukum"
"SB","Makira","Kukumu"
"SB","Makira","Kulu"
"SB","Makira","Kuma"
"SB","Makira","Kumanakati"
"SB","Makira","Kumarei"
"SB","Makira","Kumariva"
"SB","Makira","Kumotu"
"SB","Makira","Kumu"
"SB","Makira","Kumundi"
"SB","Makira","Kundale"
"SB","Makira","Kunjo"
"SB","Makira","Kunokuno"
"SB","Makira","Kunso"
"SB","Makira","Kunura"
"SB","Makira","Kuraisau"
"SB","Makira","Kurilaka"
"SB","Makira","Kuru"
"SB","Makira","Kusini"
"SB","Makira","Kusumba"
"SB","Makira","Kuva Kei"
"SB","Makira","Kuvamiti"
"SB","Makira","Kwa'A"
"SB","Makira","Kwaiaroaro"
"SB","Makira","Kwai"
"SB","Makira","Kwailaua"
"SB","Makira","Kwailava"
"SB","Makira","Kwaimae"
"SB","Makira","Kwaimbaambaala"
"SB","Makira","Kwainaketo"
"SB","Makira","Kwainangali"
"SB","Makira","Kwakwailata"
"SB","Makira","Kwalakwala"
"SB","Makira","Kwao"
"SB","Makira","Kwapiekwa"
"SB","Makira","Kwari'Ekwa"
"SB","Makira","Labogo"
"SB","Makira","Labukasga"
"SB","Makira","Labukasiha"
"SB","Makira","Lache"
"SB","Makira","Laga"
"SB","Makira","Laghira"
"SB","Makira","Lakampao"
"SB","Makira","Lakatana"
"SB","Makira","Lalalo"
"SB","Makira","Lalao"
"SB","Makira","Lali"
"SB","Makira","Lalitau"
"SB","Makira","Lalloassi"
"SB","Makira","Laloato"
"SB","Makira","Laloe'Efou"
"SB","Makira","Laluto"
"SB","Makira","Lamaa"
"SB","Makira","Lambeana"
"SB","Makira","Lambia"
"SB","Makira","Lambi"
"SB","Makira","Lambughue"
"SB","Makira","Lambukasigha"
"SB","Makira","Lambukasigu"
"SB","Makira","Lambungasi"
"SB","Makira","Lambunggaula"
"SB","Makira","Lame"
"SB","Makira","Lamuas"
"SB","Makira","Landeni"
"SB","Makira","Langalky"
"SB","Makira","Langanaku"
"SB","Makira","Langgo"
"SB","Makira","Lango"
"SB","Makira","Langumusu"
"SB","Makira","Laotatau"
"SB","Makira","Laovavasa"
"SB","Makira","Laovundi"
"SB","Makira","Lapo"
"SB","Makira","Larimbaolo"
"SB","Makira","Laru"
"SB","Makira","Lasa"
"SB","Makira","Laso"
"SB","Makira","Latina"
"SB","Makira","Lauhavigha"
"SB","Makira","Laukolo"
"SB","Makira","Laulambeti"
"SB","Makira","Laulasi"
"SB","Makira","Lauru"
"SB","Makira","Lauta"
"SB","Makira","Lauvavasa"
"SB","Makira","Lauvi"
"SB","Makira","Lavu"
"SB","Makira","Lavuro"
"SB","Makira","Lea'Angeange"
"SB","Makira","Leche"
"SB","Makira","Leitango"
"SB","Makira","Leitongo"
"SB","Makira","Lelei"
"SB","Makira","Leleola"
"SB","Makira","Leleona"
"SB","Makira","Lengalau"
"SB","Makira","Lenga"
"SB","Makira","Lenggakiki"
"SB","Makira","Lenggalau"
"SB","Makira","Lenggalei"
"SB","Makira","Lengga"
"SB","Makira","Lenggaloki"
"SB","Makira","Lenggarauna"
"SB","Makira","Lengo"
"SB","Makira","Leomate"
"SB","Makira","Leosa"
"SB","Makira","Leovatu"
"SB","Makira","Levuka"
"SB","Makira","Levu"
"SB","Makira","Lilisiana"
"SB","Makira","Limi"
"SB","Makira","Lingrababo"
"SB","Makira","Lio"
"SB","Makira","Liwe"
"SB","Makira","Liweliwe"
"SB","Makira","Lochatana"
"SB","Makira","Loghasia"
"SB","Makira","Loimboro"
"SB","Makira","Lokanipeo"
"SB","Makira","Lologana"
"SB","Makira","Lologhana"
"SB","Makira","Lololo"
"SB","Makira","Lomati"
"SB","Makira","Lombe'Esuala"
"SB","Makira","Longapolo"
"SB","Makira","Longgu"
"SB","Makira","Longguna"
"SB","Makira","Longu"
"SB","Makira","Longwocky"
"SB","Makira","Lo'Ombola"
"SB","Makira","Lova"
"SB","Makira","Lughunataumana"
"SB","Makira","Lughuvasa"
"SB","Makira","Lugunabuli"
"SB","Makira","Lumanambolo"
"SB","Makira","Lumanaroko"
"SB","Makira","Lumarau"
"SB","Makira","Lumu"
"SB","Makira","Lunga"
"SB","Makira","Lungga"
"SB","Makira","Lungua"
"SB","Makira","Lu'Ue"
"SB","Makira","Luvuna"
"SB","Makira","Luvunambuli"
"SB","Makira","Luvunbuli"
"SB","Makira","Maamalasuala"
"SB","Makira","Maamburu"
"SB","Makira","Ma'Ara'Ara"
"SB","Makira","Maariki"
"SB","Makira","Maariwai"
"SB","Makira","Maasupa"
"SB","Makira","Maatona"
"SB","Makira","Madoa"
"SB","Makira","Madoa Mission Station"
"SB","Makira","Ma'Eanikana"
"SB","Makira","Maeroto"
"SB","Makira","Mage"
"SB","Makira","Maghati"
"SB","Makira","Mahuto"
"SB","Makira","Maira"
"SB","Makira","Maisinirae"
"SB","Makira","Maisu"
"SB","Makira","Makali"
"SB","Makira","Maka"
"SB","Makira","Makanakolopao"
"SB","Makira","Makana"
"SB","Makira","Makanapeo"
"SB","Makira","Makaranguru Nguru"
"SB","Makira","Makaruka"
"SB","Makira","Makarukar"
"SB","Makira","Makia"
"SB","Makira","Makila"
"SB","Makira","Makile"
"SB","Makira","Makilo"
"SB","Makira","Makina"
"SB","Makira","Makorukoru"
"SB","Makira","Malagwasu"
"SB","Makira","Malaisa"
"SB","Makira","Malaisu"
"SB","Makira","Malalaia"
"SB","Makira","Malango"
"SB","Makira","Malanjoru"
"SB","Makira","Malapau"
"SB","Makira","Malatoha"
"SB","Makira","Maliali"
"SB","Makira","Malisa"
"SB","Makira","Malitawaniuhu"
"SB","Makira","Malohu"
"SB","Makira","Malohumbisi"
"SB","Makira","Malona"
"SB","Makira","Malosu"
"SB","Makira","Malo'U"
"SB","Makira","Malou"
"SB","Makira","Maluka"
"SB","Makira","Malukuna"
"SB","Makira","Malumalunimbirisi"
"SB","Makira","Malvmalunavirsu"
"SB","Makira","Mamako"
"SB","Makira","Mamalade"
"SB","Makira","Mamara"
"SB","Makira","Mamarea"
"SB","Makira","Mamarei"
"SB","Makira","Mamatoa"
"SB","Makira","Mambulu Na Kake"
"SB","Makira","Mami"
"SB","Makira","Mamui"
"SB","Makira","Mamulele"
"SB","Makira","Manaara"
"SB","Makira","Manaba"
"SB","Makira","Manabubulu"
"SB","Makira","Manabuma Mission"
"SB","Makira","Manakia"
"SB","Makira","Manamba"
"SB","Makira","Manano"
"SB","Makira","Manawai"
"SB","Makira","Manchuki"
"SB","Makira","Mandakacho"
"SB","Makira","Mandakato"
"SB","Makira","Mandekachu"
"SB","Makira","Mandiralava"
"SB","Makira","Maneade"
"SB","Makira","Manegohere"
"SB","Makira","Manehuki"
"SB","Makira","Maneoura"
"SB","Makira","Maneura"
"SB","Makira","Manevovo"
"SB","Makira","Manewaro"
"SB","Makira","Manewiriwiri"
"SB","Makira","Mangakiki"
"SB","Makira","Mangalao"
"SB","Makira","Manga"
"SB","Makira","Manganakao"
"SB","Makira","Mangapahu"
"SB","Makira","Mangautu"
"SB","Makira","Manggari"
"SB","Makira","Manggautu"
"SB","Makira","Mania'Aa"
"SB","Makira","Maniate"
"SB","Makira","Manibokosi"
"SB","Makira","Maniborkosi"
"SB","Makira","Manierate"
"SB","Makira","Manigai"
"SB","Makira","Manighai"
"SB","Makira","Manihauhau"
"SB","Makira","Manihauni"
"SB","Makira","Manihinua"
"SB","Makira","Manihouhou"
"SB","Makira","Manihouni"
"SB","Makira","Manihusi"
"SB","Makira","Mani'Iira"
"SB","Makira","Manikaraku"
"SB","Makira","Manikiriu"
"SB","Makira","Maniora"
"SB","Makira","Maniota"
"SB","Makira","Maniou"
"SB","Makira","Manipwena"
"SB","Makira","Manivasa"
"SB","Makira","Maniwaro"
"SB","Makira","Maniwawa"
"SB","Makira","Manjavo"
"SB","Makira","Manna Kwoi"
"SB","Makira","Mannu"
"SB","Makira","Manoroti"
"SB","Makira","Manuagere"
"SB","Makira","Manu"
"SB","Makira","Maokao"
"SB","Makira","Maoro"
"SB","Makira","Maosiri"
"SB","Makira","Maoto"
"SB","Makira","Mapahisi"
"SB","Makira","Maraeva"
"SB","Makira","Maraghova"
"SB","Makira","Maragova"
"SB","Makira","Marahovi"
"SB","Makira","Marahuiraramua"
"SB","Makira","Marahu"
"SB","Makira","Maraiva"
"SB","Makira","Maranu'U"
"SB","Makira","Marao"
"SB","Makira","Maraone"
"SB","Makira","Maraoni"
"SB","Makira","Marapona"
"SB","Makira","Marararo"
"SB","Makira","Marasa"
"SB","Makira","Marata"
"SB","Makira","Marau"
"SB","Makira","Maraunia"
"SB","Makira","Marauni"
"SB","Makira","Maravovo"
"SB","Makira","Mariava"
"SB","Makira","Marindi"
"SB","Makira","Maroco"
"SB","Makira","Maroghu"
"SB","Makira","Marou"
"SB","Makira","Maro'Umasike"
"SB","Makira","Marui"
"SB","Makira","Maruiraru"
"SB","Makira","Maruitaro"
"SB","Makira","Marumba"
"SB","Makira","Marumbo"
"SB","Makira","Marumu"
"SB","Makira","Marunga"
"SB","Makira","Marupo"
"SB","Makira","Maru'Ura"
"SB","Makira","Masi"
"SB","Makira","Masiu"
"SB","Makira","Masugologo"
"SB","Makira","Matachachali"
"SB","Makira","Matahenua"
"SB","Makira","Matakachi"
"SB","Makira","Matanambamba"
"SB","Makira","Matananughu"
"SB","Makira","Matanaso"
"SB","Makira","Matangasi"
"SB","Makira","Matangga"
"SB","Makira","Matango"
"SB","Makira","Matanikao"
"SB","Makira","Matanikau"
"SB","Makira","Mataniko"
"SB","Makira","Mataninughu"
"SB","Makira","Matapava"
"SB","Makira","Matapuru"
"SB","Makira","Matari"
"SB","Makira","Matariu"
"SB","Makira","Mataruka"
"SB","Makira","Matasere"
"SB","Makira","Matavati"
"SB","Makira","Matekolukolu"
"SB","Makira","Matenggolo"
"SB","Makira","Mati"
"SB","Makira","Matlava"
"SB","Makira","Matoni"
"SB","Makira","Matoraniwai"
"SB","Makira","Mavaina"
"SB","Makira","Maviru"
"SB","Makira","Mavulu"
"SB","Makira","Mavunina"
"SB","Makira","Mawa"
"SB","Makira","Mba'Elasurumbe'U"
"SB","Makira","Mba'Eniambu"
"SB","Makira","Mbagherau"
"SB","Makira","Mbahi"
"SB","Makira","Mbakua"
"SB","Makira","Mbalafai"
"SB","Makira","Mbalanimanu"
"SB","Makira","Mbaleghokoa"
"SB","Makira","Mbaleokala"
"SB","Makira","Mbalola"
"SB","Makira","Mbalo"
"SB","Makira","Mbaloni"
"SB","Makira","Mbambala"
"SB","Makira","Mbambanakira"
"SB","Makira","Mbambandeha"
"SB","Makira","Mbambareilonga"
"SB","Makira","Mbambarelonga"
"SB","Makira","Mbambasu"
"SB","Makira","Mbaole"
"SB","Makira","Mbarakongga"
"SB","Makira","Mbarambou"
"SB","Makira","Mbarana"
"SB","Makira","Mbaranasia"
"SB","Makira","Mbara Parilonga"
"SB","Makira","Mbariki"
"SB","Makira","Mbasakana"
"SB","Makira","Mbazo"
"SB","Makira","Mbea"
"SB","Makira","Mbeghotadhi"
"SB","Makira","Mbeghovila"
"SB","Makira","Mbeghovuvudha"
"SB","Makira","Mbelagha"
"SB","Makira","Mbelaha"
"SB","Makira","Mbelaitohu"
"SB","Makira","Mbelambela"
"SB","Makira","Mbelapita"
"SB","Makira","Mbelasara"
"SB","Makira","Mbelatania"
"SB","Makira","Mbelatasi"
"SB","Makira","Mbelati"
"SB","Makira","Mbele"
"SB","Makira","Mbembe"
"SB","Makira","Mbembenamanu"
"SB","Makira","Mbengena"
"SB","Makira","Mberechoa"
"SB","Makira","Mberelonga"
"SB","Makira","Mberenigha"
"SB","Makira","Mbetembete"
"SB","Makira","Mbetilonga"
"SB","Makira","Mbetimbeti"
"SB","Makira","Mbetini"
"SB","Makira","Mbetitambu"
"SB","Makira","Mbetivaolu"
"SB","Makira","Mbilikovu"
"SB","Makira","Mbilimbili"
"SB","Makira","Mbino"
"SB","Makira","Mbinu"
"SB","Makira","Mbirasu"
"SB","Makira","Mbiti"
"SB","Makira","Mboeni"
"SB","Makira","Mbohu"
"SB","Makira","Mbokasuhu"
"SB","Makira","Mbokiaka"
"SB","Makira","Mbokoaghau"
"SB","Makira","Mbokochare"
"SB","Makira","Mbokola"
"SB","Makira","Mbokolonga"
"SB","Makira","Mbokolovo"
"SB","Makira","Mboko"
"SB","Makira","Mbola"
"SB","Makira","Mbonala"
"SB","Makira","Mbona"
"SB","Makira","Mboranaho"
"SB","Makira","Mborandaho"
"SB","Makira","Mborohinamba"
"SB","Makira","Mborokoko"
"SB","Makira","Mboromole"
"SB","Makira","Mboroni"
"SB","Makira","Mborosavila"
"SB","Makira","Mbotolo"
"SB","Makira","Mboutambu"
"SB","Makira","Mbuambua"
"SB","Makira","Mbuandoko"
"SB","Makira","Mbuasavia"
"SB","Makira","Mbuchikora"
"SB","Makira","Mbughetu"
"SB","Makira","Mbughona"
"SB","Makira","Mbulai"
"SB","Makira","Mbulo"
"SB","Makira","Mbulu"
"SB","Makira","Mbuluminjua"
"SB","Makira","Mbuma"
"SB","Makira","Mbumbualala"
"SB","Makira","Mbumbughoro"
"SB","Makira","Mbumbukembe"
"SB","Makira","Mbumbukolo"
"SB","Makira","Mbumbulonga"
"SB","Makira","Mbumbumaraho"
"SB","Makira","Mbumbunamo"
"SB","Makira","Mbumbunuhu"
"SB","Makira","Mbumbupanapana"
"SB","Makira","Mbumburu"
"SB","Makira","Mbumbutasi"
"SB","Makira","Mbu'Ombu'O"
"SB","Makira","Mburungia"
"SB","Makira","Mbutovatale"
"SB","Makira","Mbuturua"
"SB","Makira","Menai"
"SB","Makira","Menighagha"
"SB","Makira","Mereka"
"SB","Makira","Mimisi"
"SB","Makira","Misinighau"
"SB","Makira","Moela"
"SB","Makira","Moila"
"SB","Makira","Moira"
"SB","Makira","Moki"
"SB","Makira","Moli"
"SB","Makira","Momolu"
"SB","Makira","Mongga"
"SB","Makira","Monggo"
"SB","Makira","Mota"
"SB","Makira","Motombulu"
"SB","Makira","Mou"
"SB","Makira","Mouta"
"SB","Makira","Munamanu"
"SB","Makira","Mwadjo'A"
"SB","Makira","Mwadoa"
"SB","Makira","Mwamwako"
"SB","Makira","Mwaniache"
"SB","Makira","Mwanibwaghosu"
"SB","Makira","Mwanibwagosi"
"SB","Makira","Mwanihuki"
"SB","Makira","Mwanimaoru"
"SB","Makira","Mwanimauru"
"SB","Makira","Mwanipua"
"SB","Makira","Mwaniwowo"
"SB","Makira","Mwarada"
"SB","Makira","Mwarairaru"
"SB","Makira","Mwaratja"
"SB","Makira","Mwareiraro"
"SB","Makira","Mweilalapo"
"SB","Makira","Naafisi"
"SB","Makira","Naakwila"
"SB","Makira","Naambula"
"SB","Makira","Naamute"
"SB","Makira","Naana"
"SB","Makira","Naanau"
"SB","Makira","Na Ande"
"SB","Makira","Naanggwai"
"SB","Makira","Naaruu"
"SB","Makira","Na Chei"
"SB","Makira","Nafinotoga"
"SB","Makira","Nafinua"
"SB","Makira","Nafinuatogho"
"SB","Makira","Nafinuatogo"
"SB","Makira","Naganea"
"SB","Makira","Naghania"
"SB","Makira","Naghatare"
"SB","Makira","Naghighi"
"SB","Makira","Nagho"
"SB","Makira","Naghonangichu"
"SB","Makira","Naghonimbalo"
"SB","Makira","Naghotano"
"SB","Makira","Nagigi"
"SB","Makira","Nagonangitsu"
"SB","Makira","Nahahau"
"SB","Makira","Na Haimbau"
"SB","Makira","Na Hambu"
"SB","Makira","Na Hambusi"
"SB","Makira","Naharahau"
"SB","Makira","Na Hau"
"SB","Makira","Na Homba"
"SB","Makira","Nahombe"
"SB","Makira","Naho"
"SB","Makira","Nahoura"
"SB","Makira","Naifai"
"SB","Makira","Nainaoa"
"SB","Makira","Naiwa"
"SB","Makira","Na Kambi"
"SB","Makira","Na Kene"
"SB","Makira","Na Keo"
"SB","Makira","Na Kili"
"SB","Makira","Na Koilo"
"SB","Makira","Na Kondo"
"SB","Makira","Na Kongga"
"SB","Makira","Nakuhu"
"SB","Makira","Na Kule"
"SB","Makira","Nakuma"
"SB","Makira","Na Kuma"
"SB","Makira","Nakutei"
"SB","Makira","Na Lagho"
"SB","Makira","Nalaguthue"
"SB","Makira","Na Lame"
"SB","Makira","Nala"
"SB","Makira","Nalitata"
"SB","Makira","Na Longa"
"SB","Makira","Namakohigho"
"SB","Makira","Namakohuigo"
"SB","Makira","Na Manu"
"SB","Makira","Namarako"
"SB","Makira","Namarango"
"SB","Makira","Namasi"
"SB","Makira","Namaturi"
"SB","Makira","Nambacomba"
"SB","Makira","Na Mbakero"
"SB","Makira","Na Mbambasa"
"SB","Makira","Nambare"
"SB","Makira","Na Mbocha"
"SB","Makira","Na Mbo"
"SB","Makira","Na Mboneta"
"SB","Makira","Na Mbulonggato"
"SB","Makira","Namoanabaola"
"SB","Makira","Namoanabaula"
"SB","Makira","Namochuvere"
"SB","Makira","Namo'Ere'Ere"
"SB","Makira","Namo'Ia"
"SB","Makira","Namoirora"
"SB","Makira","Namola'Ela'E"
"SB","Makira","Namonahote"
"SB","Makira","Namo Na Kerengandi"
"SB","Makira","Namonambosa"
"SB","Makira","Namongali"
"SB","Makira","Namosalabe"
"SB","Makira","Namosambagha"
"SB","Makira","Namosina"
"SB","Makira","Namo Valu"
"SB","Makira","Nanakeni"
"SB","Makira","Nanakinimae"
"SB","Makira","Nanao"
"SB","Makira","Na Naro"
"SB","Makira","Na Ndoa"
"SB","Makira","Nanepe"
"SB","Makira","Na Ngali"
"SB","Makira","Na Nggeu"
"SB","Makira","Nangli"
"SB","Makira","Na Niva"
"SB","Makira","Na Njelu"
"SB","Makira","Na Nono"
"SB","Makira","Naonai"
"SB","Makira","Na'Ona"
"SB","Makira","Na'Onatala"
"SB","Makira","Naonauli"
"SB","Makira","Naonuli"
"SB","Makira","Napaghewa"
"SB","Makira","Napagiwae"
"SB","Makira","Na Palulu"
"SB","Makira","Naparaohau"
"SB","Makira","Naparaoinawa"
"SB","Makira","Naparaomafai"
"SB","Makira","Naparasusu"
"SB","Makira","Naparenawa"
"SB","Makira","Naparesusu"
"SB","Makira","Naparoahau"
"SB","Makira","Na Pasa"
"SB","Makira","Napasiwai"
"SB","Makira","Na Poli"
"SB","Makira","Na Pono"
"SB","Makira","Napurongo"
"SB","Makira","Narano"
"SB","Makira","Na Rate"
"SB","Makira","Nariasi"
"SB","Makira","Nari'Eke"
"SB","Makira","Narihasi"
"SB","Makira","Narinaasuru"
"SB","Makira","Narioriori"
"SB","Makira","Nari'Ou"
"SB","Makira","Naripuipui"
"SB","Makira","Nariwarawa"
"SB","Makira","Narohei"
"SB","Makira","Naro"
"SB","Makira","Naroro"
"SB","Makira","Naruka"
"SB","Makira","Na Sengge"
"SB","Makira","Na Sungi"
"SB","Makira","Nasuragena"
"SB","Makira","Nasuraghena"
"SB","Makira","Natagere"
"SB","Makira","Nataghera"
"SB","Makira","Nata"
"SB","Makira","Nategera"
"SB","Makira","Na Tita"
"SB","Makira","Naufee"
"SB","Makira","Na Uli"
"SB","Makira","Na Ura"
"SB","Makira","Na Vahalo"
"SB","Makira","Na Vasa"
"SB","Makira","Na Vatali"
"SB","Makira","Na Vaundalo"
"SB","Makira","Na Vila"
"SB","Makira","Na Vura"
"SB","Makira","Na Vuravale"
"SB","Makira","Na Vuvuti"
"SB","Makira","Naworihu"
"SB","Makira","Na Wosi"
"SB","Makira","Ndala"
"SB","Makira","Ndandae"
"SB","Makira","Ndandala"
"SB","Makira","Ndandave"
"SB","Makira","Ndari'Aitolo"
"SB","Makira","Ndarifu'Ikwao"
"SB","Makira","Ndauana"
"SB","Makira","Ndaulahasi"
"SB","Makira","Ndavalaka"
"SB","Makira","Ndende"
"SB","Makira","Ndoma"
"SB","Makira","Nduindui"
"SB","Makira","Ndukuna"
"SB","Makira","Neia"
"SB","Makira","Nene Pungupungu"
"SB","Makira","New Chiri"
"SB","Makira","New Lache"
"SB","Makira","New Mala"
"SB","Makira","New Marere"
"SB","Makira","New Mbambaraho"
"SB","Makira","Newport"
"SB","Makira","New Tenambuti"
"SB","Makira","New Valley"
"SB","Makira","Ngada'Ifiu"
"SB","Makira","Ngadefiu"
"SB","Makira","Ngagatari"
"SB","Makira","Ngaimambulumbu"
"SB","Makira","Ngalato"
"SB","Makira","Ngaliabu"
"SB","Makira","Ngaliachulu"
"SB","Makira","Ngaliae"
"SB","Makira","Ngalialoalo"
"SB","Makira","Ngaliamate"
"SB","Makira","Ngaliambaleo"
"SB","Makira","Ngaliambina"
"SB","Makira","Ngaliapau"
"SB","Makira","Ngalichichimiu"
"SB","Makira","Ngalighaghachogha"
"SB","Makira","Ngalikasiu"
"SB","Makira","Ngalikemukemu"
"SB","Makira","Ngalikoa"
"SB","Makira","Ngalikolia"
"SB","Makira","Ngalikomba"
"SB","Makira","Ngalikombi"
"SB","Makira","Ngalikonare"
"SB","Makira","Ngalikovea"
"SB","Makira","Ngalilalali"
"SB","Makira","Ngalilambelambe"
"SB","Makira","Ngaliluage"
"SB","Makira","Ngaliluaghe"
"SB","Makira","Ngalimakeko"
"SB","Makira","Ngalimarasa"
"SB","Makira","Ngalimaremare"
"SB","Makira","Ngalimauvo"
"SB","Makira","Ngalimbina"
"SB","Makira","Ngalimera"
"SB","Makira","Ngalinanggela"
"SB","Makira","Ngalindova"
"SB","Makira","Ngalinggonu"
"SB","Makira","Ngalipapa"
"SB","Makira","Ngalipeule"
"SB","Makira","Ngalisusure"
"SB","Makira","Ngalitaghaverona"
"SB","Makira","Ngalitatae"
"SB","Makira","Ngalitata"
"SB","Makira","Ngalitavedhi"
"SB","Makira","Ngalito'O"
"SB","Makira","Ngaliturara"
"SB","Makira","Ngalituturiha"
"SB","Makira","Ngalituturima"
"SB","Makira","Ngalituturi"
"SB","Makira","Ngalivasa"
"SB","Makira","Ngalivavatu"
"SB","Makira","Ngalivivinua"
"SB","Makira","Ngalivouvou"
"SB","Makira","Ngalivovo"
"SB","Makira","Ngalivungambau"
"SB","Makira","Ngalivuria"
"SB","Makira","Ngarafata"
"SB","Makira","Ngari'Alambusi"
"SB","Makira","Ngaria'Ura"
"SB","Makira","Ngautu"
"SB","Makira","Nggareka"
"SB","Makira","Nggaulai'Ato'O"
"SB","Makira","Nggesa"
"SB","Makira","Nggeukama"
"SB","Makira","Nggeu"
"SB","Makira","Nggilo"
"SB","Makira","Nggilu"
"SB","Makira","Nggiluniuna"
"SB","Makira","Nggilutae"
"SB","Makira","Nggoinggoi"
"SB","Makira","Nggononggolua"
"SB","Makira","Nggonopoto"
"SB","Makira","Nggosi"
"SB","Makira","Nggounaambusu"
"SB","Makira","Nggounatogha"
"SB","Makira","Nggovu"
"SB","Makira","Ngguluvoa"
"SB","Makira","Nggumu"
"SB","Makira","Nggunggu"
"SB","Makira","Nggurambusu"
"SB","Makira","Nggwaloa"
"SB","Makira","Nggwanggwani'Olou"
"SB","Makira","Nggwaunaire"
"SB","Makira","Nggwaunaloi"
"SB","Makira","Ngongosila"
"SB","Makira","Ngorangora"
"SB","Makira","Ngotikala"
"SB","Makira","Ngutu"
"SB","Makira","Ni'Ina"
"SB","Makira","Nimahoro"
"SB","Makira","Nimaniaihura"
"SB","Makira","Nimaniriko"
"SB","Makira","Nimatori"
"SB","Makira","Nima'Ui'Ui"
"SB","Makira","Nitauhi"
"SB","Makira","Niughaghalo"
"SB","Makira","Niuheli"
"SB","Makira","Niukasu"
"SB","Makira","Niumakani"
"SB","Makira","Niumara"
"SB","Makira","Niuma'Uma'U"
"SB","Makira","Niumeli"
"SB","Makira","Niu Pilesi"
"SB","Makira","Niupote"
"SB","Makira","Niutakina"
"SB","Makira","Njarivonggangga"
"SB","Makira","Njeilao"
"SB","Makira","Noroiru"
"SB","Makira","Noronaho"
"SB","Makira","Noto"
"SB","Makira","Nughu"
"SB","Makira","Nuhu"
"SB","Makira","Nulavu"
"SB","Makira","Numbu"
"SB","Makira","Numu"
"SB","Makira","Numu Numu"
"SB","Makira","Nunu'Asi"
"SB","Makira","Nunughu"
"SB","Makira","Nunulafa"
"SB","Makira","Nunulaka"
"SB","Makira","Nunumbala"
"SB","Makira","Nusunimanu"
"SB","Makira","Oa"
"SB","Makira","Oau"
"SB","Makira","Obaum"
"SB","Makira","Ofakwasi"
"SB","Makira","Ogadea"
"SB","Makira","Oha'Aano"
"SB","Makira","Ohena"
"SB","Makira","Ohi"
"SB","Makira","Ohumae"
"SB","Makira","Oiamaama"
"SB","Makira","Oi'Arai"
"SB","Makira","Oiawaa"
"SB","Makira","Oi'Eke"
"SB","Makira","Oimera"
"SB","Makira","Oinapo"
"SB","Makira","Oiniha'A"
"SB","Makira","Oinihari"
"SB","Makira","Oio"
"SB","Makira","O'Io"
"SB","Makira","Oiparuru"
"SB","Makira","Oipunu"
"SB","Makira","Oipuru"
"SB","Makira","Oiraia"
"SB","Makira","Oirawaro"
"SB","Makira","Oirousu"
"SB","Makira","Oisi'Ini"
"SB","Makira","Oitohutohu"
"SB","Makira","Oitomu"
"SB","Makira","Okeoke"
"SB","Makira","Okiani"
"SB","Makira","Okwala"
"SB","Makira","Old Case"
"SB","Makira","Old Chuva"
"SB","Makira","Old Haimatua"
"SB","Makira","Old Pawa"
"SB","Makira","Olevuga"
"SB","Makira","Olevugha"
"SB","Makira","Olofolo"
"SB","Makira","Oloha"
"SB","Makira","Olokesi"
"SB","Makira","Olomburi"
"SB","Makira","Omba"
"SB","Makira","Omirangia"
"SB","Makira","Onebia"
"SB","Makira","Onefana"
"SB","Makira","Onehatare"
"SB","Makira","Onehatari"
"SB","Makira","Oneibia"
"SB","Makira","Onemae"
"SB","Makira","One"
"SB","Makira","Oneone"
"SB","Makira","Onepara"
"SB","Makira","Onepusu"
"SB","Makira","Onesere"
"SB","Makira","Oneteva"
"SB","Makira","Oneuru"
"SB","Makira","Onggaongga"
"SB","Makira","'Onggou"
"SB","Makira","Onibia"
"SB","Makira","Onitari"
"SB","Makira","Onitewa"
"SB","Makira","O'Omatawa"
"SB","Makira","Oonerohoroho"
"SB","Makira","O'O"
"SB","Makira","Ootenimae"
"SB","Makira","Oote"
"SB","Makira","'Opo'Opo"
"SB","Makira","Oraetaro"
"SB","Makira","Ora"
"SB","Makira","Ore"
"SB","Makira","Orombina"
"SB","Makira","Osinakaro"
"SB","Makira","Osonakaro"
"SB","Makira","Ote'Anggo"
"SB","Makira","Oteiora"
"SB","Makira","Ote"
"SB","Makira","Oteotea"
"SB","Makira","Ote'Ote"
"SB","Makira","Oterama"
"SB","Makira","Otou"
"SB","Makira","Ouitcho"
"SB","Makira","Oula"
"SB","Makira","Paa"
"SB","Makira","Paarai"
"SB","Makira","Pachipachi"
"SB","Makira","Paena"
"SB","Makira","Paeni"
"SB","Makira","Paeraurasu"
"SB","Makira","Paiatori"
"SB","Makira","Paimbeta"
"SB","Makira","Palasu'U"
"SB","Makira","Palolu"
"SB","Makira","Palulu"
"SB","Makira","Pamua"
"SB","Makira","Panatina"
"SB","Makira","Panuha"
"SB","Makira","Panuhe"
"SB","Makira","Pao"
"SB","Makira","Papaie"
"SB","Makira","Papai"
"SB","Makira","Papalaha"
"SB","Makira","Papanaka"
"SB","Makira","Papanggu"
"SB","Makira","Papangu"
"SB","Makira","Papasuli"
"SB","Makira","Papipao"
"SB","Makira","Papi"
"SB","Makira","Papipap"
"SB","Makira","Para'Akai"
"SB","Makira","Parambauna"
"SB","Makira","Parapara"
"SB","Makira","Parasi"
"SB","Makira","Paravele"
"SB","Makira","Pare'Omane"
"SB","Makira","Pare'O"
"SB","Makira","Pare"
"SB","Makira","Parepare"
"SB","Makira","Parina"
"SB","Makira","Paripao"
"SB","Makira","Parisisi"
"SB","Makira","Paro"
"SB","Makira","Paru"
"SB","Makira","Paruru"
"SB","Makira","Pasana"
"SB","Makira","Pasifatoga"
"SB","Makira","Pasifutogha"
"SB","Makira","Pataerae"
"SB","Makira","Patima"
"SB","Makira","Patura"
"SB","Makira","Paunairo"
"SB","Makira","Paunanu'U"
"SB","Makira","Paungga"
"SB","Makira","Pau"
"SB","Makira","Paupau"
"SB","Makira","Paura"
"SB","Makira","Pauro"
"SB","Makira","Pawa"
"SB","Makira","Pelekea"
"SB","Makira","Peochakuri"
"SB","Makira","Peonakake"
"SB","Makira","Peonamacho"
"SB","Makira","Peonavula"
"SB","Makira","Perachikai"
"SB","Makira","Perachika"
"SB","Makira","Perakauru"
"SB","Makira","Pere'Oi"
"SB","Makira","Petupat"
"SB","Makira","Petupetu"
"SB","Makira","Piapia"
"SB","Makira","Piatarau"
"SB","Makira","Pichahila"
"SB","Makira","Piela"
"SB","Makira","Pilo"
"SB","Makira","Pilupotori"
"SB","Makira","Pina"
"SB","Makira","Pinau"
"SB","Makira","Pipisu"
"SB","Makira","Pisagila"
"SB","Makira","Pitakutukutu"
"SB","Makira","Pite"
"SB","Makira","Piundava"
"SB","Makira","Plartual"
"SB","Makira","Poepoe"
"SB","Makira","Pogholauka"
"SB","Makira","Poholauka"
"SB","Makira","Poianiho"
"SB","Makira","Poichachu"
"SB","Makira","Poikotogha"
"SB","Makira","Poinagobo"
"SB","Makira","Poinahoho"
"SB","Makira","Poinanggela"
"SB","Makira","Poisughu"
"SB","Makira","Pokolauka"
"SB","Makira","Poli"
"SB","Makira","Polomuhu"
"SB","Makira","Pona"
"SB","Makira","Poponaia"
"SB","Makira","Popona'Ire"
"SB","Makira","Poposa"
"SB","Makira","Poreniaro"
"SB","Makira","Porokokore"
"SB","Makira","Potani'Uu"
"SB","Makira","Pouiramo"
"SB","Makira","Pounandi"
"SB","Makira","Pounanohu"
"SB","Makira","Poupasu"
"SB","Makira","Po'U"
"SB","Makira","Pourah"
"SB","Makira","Puchua"
"SB","Makira","Pui"
"SB","Makira","Pukambuti"
"SB","Makira","Pululaha"
"SB","Makira","Pulu"
"SB","Makira","Pupuanakeni"
"SB","Makira","Pupuri'A"
"SB","Makira","Puputa"
"SB","Makira","Purakechau"
"SB","Makira","Purakechu"
"SB","Makira","Purakesale"
"SB","Makira","Purakiki"
"SB","Makira","Puralava"
"SB","Makira","Pura"
"SB","Makira","Purapura"
"SB","Makira","Puratao"
"SB","Makira","Purepure"
"SB","Makira","Puriasi"
"SB","Makira","Puri'Asi"
"SB","Makira","Purikiki"
"SB","Makira","Puripuri"
"SB","Makira","Pusuraghi"
"SB","Makira","Pwe'U"
"SB","Makira","Raa"
"SB","Makira","Rabu"
"SB","Makira","Rabuta"
"SB","Makira","Radefasu"
"SB","Makira","Raeao"
"SB","Makira","Raeavu"
"SB","Makira","Ragapu"
"SB","Makira","Raghapu"
"SB","Makira","Raia"
"SB","Makira","Raisi"
"SB","Makira","Rako"
"SB","Makira","Ralavu"
"SB","Makira","Rama"
"SB","Makira","Rambali"
"SB","Makira","Rambunggaula"
"SB","Makira","Ramoma'Ini"
"SB","Makira","Rani"
"SB","Makira","Ranja"
"SB","Makira","Raoha"
"SB","Makira","Raolo"
"SB","Makira","Raputete"
"SB","Makira","Raraetaro"
"SB","Makira","Rarafata"
"SB","Makira","Rara"
"SB","Makira","Rararona"
"SB","Makira","Rararo"
"SB","Makira","Rarasi"
"SB","Makira","Rarasu"
"SB","Makira","Rarata"
"SB","Makira","Rarato"
"SB","Makira","Raraususia"
"SB","Makira","Raria'Oa"
"SB","Makira","Raroasi"
"SB","Makira","Ratakeni"
"SB","Makira","Rata"
"SB","Makira","Ratei"
"SB","Makira","Rate"
"SB","Makira","Rau'Ahu"
"SB","Makira","Rau'E'Eta"
"SB","Makira","Rauhi"
"SB","Makira","Raukerere"
"SB","Makira","Raukwao"
"SB","Makira","Raunitono"
"SB","Makira","Raupono"
"SB","Makira","Rauramba"
"SB","Makira","Raurasua"
"SB","Makira","Raurauna"
"SB","Makira","Raurembo"
"SB","Makira","Rauribau"
"SB","Makira","Rautalu"
"SB","Makira","Rauvalu"
"SB","Makira","Raverave"
"SB","Makira","Ravu"
"SB","Makira","Ravu Sondu Kosi"
"SB","Makira","Ravu Sondu Ulu"
"SB","Makira","Ravu Soundu Ulu"
"SB","Makira","Rawanaoru"
"SB","Makira","Reilonga"
"SB","Makira","Reko"
"SB","Makira","Relonga"
"SB","Makira","Rerea"
"SB","Makira","Rerehonomae"
"SB","Makira","Rerembonumbonu"
"SB","Makira","Rere"
"SB","Makira","Rerere"
"SB","Makira","Rihoniwasi"
"SB","Makira","Rihutarau"
"SB","Makira","Riimairuu"
"SB","Makira","Rikipara"
"SB","Makira","Rio'Aaea"
"SB","Makira","Rio'Ahia"
"SB","Makira","Rio'Ao"
"SB","Makira","Riohiasi"
"SB","Makira","Riomara'U'U"
"SB","Makira","Ripo"
"SB","Makira","Riverside"
"SB","Makira","Ro'Ameo"
"SB","Makira","Roapu"
"SB","Makira","Roawaisisi"
"SB","Makira","Roghu"
"SB","Makira","Rohinari"
"SB","Makira","Rokai"
"SB","Makira","Rokera"
"SB","Makira","Rongofangaa"
"SB","Makira","Rongokwere"
"SB","Makira","Rongoleilei"
"SB","Makira","Rongomae"
"SB","Makira","Rongomoli"
"SB","Makira","Rongoninggorunggoru"
"SB","Makira","Roone"
"SB","Makira","Ropa"
"SB","Makira","Rorongo"
"SB","Makira","Roroni"
"SB","Makira","Rororia"
"SB","Makira","Rota"
"SB","Makira","Rova"
"SB","Makira","Rove"
"SB","Makira","Ruaniu"
"SB","Makira","Ruapuri"
"SB","Makira","Ruavatu"
"SB","Makira","Rufoki"
"SB","Makira","Rughu"
"SB","Makira","Rumahui"
"SB","Makira","Rumatari"
"SB","Makira","Runanigogoro"
"SB","Makira","Ruru'Uhe"
"SB","Makira","Rutaorea"
"SB","Makira","Ru'U"
"SB","Makira","Saa Mission"
"SB","Makira","Sa'A"
"SB","Makira","Sabonau"
"SB","Makira","Saghavua"
"SB","Makira","Sahalu"
"SB","Makira","Sahasahakama"
"SB","Makira","Sahuhu"
"SB","Makira","Saighilana"
"SB","Makira","Sainahando"
"SB","Makira","Sakevolo"
"SB","Makira","Sakosi"
"SB","Makira","Salalava"
"SB","Makira","Salamarao"
"SB","Makira","Salapuka"
"SB","Makira","Salatolu"
"SB","Makira","Salaura"
"SB","Makira","Salesapa"
"SB","Makira","Sali'Au"
"SB","Makira","Salisapa"
"SB","Makira","Samaria"
"SB","Makira","Sambani"
"SB","Makira","Sanabogo"
"SB","Makira","Sandato"
"SB","Makira","Sandeleni"
"SB","Makira","Sandikepi"
"SB","Makira","Sanggasere"
"SB","Makira","Sani Lae"
"SB","Makira","Sani Lumu"
"SB","Makira","Saofura"
"SB","Makira","Sao"
"SB","Makira","Sapanetavu"
"SB","Makira","Sape"
"SB","Makira","Sapuru"
"SB","Makira","Saranakako"
"SB","Makira","Saranuli"
"SB","Makira","Sarawasi"
"SB","Makira","Sarimera"
"SB","Makira","Sasacoma"
"SB","Makira","Sasahakama"
"SB","Makira","Sasaleka'O"
"SB","Makira","Sasaleke'O"
"SB","Makira","Saua"
"SB","Makira","Saunata"
"SB","Makira","Saunatu"
"SB","Makira","Saungulu"
"SB","Makira","Sauri"
"SB","Makira","Savalu"
"SB","Makira","Savaolo"
"SB","Makira","Savaolu"
"SB","Makira","Sava"
"SB","Makira","Savekau"
"SB","Makira","Savilu"
"SB","Makira","Savolo"
"SB","Makira","Savuna"
"SB","Makira","Sawarokau"
"SB","Makira","Selaghoghoro"
"SB","Makira","Selatenagho"
"SB","Makira","Selavana"
"SB","Makira","Semano"
"SB","Makira","Sepi"
"SB","Makira","Sepi Village"
"SB","Makira","Serabese"
"SB","Makira","Seragala"
"SB","Makira","Serighama"
"SB","Makira","Sesepi"
"SB","Makira","Seve"
"SB","Makira","Siarana"
"SB","Makira","Siarara"
"SB","Makira","Siata"
"SB","Makira","Sighosapa"
"SB","Makira","Sihomaniwara"
"SB","Makira","Sihomwaniwala"
"SB","Makira","Siinamuo"
"SB","Makira","Sikwafunu"
"SB","Makira","Sili"
"SB","Makira","Simba"
"SB","Makira","Simbo"
"SB","Makira","Simiu Bank"
"SB","Makira","Simuli"
"SB","Makira","Sinalanggu"
"SB","Makira","Sinamo"
"SB","Makira","Sinasuu"
"SB","Makira","Singgilia"
"SB","Makira","Singiti"
"SB","Makira","Siodjuru"
"SB","Makira","Sioduru"
"SB","Makira","Siota Mission"
"SB","Makira","Siota"
"SB","Makira","Sirana"
"SB","Makira","Siriwareo"
"SB","Makira","Sirokakara"
"SB","Makira","Siro"
"SB","Makira","Sisiota"
"SB","Makira","Sitaronda"
"SB","Makira","Sita"
"SB","Makira","Sivula"
"SB","Makira","Siwapau"
"SB","Makira","Siwarau"
"SB","Makira","Smalo"
"SB","Makira","Soesonde"
"SB","Makira","Soghati"
"SB","Makira","Soghoka"
"SB","Makira","Somber"
"SB","Makira","Songgulu"
"SB","Makira","Sopanitogha"
"SB","Makira","Sopapera"
"SB","Makira","Sorovisi"
"SB","Makira","Soso"
"SB","Makira","Suaghi"
"SB","Makira","Suagi"
"SB","Makira","Sub Talahia"
"SB","Makira","Su'Ena"
"SB","Makira","Suenna"
"SB","Makira","Sughulonga"
"SB","Makira","Sughu"
"SB","Makira","Sugu"
"SB","Makira","Suguu"
"SB","Makira","Suhairato"
"SB","Makira","Suhu"
"SB","Makira","Suilonggolonggo"
"SB","Makira","Sukiki"
"SB","Makira","Suliliu"
"SB","Makira","Sulofoloa"
"SB","Makira","Sumate"
"SB","Makira","Sumbaniu"
"SB","Makira","Sumbombono"
"SB","Makira","Sunahavi"
"SB","Makira","Sunana"
"SB","Makira","Sunasau"
"SB","Makira","Sunavutu"
"SB","Makira","Sungasau"
"SB","Makira","Sungina"
"SB","Makira","Sungulu"
"SB","Makira","Suputovu"
"SB","Makira","Sura'Iro"
"SB","Makira","Suramane"
"SB","Makira","Suramani"
"SB","Makira","Suranani"
"SB","Makira","Surapau"
"SB","Makira","Suruaharau"
"SB","Makira","Suruanihonu"
"SB","Makira","Suru'Ao"
"SB","Makira","Suruhoroa"
"SB","Makira","Suruni'Oi"
"SB","Makira","Susu"
"SB","Makira","Susu'Ume"
"SB","Makira","Su'Uholo"
"SB","Makira","Su'Uirahu"
"SB","Makira","Suu Lava"
"SB","Makira","Suumatahu"
"SB","Makira","Suunanila"
"SB","Makira","Suurawa"
"SB","Makira","Su'Uri'I"
"SB","Makira","Su'Uruaharau"
"SB","Makira","Su'Usu"
"SB","Makira","Su'U"
"SB","Makira","Su'Utaluhia"
"SB","Makira","Suva"
"SB","Makira","Ta'Alulolo"
"SB","Makira","Ta'Arutona"
"SB","Makira","Tabaa"
"SB","Makira","Taba"
"SB","Makira","Tadhighalagha"
"SB","Makira","Tadhimane"
"SB","Makira","Tadhi"
"SB","Makira","Taeniu"
"SB","Makira","Ta'Eri'Ara"
"SB","Makira","Tafukoe"
"SB","Makira","Tagatalau"
"SB","Makira","Tagholauna"
"SB","Makira","Tagongga"
"SB","Makira","Tagulaunga"
"SB","Makira","Tahaa"
"SB","Makira","Tahaimbau"
"SB","Makira","Taheramo"
"SB","Makira","Tahibo"
"SB","Makira","Tainiu"
"SB","Makira","Taitai"
"SB","Makira","Taivo"
"SB","Makira","Taivu"
"SB","Makira","Taka'Ito"
"SB","Makira","Takamboro"
"SB","Makira","Takataka"
"SB","Makira","Takatakati"
"SB","Makira","Takavali"
"SB","Makira","Takemboru"
"SB","Makira","Takira"
"SB","Makira","Takoi"
"SB","Makira","Takokoilo"
"SB","Makira","Takola"
"SB","Makira","Takolenduna"
"SB","Makira","Takonga"
"SB","Makira","Takongga"
"SB","Makira","Takopikopi"
"SB","Makira","Takosoarangga"
"SB","Makira","Takuika"
"SB","Makira","Takurakura"
"SB","Makira","Takwafiru"
"SB","Makira","Talahia"
"SB","Makira","Talaitango"
"SB","Makira","Talakali"
"SB","Makira","Talamu"
"SB","Makira","Talaura"
"SB","Makira","Talesimba"
"SB","Makira","Taliatango"
"SB","Makira","Talingavatu"
"SB","Makira","Talisemba"
"SB","Makira","Taloa"
"SB","Makira","Tamami"
"SB","Makira","Tamanby"
"SB","Makira","Tamatangga"
"SB","Makira","Tamba'Au"
"SB","Makira","Tambakokomu"
"SB","Makira","Tambakolo"
"SB","Makira","Tambalia"
"SB","Makira","Tambalusu"
"SB","Makira","Tambani"
"SB","Makira","Tambea"
"SB","Makira","Tambelusu"
"SB","Makira","Tambero"
"SB","Makira","Tambili"
"SB","Makira","Tamboko"
"SB","Makira","Tambughu"
"SB","Makira","Tambugu"
"SB","Makira","Tambulivu"
"SB","Makira","Tambunahambu"
"SB","Makira","Tambunambulo"
"SB","Makira","Tambunimane"
"SB","Makira","Tamburiu"
"SB","Makira","Tametame"
"SB","Makira","Tametave"
"SB","Makira","Tanaemba"
"SB","Makira","Tanagai"
"SB","Makira","Tanahai"
"SB","Makira","Tanakea"
"SB","Makira","Tanakindi"
"SB","Makira","Tanakola"
"SB","Makira","Tanakombu"
"SB","Makira","Tanakongga"
"SB","Makira","Tanalanga"
"SB","Makira","Tanambora"
"SB","Makira","Tanamo"
"SB","Makira","Tanandoe"
"SB","Makira","Tanapau"
"SB","Makira","Tanapoi"
"SB","Makira","Tanasali"
"SB","Makira","Tanatete"
"SB","Makira","Tanavalea"
"SB","Makira","Tanavasa"
"SB","Makira","Tandalo"
"SB","Makira","Tangali"
"SB","Makira","Tanged"
"SB","Makira","Tanggilanggila"
"SB","Makira","Tanggonggora"
"SB","Makira","Tangongote"
"SB","Makira","Tanikola"
"SB","Makira","Taombo"
"SB","Makira","Taori"
"SB","Makira","Tapa'Atewa"
"SB","Makira","Tapou"
"SB","Makira","Tarahoro"
"SB","Makira","Taraikui"
"SB","Makira","Taramata"
"SB","Makira","Tar'Aniparu"
"SB","Makira","Taraoto"
"SB","Makira","Tarapaina"
"SB","Makira","Tarapiri"
"SB","Makira","Tarariu"
"SB","Makira","Tarariwa"
"SB","Makira","Taratarau"
"SB","Makira","Taraupata"
"SB","Makira","Tari'Ao"
"SB","Makira","Taroaniara"
"SB","Makira","Taro'A"
"SB","Makira","Tarohaha"
"SB","Makira","Tarosi"
"SB","Makira","Taruta'A"
"SB","Makira","Tasilaki"
"SB","Makira","Tasiloki"
"SB","Makira","Tasimania"
"SB","Makira","Tasisi"
"SB","Makira","Tasi"
"SB","Makira","Tasiuki"
"SB","Makira","Tasule"
"SB","Makira","Tatamba"
"SB","Makira","Tatatu"
"SB","Makira","Tatau"
"SB","Makira","Tatira"
"SB","Makira","Tau'Ialomae"
"SB","Makira","Taulalamu"
"SB","Makira","Taumbaghe"
"SB","Makira","Taumbuto"
"SB","Makira","Taunavali"
"SB","Makira","Taupanda"
"SB","Makira","Tausoro"
"SB","Makira","Tau"
"SB","Makira","Tautuvera"
"SB","Makira","Tavabuta"
"SB","Makira","Tavala"
"SB","Makira","Tavangaoa"
"SB","Makira","Tavavao"
"SB","Makira","Tavioa"
"SB","Makira","Tavughi"
"SB","Makira","Tavulea"
"SB","Makira","Tavulepasa"
"SB","Makira","Tavuli"
"SB","Makira","Tavutisakai"
"SB","Makira","Tawaaro"
"SB","Makira","Tawahaule"
"SB","Makira","Tawaiabu"
"SB","Makira","Tawaibu"
"SB","Makira","Tawaihuro"
"SB","Makira","Tawai Mare"
"SB","Makira","Tawainupu"
"SB","Makira","Tawaiosi"
"SB","Makira","Tawairoi"
"SB","Makira","Tawaiseu"
"SB","Makira","Tawaisira"
"SB","Makira","Tawanaora"
"SB","Makira","Tawana"
"SB","Makira","Tawanava"
"SB","Makira","Tawania"
"SB","Makira","Tawanimae"
"SB","Makira","Tawanisisisi"
"SB","Makira","Tawanisitoo"
"SB","Makira","Tawani"
"SB","Makira","Tawapaina"
"SB","Makira","Tawaraha"
"SB","Makira","Tawarararo"
"SB","Makira","Tawarihira"
"SB","Makira","Tawarihou"
"SB","Makira","Tawarodo"
"SB","Makira","Tawaroga"
"SB","Makira","Tawarogha"
"SB","Makira","Tawasubwe"
"SB","Makira","Tawasu"
"SB","Makira","Tawatana"
"SB","Makira","Tawa'Uia"
"SB","Makira","Tearoku"
"SB","Makira","Teatupa"
"SB","Makira","Telina"
"SB","Makira","Tenabuti"
"SB","Makira","Tenadhugha"
"SB","Makira","Tenaghau"
"SB","Makira","Tenahi Mission"
"SB","Makira","Tenakaro"
"SB","Makira","Tenakoko"
"SB","Makira","Tenalinggi"
"SB","Makira","Tenambuti"
"SB","Makira","Tenandalovi"
"SB","Makira","Tenaro"
"SB","Makira","Tenaru"
"SB","Makira","Tenatelidhe"
"SB","Makira","Tenatomba"
"SB","Makira","Tenatungi"
"SB","Makira","Tenauti"
"SB","Makira","Tenavatu"
"SB","Makira","Tenavunudha"
"SB","Makira","Tenavutu"
"SB","Makira","Tenendoe"
"SB","Makira","Teneru"
"SB","Makira","Tereali"
"SB","Makira","Tetenimae"
"SB","Makira","Tetere"
"SB","Makira","Tevua"
"SB","Makira","Tinabuti"
"SB","Makira","Tinahodhi"
"SB","Makira","Tinaindari"
"SB","Makira","Tina"
"SB","Makira","Tinggoa"
"SB","Makira","Tinomeat"
"SB","Makira","Tinovika"
"SB","Makira","Tirovisi"
"SB","Makira","Tiua"
"SB","Makira","Tiuni"
"SB","Makira","Tiviale"
"SB","Makira","Toa"
"SB","Makira","Toga"
"SB","Makira","Toghasa"
"SB","Makira","Togha"
"SB","Makira","Toghorei"
"SB","Makira","Toghunaovo"
"SB","Makira","Togore"
"SB","Makira","Togunaovo"
"SB","Makira","Toitombe"
"SB","Makira","Tokopigopi"
"SB","Makira","Tolughu"
"SB","Makira","Tombakambu"
"SB","Makira","Tomura"
"SB","Makira","Tongona"
"SB","Makira","Toohita"
"SB","Makira","Tookina"
"SB","Makira","Torapare'O"
"SB","Makira","Torapora"
"SB","Makira","Toriheo"
"SB","Makira","Toriowango"
"SB","Makira","Toroa"
"SB","Makira","Torohane"
"SB","Makira","Toronihanua"
"SB","Makira","Totolni"
"SB","Makira","Totome'Etani"
"SB","Makira","Totongo"
"SB","Makira","Tsamburu"
"SB","Makira","Tsapuru"
"SB","Makira","Tuaninamo"
"SB","Makira","Tuaria"
"SB","Makira","Tuavarava"
"SB","Makira","Tuhurutolu"
"SB","Makira","Tuitolu"
"SB","Makira","Tulachara"
"SB","Makira","Tulaghi"
"SB","Makira","Tulagi"
"SB","Makira","Tumanggulu"
"SB","Makira","Tumbila"
"SB","Makira","Tumbuka"
"SB","Makira","Tumuligahu"
"SB","Makira","Tumulighohu"
"SB","Makira","Tumuligohu"
"SB","Makira","Tumumbosa"
"SB","Makira","Tumumboso"
"SB","Makira","Tumurora"
"SB","Makira","Tumuugohu"
"SB","Makira","Tundu"
"SB","Makira","Tupaveke"
"SB","Makira","Turi"
"SB","Makira","Tutumu"
"SB","Makira","Tutuva"
"SB","Makira","Tuvaruhu"
"SB","Makira","Tuvukokichi"
"SB","Makira","Tuvu"
"SB","Makira","Uani"
"SB","Makira","Uara"
"SB","Makira","Ubuna"
"SB","Makira","Uclava"
"SB","Makira","Uhu"
"SB","Makira","Uivate"
"SB","Makira","Ulakuma"
"SB","Makira","Uluambolo"
"SB","Makira","Ulusughu"
"SB","Makira","Ulusugo"
"SB","Makira","Ulusugu"
"SB","Makira","Umara"
"SB","Makira","Uma"
"SB","Makira","Umuu"
"SB","Makira","Unawa"
"SB","Makira","Ungalesi"
"SB","Makira","Uni"
"SB","Makira","Univa"
"SB","Makira","Untava"
"SB","Makira","Upuna"
"SB","Makira","Upu"
"SB","Makira","Uraghai"
"SB","Makira","Ura"
"SB","Makira","Uruilangi"
"SB","Makira","Ururu"
"SB","Makira","Ususua"
"SB","Makira","U'Ula"
"SB","Makira","U'Unimenu"
"SB","Makira","Uura"
"SB","Makira","Vadhalutu"
"SB","Makira","Vadhavoka"
"SB","Makira","Vaenimala"
"SB","Makira","Vahato"
"SB","Makira","Vaholia"
"SB","Makira","Vahoria"
"SB","Makira","Vaimaia"
"SB","Makira","Vaitambu"
"SB","Makira","Valakaro"
"SB","Makira","Valangge"
"SB","Makira","Valasi"
"SB","Makira","Valearanisi"
"SB","Makira","Valeato"
"SB","Makira","Valechacha"
"SB","Makira","Valechomara"
"SB","Makira","Valekeo"
"SB","Makira","Valemano"
"SB","Makira","Valemanu"
"SB","Makira","Valemaunu"
"SB","Makira","Valembaimbai"
"SB","Makira","Valembakero"
"SB","Makira","Valembilombilo"
"SB","Makira","Valembolo"
"SB","Makira","Vale Muse"
"SB","Makira","Vale Na Koko"
"SB","Makira","Valengali"
"SB","Makira","Valengal"
"SB","Makira","Valepombo"
"SB","Makira","Valesala"
"SB","Makira","Valesighao"
"SB","Makira","Valesule"
"SB","Makira","Valevaghalo"
"SB","Makira","Valevale"
"SB","Makira","Valevuru"
"SB","Makira","Vambahunu"
"SB","Makira","Vangapisu"
"SB","Makira","Vanuavaolu"
"SB","Makira","Vaovao"
"SB","Makira","Varangge"
"SB","Makira","Vara"
"SB","Makira","Varhui"
"SB","Makira","Variana"
"SB","Makira","Vasavarangge"
"SB","Makira","Vatakulau"
"SB","Makira","Vatalochi"
"SB","Makira","Vatasevue"
"SB","Makira","Vatavi"
"SB","Makira","Vatibora"
"SB","Makira","Vatinarau"
"SB","Makira","Vatomanivo"
"SB","Makira","Vatualae"
"SB","Makira","Vatubora"
"SB","Makira","Vatughai"
"SB","Makira","Vatuhila"
"SB","Makira","Vatukapicha"
"SB","Makira","Vatukolaa"
"SB","Makira","Vatukulau"
"SB","Makira","Vatulava"
"SB","Makira","Vatuloki"
"SB","Makira","Vatulovo"
"SB","Makira","Vatumanivo"
"SB","Makira","Vatumbaghea"
"SB","Makira","Vatumbora"
"SB","Makira","Vatunakuvukuvu"
"SB","Makira","Vatunandi"
"SB","Makira","Vatuniura"
"SB","Makira","Vatupilei"
"SB","Makira","Vatupura"
"SB","Makira","Vatusii"
"SB","Makira","Vatutaranggau"
"SB","Makira","Vatuteko"
"SB","Makira","Vatuvonu"
"SB","Makira","Vatuvua"
"SB","Makira","Vau"
"SB","Makira","Vauvau"
"SB","Makira","Vavaea"
"SB","Makira","Vavao"
"SB","Makira","Verabue"
"SB","Makira","Verabuni"
"SB","Makira","Veragalea"
"SB","Makira","Veraghalea"
"SB","Makira","Veraghavai"
"SB","Makira","Veraghughula"
"SB","Makira","Verahanjahanja"
"SB","Makira","Verahavai"
"SB","Makira","Verahoai"
"SB","Makira","Verahue"
"SB","Makira","Verahui"
"SB","Makira","Verahulolo"
"SB","Makira","Verahuvia"
"SB","Makira","Verakaria"
"SB","Makira","Verakauraghinia"
"SB","Makira","Verakelia"
"SB","Makira","Verakuskau"
"SB","Makira","Veralala"
"SB","Makira","Veralava"
"SB","Makira","Veralee"
"SB","Makira","Veralenga"
"SB","Makira","Veralengga"
"SB","Makira","Veralevugha"
"SB","Makira","Veralevuha"
"SB","Makira","Veralilighi"
"SB","Makira","Veramakula"
"SB","Makira","Veramakuru"
"SB","Makira","Veramambe"
"SB","Makira","Veramambi"
"SB","Makira","Verambasia"
"SB","Makira","Veramboli"
"SB","Makira","Verambou"
"SB","Makira","Veramogho"
"SB","Makira","Veramogo"
"SB","Makira","Veranggono"
"SB","Makira","Verani"
"SB","Makira","Verasara"
"SB","Makira","Verasua"
"SB","Makira","Veraulia"
"SB","Makira","Veravaolu"
"SB","Makira","Veravasu"
"SB","Makira","Veravaulo"
"SB","Makira","Veravaulu"
"SB","Makira","Veravolia"
"SB","Makira","Verigalia"
"SB","Makira","Veuru"
"SB","Makira","Veuvu"
"SB","Makira","Viavusa"
"SB","Makira","Vilu"
"SB","Makira","Visakiki"
"SB","Makira","Visanaoru"
"SB","Makira","Viso"
"SB","Makira","Voghavule"
"SB","Makira","Voliemba"
"SB","Makira","Volinavua"
"SB","Makira","Volivoli"
"SB","Makira","Voloa"
"SB","Makira","Volonavua"
"SB","Makira","Vonu"
"SB","Makira","Vorovota"
"SB","Makira","Votumasoghata"
"SB","Makira","Vow Vow"
"SB","Makira","Vuavao"
"SB","Makira","Vudu"
"SB","Makira","Vugholonga"
"SB","Makira","Vugolonga"
"SB","Makira","Vugulonga"
"SB","Makira","Vuhu"
"SB","Makira","Vulolo"
"SB","Makira","Vunanuli"
"SB","Makira","Vunjimbuli"
"SB","Makira","Vunuha"
"SB","Makira","Vunusa"
"SB","Makira","Vuragha"
"SB","Makira","Vuraimosu"
"SB","Makira","Vuranembonembo"
"SB","Makira","Vuranimala"
"SB","Makira","Vuratindao"
"SB","Makira","Vuravohai"
"SB","Makira","Vura"
"SB","Makira","Vuturua"
"SB","Makira","Wahere"
"SB","Makira","Waiahaa"
"SB","Makira","Waibana"
"SB","Makira","Waihii"
"SB","Makira","Waihusa"
"SB","Makira","Wai'Iripo"
"SB","Makira","Wailulu"
"SB","Makira","Waima'Aka"
"SB","Makira","Waimahui"
"SB","Makira","Waimapuru"
"SB","Makira","Waimarae"
"SB","Makira","Waimarai"
"SB","Makira","Waimarau"
"SB","Makira","Waimbonombono"
"SB","Makira","Wainaworasi"
"SB","Makira","Wainoni"
"SB","Makira","Wai'Ou"
"SB","Makira","Waipora"
"SB","Makira","Wairadina"
"SB","Makira","Wairaia"
"SB","Makira","Wairaraha"
"SB","Makira","Wairaramua"
"SB","Makira","Wairimane"
"SB","Makira","Wairokai"
"SB","Makira","Wairoka"
"SB","Makira","Wairura"
"SB","Makira","Waisiri"
"SB","Makira","Waisisi"
"SB","Makira","Waisusu"
"SB","Makira","Waitani"
"SB","Makira","Waitao"
"SB","Makira","Waitara"
"SB","Makira","Waitautaru"
"SB","Makira","Waitete"
"SB","Makira","Wakio"
"SB","Makira","Wakora"
"SB","Makira","Walade"
"SB","Makira","Wango"
"SB","Makira","Wanione"
"SB","Makira","Wanipuru"
"SB","Makira","Waowaorahi"
"SB","Makira","Waowao"
"SB","Makira","Waraata"
"SB","Makira","Warakirita"
"SB","Makira","Waraniuwo"
"SB","Makira","Wararaia"
"SB","Makira","Warekau"
"SB","Makira","Wariatipai"
"SB","Makira","Waro'Ai"
"SB","Makira","Waro'Au"
"SB","Makira","Waropara"
"SB","Makira","Wataro"
"SB","Makira","Wawarioke"
"SB","Makira","Werobungia"
"SB","Makira","White River"
"SB","Makira","Wugiroga"
