"TM","Lebap","Aadzi"
"TM","Balkan","Admi-Yab"
"TM","Lebap","Adzhi"
"TM","Balkan","Adzhikui"
"TM","Balkan","Adzhi-Kuyu"
"TM","Balkan","Adzhiyab"
"TM","Balkan","Adzhyyab"
"TM","Balkan","Agach-Arvat"
"TM","Balkan","Aga-Many"
"TM","Lebap","Agar"
"TM","Ahal","Agdzha-Kala"
"TM","Ahal","Agja Kala"
"TM","Balkan","Ajyyap"
"TM","Balkan","Ak"
"TM","Mary","Ak-Bay"
"TM","Balkan","Akbogaz"
"TM","Lebap","Ak-Bulak"
"TM","Balkan","Akdash"
"TM","Ahal","Ak-Dashayak"
"TM","Ahal","Akdepe"
"TM","Dashoguz","Akdepe"
"TM","Ahal","Ak-Gaudan"
"TM","Ahal","Akhchadepe"
"TM","Balkan","Akhchaguyma"
"TM","Balkan","Akhcha-Kuyma"
"TM","Ahal","Akhcha-Tepe"
"TM","Ahal","Akhtash-Ovliya"
"TM","Lebap","Akkala"
"TM","Balkan","Ak-Kaya"
"TM","Balkan","Akkui"
"TM","Lebap","Ak-Kum"
"TM","Lebap","Akkumulam"
"TM","Lebap","Akkumulyam"
"TM","Ahal","Ak-Kungur"
"TM","Balkan","Ak-Kuyu"
"TM","Lebap","Ak-Mechet"
"TM","Lebap","Ak-Rabat"
"TM","Mary","Akrabat"
"TM","Dashoguz","Ak-Saray"
"TM","Lebap","Ak-Say"
"TM","Ahal","(( Aktash ))"
"TM","Ahal","Aktepe"
"TM","Ahal","Ak-Tepe"
"TM","Dashoguz","Ak-Tepe"
"TM","Lebap","Aktepe"
"TM","Lebap","Ak-Tere"
"TM","Lebap","Ak-Teri"
"TM","Lebap","Ak-Tugay"
"TM","Dashoguz","Ak-Tyube"
"TM","Balkan","Ak'Yayla"
"TM","Balkan","Akyayla"
"TM","Balkan","Aladzha"
"TM","Balkan","Alaja"
"TM","Ahal","Alam"
"TM","Balkan","Alangyrtly"
"TM","Ahal","Alibek"
"TM","Mary","Allan-Tepe"
"TM","Mary","Alla-Sakal"
"TM","Balkan","Allatepe"
"TM","Mary","Almysh"
"TM","Mary","Alnysh"
"TM","Lebap","Alpan"
"TM","Balkan","Altykui"
"TM","Lebap","Alyandor"
"TM","Ahal","Aman"
"TM","Balkan","Amandor"
"TM","Balkan","Amannazar"
"TM","Mary","Amansha"
"TM","Ahal","Amansha-Kapan"
"TM","Ahal","Amasha Kapan"
"TM","Ahal","Amasha-Kapin"
"TM","Balkan","Ammanazar"
"TM","Lebap","Amu-Dar'Inskiy"
"TM","Lebap","Amudar'Ya"
"TM","Lebap","Amu-Dar'Ya"
"TM","Lebap","Amyderya"
"TM","Mary","Anansha"
"TM","Lebap","Anar-Bulak"
"TM","Ahal","Anau"
"TM","Dashoguz","Andreyevsk"
"TM","Ahal","Anew"
"TM","Ahal","Angat"
"TM","Dashoguz","Anna-Mamed"
"TM","Dashoguz","Anna-Mamet"
"TM","Lebap","Annamurat"
"TM","Ahal","Annau"
"TM","Lebap","Anvamurat"
"TM","Ahal","Apchin Camp"
"TM","Ahal","Arab-Kala"
"TM","Lebap","Arab-Khana"
"TM","Lebap","Araki"
"TM","Lebap","Arap"
"TM","Balkan","Arapchuk"
"TM","Ahal","Arap-Kala"
"TM","Balkan","Arap-Kala"
"TM","Lebap","Arapkhana"
"TM","Ahal","Archin"
"TM","Ahal","Archin'Yak"
"TM","Ahal","Archin'Yan"
"TM","Ahal","Archman"
"TM","Balkan","Arpaklen"
"TM","Balkan","Arpaklon"
"TM","Ahal","Artyk"
"TM","Dashoguz","Arychagyl"
"TM","Dashoguz","Arykagyl"
"TM","Ahal","Arzuv"
"TM","Ahal","Asgabat"
"TM","Ahal","Ashgabadskaya Ptitsefabrika"
"TM","Ahal","Ashgabat"
"TM","Ahal","Ashkabad"
"TM","Ahal","Ashkhabad"
"TM","Ahal","Ashqabad"
"TM","Ahal","Askabad"
"TM","Ahal","Askhabad"
"TM","Lebap","Astanababa"
"TM","Ahal","Ata"
"TM","Lebap","Ata"
"TM","Lebap","Atamyrat"
"TM","Lebap","Atatlyk"
"TM","Ahal","Ata-Yab"
"TM","Balkan","Auazy"
"TM","Lebap","Auchi"
"TM","Mary","Aul-Alnysh"
"TM","Mary","Aul"
"TM","Balkan","Aul Gassan-Kuli"
"TM","Mary","Aul Geok-Che"
"TM","Dashoguz","Auliye"
"TM","Mary","Aul Kul'Dzha"
"TM","Mary","Aul Nomer Pyat'Desyat Vtoroy"
"TM","Mary","Aul Nomer Shestoy"
"TM","Mary","Aul Sary-Yazy"
"TM","Mary","Aul Urazaly"
"TM","Balkan","Avaza"
"TM","Balkan","Avazy"
"TM","Lebap","Avchi"
"TM","Lebap","Ayak"
"TM","Ahal","Aydere"
"TM","Balkan","Aydin"
"TM","Dashoguz","Aymyr"
"TM","Mary","Azat"
"TM","Ahal","Babadayhan"
"TM","Ahal","Babadaykhan"
"TM","Ahal","Babadaykhan Pervyy"
"TM","Ahal","Babadaykhan Vtoroy"
"TM","Ahal","Baba-Deykhan"
"TM","Ahal","Baba-Deykhan Pervyy"
"TM","Ahal","Baba-Deykhan-Pervyy"
"TM","Ahal","Baba-Deykhan Vtoroy"
"TM","Ahal","Babadurmaz"
"TM","Balkan","Babakhodzha"
"TM","Ahal","Babarabkala"
"TM","Ahal","Bagabat"
"TM","Mary","Bagadzha"
"TM","Mary","Bagarka"
"TM","Ahal","Bagir"
"TM","Ahal","Bagshimirish"
"TM","Mary","Bagt"
"TM","Ahal","Bagyr"
"TM","Ahal","Baherden"
"TM","Mary","Bairam Ali"
"TM","Lebap","Bairobab"
"TM","Lebap","Bakauli"
"TM","Ahal","Bakharden"
"TM","Ahal","Bakhardok"
"TM","Ahal","Bakhshi"
"TM","Ahal","Bakhshimarish"
"TM","Ahal","Bakhshi-Mirish"
"TM","Ahal","Bakshi-Marish"
"TM","Balkan","Bala-Ishem"
"TM","Balkan","Balkanabat"
"TM","Balkan","Balkui"
"TM","Balkan","Balla-Ishem"
"TM","Balkan","Bami"
"TM","Balkan","Bamy"
"TM","Lebap","Bangil'Dy"
"TM","Lebap","Banysh"
"TM","Lebap","Baragiz"
"TM","Lebap","Bardzan"
"TM","Balkan","Barsli"
"TM","Lebap","Basaga"
"TM","Mary","Bashbeden"
"TM","Lebap","Bashir"
"TM","Lebap","Bashvak"
"TM","Lebap","Bassaga"
"TM","Lebap","Bassar-Kish"
"TM","Lebap","Batash"
"TM","Dashoguz","Batyrkent"
"TM","Dashoguz","Batyrkent Pervyy"
"TM","Lebap","Bayat"
"TM","Balkan","(( Bayat-Khadzhi ))"
"TM","Balkan","Bayat-Khadzhi"
"TM","Lebap","Bay"
"TM","Mary","Baygushli"
"TM","Mary","Bay-Kabyl'"
"TM","Lebap","Bay-Kishlak"
"TM","Mary","Baylym"
"TM","Mary","Bayrach"
"TM","Mary","Bayram-Ali"
"TM","Mary","Bayramaly"
"TM","Dashoguz","Bayramtogana"
"TM","Dashoguz","Bayramtogan"
"TM","Lebap","Bayrobab"
"TM","Balkan","Bazar"
"TM","Lebap","Bazar"
"TM","Lebap","Bazar Charshambe"
"TM","Lebap","Bazardepe"
"TM","Lebap","Bazar Dzhuma"
"TM","Lebap","Bazar-Sakar"
"TM","Lebap","Bazar-Sakhe"
"TM","Lebap","Bazar-Tepe"
"TM","Lebap","Bazar-Tyube"
"TM","Mary","Beden"
"TM","Dashoguz","Bederkent"
"TM","Ahal","Begi-Sakar"
"TM","Lebap","Bekauli"
"TM","Lebap","Bekauli-Teki"
"TM","Balkan","Bek-Dafh"
"TM","Balkan","Bekdash"
"TM","Balkan","Bekibent"
"TM","Balkan","Belek"
"TM","Balkan","Belek-Turkmenskiy"
"TM","Balkan","Bendesen"
"TM","Mary","Bendi-Nadir"
"TM","Lebap","Berdelyk"
"TM","Mary","Bereket"
"TM","Mary","Berenchi-Kara-Yab"
"TM","Mary","Beriket"
"TM","Lebap","Berut"
"TM","Ahal","Berzengi"
"TM","Dashoguz","Besh-Aryk"
"TM","Mary","Besheuray"
"TM","Mary","Besheur"
"TM","Mary","Besheurchi"
"TM","Balkan","Beuradzhi"
"TM","Ahal","Beurma"
"TM","Ahal","Beurme"
"TM","Ahal","Bezmein"
"TM","Balkan","Bik-Dafh"
"TM","Balkan","Bik-Dash"
"TM","Balkan","Bikebend"
"TM","Ahal","Bikrava"
"TM","Ahal","Bikrova"
"TM","Mary","Bikuri"
"TM","Dashoguz","Birinchiboy"
"TM","Lebap","Birinchi-Chandyr"
"TM","Lebap","Birleshik"
"TM","Ahal","Birleshik Pervyy"
"TM","Ahal","Birlyashik"
"TM","Ahal","Birlyashik Pervyy"
"TM","Lebap","Bitik"
"TM","Lebap","Bittik"
"TM","Balkan","Bki"
"TM","Ahal","Bokhurdok"
"TM","Ahal","Bokurdak"
"TM","Dashoguz","Boldumsaz"
"TM","Ahal","Bol'Shevik"
"TM","Dashoguz","Bol'Shevik"
"TM","Lebap","Bol'Shevik"
"TM","Mary","Bol'Shevik"
"TM","Lebap","Boroshly"
"TM","Lebap","Bosaga"
"TM","Lebap","Bosage"
"TM","Lebap","Bossaga"
"TM","Ahal","Bovart"
"TM","Balkan","Boydag"
"TM","Dashoguz","Boy Pervyy"
"TM","Lebap","Boyrabab"
"TM","Lebap","Boyrabad"
"TM","Lebap","Boyun-Uzun"
"TM","Ahal","Bozogoli"
"TM","Ahal","Bsurma"
"TM","Lebap","Budzhak"
"TM","Balkan","Bugdayli"
"TM","Balkan","Bugdayly"
"TM","Lebap","Burdalik"
"TM","Lebap","Burdalyk"
"TM","Lebap","Burguchi"
"TM","Ahal","Burk"
"TM","Dashoguz","Burkut"
"TM","Lebap","Buyrabab"
"TM","Lebap","Buyun-Uzun"
"TM","Ahal","Buzmeyin"
"TM","Mary","Byr-Koz"
"TM","Balkan","Byurgyutli"
"TM","Ahal","Cace"
"TM","Lebap","Carsanny"
"TM","Balkan","Celeken"
"TM","Mary","Cemenibit"
"TM","Ahal","Chaacha"
"TM","Lebap","Chagaguzar"
"TM","Balkan","Chagala"
"TM","Balkan","Chagali"
"TM","Balkan","Chagaln"
"TM","Balkan","Chagaly"
"TM","Lebap","Chagpata"
"TM","Balkan","Chagyla"
"TM","Balkan","Chagyl"
"TM","Mary","Chagyl"
"TM","Lebap","Chakal"
"TM","Lebap","Chakhpata"
"TM","Lebap","Chakich"
"TM","Lebap","Chakir"
"TM","Ahal","Chakmaklychanga"
"TM","Lebap","Chakych"
"TM","Lebap","Chakyeh"
"TM","Lebap","Chakyr"
"TM","Mary","Chalapkuyu"
"TM","Balkan","Chalayuk"
"TM","Balkan","Chaloyuk"
"TM","Balkan","Chalsu"
"TM","Lebap","Chaltut"
"TM","Lebap","Chalysh"
"TM","Lebap","Chamakchi"
"TM","Mary","Chamchakly"
"TM","Lebap","Chanal"
"TM","Lebap","Chandyr"
"TM","Lebap","Chardzha"
"TM","Lebap","Chardzhou"
"TM","Lebap","Chardzhui"
"TM","Lebap","Chardzhuy"
"TM","Lebap","Charjew"
"TM","Lebap","Charjou"
"TM","Lebap","Charjui"
"TM","Lebap","Charpali"
"TM","Lebap","Charshanga"
"TM","Lebap","Charshangngy"
"TM","Lebap","Charshangu"
"TM","Lebap","Charshangy"
"TM","Lebap","Chartma"
"TM","Lebap","Charvadar"
"TM","Lebap","Charvak"
"TM","Dashoguz","Charvan-Kala"
"TM","Mary","Charyy"
"TM","Mary","Chash"
"TM","Lebap","Chash-Kala"
"TM","Mary","Chashkan"
"TM","Mary","Chashkent"
"TM","Mary","Chash-Tepe"
"TM","Balkan","Chat"
"TM","Balkan","Chate-Atrek"
"TM","Balkan","Chat-I-Atrek"
"TM","Balkan","Chatli"
"TM","Balkan","Chatly"
"TM","Lebap","Chatrak"
"TM","Lebap","Chatryak"
"TM","Lebap","Chatryat"
"TM","Lebap","Chaudur"
"TM","Lebap","Chavdur"
"TM","Ahal","Chayek"
"TM","Mary","Chechme"
"TM","Lebap","Chegez"
"TM","Ahal","Cheken"
"TM","Lebap","Chekich"
"TM","Balkan","Chekichler"
"TM","Lebap","Chekir"
"TM","Balkan","Chekishler"
"TM","Lebap","Chekmen"
"TM","Ahal","Chekun-Yurt"
"TM","Ahal","Chekur-Yurt"
"TM","Lebap","Chekyr"
"TM","Balkan","Cheleken"
"TM","Ahal","Cheltek"
"TM","Mary","Chemche"
"TM","Balkan","Chemeli"
"TM","Mary","Chemen-I-Bid"
"TM","Mary","Chemenibit"
"TM","Ahal","Chenen"
"TM","Lebap","Chenich"
"TM","Lebap","Chenick"
"TM","Mary","Chepek"
"TM","Lebap","Cherenga"
"TM","Mary","Cherkez"
"TM","Balkan","Cherkezli"
"TM","Balkan","Cherkezly"
"TM","Ahal","Cheshme"
"TM","Mary","Cheshme"
"TM","Mary","Cheshme Vtoroy"
"TM","Ahal","Chetyrnadtsat' Let Oktyabrya"
"TM","Balkan","Chikishlyar"
"TM","Ahal","Chil'Gez"
"TM","Ahal","(( Choganly ))"
"TM","Lebap","Chokh-Petta"
"TM","Lebap","Chokmak"
"TM","Lebap","Choudur"
"TM","Lebap","Chovdur"
"TM","Balkan","Chukhur-Kala"
"TM","Ahal","Chukur-Kala"
"TM","Balkan","Chukurkala"
"TM","Ahal","Chuli"
"TM","Mary","Chungurli"
"TM","Lebap","Chupli"
"TM","Lebap","Churga"
"TM","Lebap","Churpali"
"TM","Mary","Churuk"
"TM","Mary","Dada-Ogly"
"TM","Mary","Dadedogli"
"TM","Balkan","Dagadzhik"
"TM","Lebap","Dagarkishlak"
"TM","Lebap","Dag-Sakhkary"
"TM","Lebap","Dambe"
"TM","Balkan","Damzak"
"TM","Balkan","Danata"
"TM","Lebap","Danew"
"TM","Lebap","Danishen"
"TM","Lebap","Danisher"
"TM","Lebap","Danisherkala"
"TM","Ahal","Daniyeh"
"TM","Balkan","Dardali"
"TM","Ahal","Dargana"
"TM","Ahal","Dargana-Kala"
"TM","Lebap","Darganata"
"TM","Lebap","Dargan-Ata"
"TM","Lebap","Darganatinskiy"
"TM","Dashoguz","Dashhowuz"
"TM","Dashoguz","Dashkhovuz"
"TM","Balkan","Dashkuduk"
"TM","Lebap","Dashlyk"
"TM","Lebap","Dashrabat"
"TM","Mary","Daskopri"
"TM","Dashoguz","Dasoguz"
"TM","Dashoguz","Dauda"
"TM","Balkan","Daulet"
"TM","Lebap","Dautly"
"TM","Dashoguz","Davdan"
"TM","Mary","Davlet"
"TM","Lebap","Dayakhatyn"
"TM","Ahal","Dayne"
"TM","Ahal","Daz"
"TM","Mary","Dedogly"
"TM","Lebap","Deinach"
"TM","Lebap","Deinau"
"TM","Ahal","Dekel'-Dash"
"TM","Dashoguz","Denglikopry"
"TM","Ahal","Derbend-Deycha"
"TM","Dashoguz","Deregli"
"TM","Dashoguz","Derekli"
"TM","Mary","Dervezekem"
"TM","Ahal","Desht"
"TM","Ahal","Deycha"
"TM","Lebap","Deynau"
"TM","Mary","Didedogly"
"TM","Ahal","Dmitriyevskiy"
"TM","Lebap","Donguz-Tugay"
"TM","Lebap","Dostluk"
"TM","Ahal","Dou-Kala"
"TM","Balkan","Doyran"
"TM","Lebap","Dukdrushtum"
"TM","Lebap","Dunguz Tugai"
"TM","Mary","Durdy"
"TM","Ahal","Durdykhan"
"TM","Ahal","Durun"
"TM","Ahal","Dusak"
"TM","Ahal","Duschak"
"TM","Ahal","Dushak"
"TM","Lebap","Dushame-Chakyr"
"TM","Balkan","Duunchi"
"TM","Lebap","Duyadrushtum"
"TM","Balkan","Duzli-Olum"
"TM","Balkan","Duzlu-Olum"
"TM","Ahal","Duzlydepe"
"TM","Balkan","Duzlyolum"
"TM","Ahal","Duzul-Tepe"
"TM","Mary","Dvadtsatiletiye Turkmenskoy Sovetskoy Sotsialisticheskoy Respubliki"
"TM","Mary","Dvadtsat' Let Oktyabrya"
"TM","Dashoguz","Dyuyeboyun"
"TM","Balkan","Dzhafara"
"TM","Balkan","Dzhafar"
"TM","Balkan","Dzhanakhir"
"TM","Balkan","Dzhanga"
"TM","Lebap","Dzhang-Aryk"
"TM","Ahal","Dzhapar"
"TM","Lebap","Dzharguzar"
"TM","Balkan","Dzhebel"
"TM","Balkan","Dzhedzhirs"
"TM","Lebap","Dzhengel'"
"TM","Lebap","Dzhety-Kuduk"
"TM","Lebap","Dzheykhun"
"TM","Balkan","Dzhi-Dzhirt"
"TM","Lebap","Dzhigerbent"
"TM","Lebap","Dzhigir-Bend"
"TM","Lebap","Dzhigirbent"
"TM","Lebap","Dzhikyrbent"
"TM","Lebap","Dzhingilkhatab"
"TM","Lebap","Dzhity-Kuduk"
"TM","Balkan","Dzhoyruk"
"TM","Balkan","Dzhoyryk"
"TM","Lebap","Dzhuma-Bazar"
"TM","Lebap","Dzhuma"
"TM","Mary","Dzhuppy"
"TM","Balkan","Dzhuvaldy"
"TM","Lebap","Edrug"
"TM","Lebap","Egri"
"TM","Mary","Egri Guzar"
"TM","Mary","Egri-Guzar"
"TM","Lebap","Egriyagyr"
"TM","Balkan","Ekerem"
"TM","Lebap","El'Dzhik"
"TM","Lebap","El'Dzhin"
"TM","Lebap","El'Jik"
"TM","Lebap","El'Mek"
"TM","Lebap","Ene-Kuliyevo"
"TM","Mary","Energetik"
"TM","Ahal","Enev"
"TM","Ahal","Epo"
"TM","Lebap","Erdel'"
"TM","Ahal","Erikkala"
"TM","Ahal","Errik-Kala"
"TM","Balkan","Esenguly"
"TM","Lebap","Esenmengli"
"TM","Ahal","Eshek-Sien"
"TM","Lebap","Eski"
"TM","Lebap","Eski-Narazym"
"TM","Lebap","Etbash"
"TM","Lebap","Etbashi"
"TM","Lebap","Farab"
"TM","Lebap","Farab-Pristan'"
"TM","Lebap","Farap"
"TM","Ahal","Firyuza"
"TM","Ahal","Firyuzinskoye Ushchel'Ye"
"TM","Lebap","Gabakly"
"TM","Lebap","Gaburdy"
"TM","Lebap","Gadyn"
"TM","Balkan","Gagrandag"
"TM","Lebap","Galkynys"
"TM","Balkan","Gamyshlydzha"
"TM","Balkan","Gamyshlyja"
"TM","Balkan","Garabogazkol"
"TM","Balkan","Garadegish"
"TM","Balkan","Garadepe"
"TM","Balkan","Garajabatyr"
"TM","Lebap","Garamatnyyaz"
"TM","Lebap","Garlyk"
"TM","Ahal","Garrychyrla"
"TM","Balkan","Garrygala"
"TM","Balkan","Gasan-Kuli"
"TM","Balkan","Gassan-Kuli"
"TM","Ahal","Gaudan"
"TM","Lebap","Gaurdak"
"TM","Lebap","Gaurdakstroy"
"TM","Lebap","Gaurdstroi"
"TM","Lebap","Gaurdstroy"
"TM","Balkan","Gayrayuz"
"TM","Dashoguz","Gaz-Achak"
"TM","Balkan","Gazanjyk"
"TM","Dashoguz","Gazojak"
"TM","Ahal","Geami"
"TM","Ahal","Gekcha"
"TM","Balkan","Geksay"
"TM","Ahal","Geokcha"
"TM","Ahal","Geok-Tepe"
"TM","Ahal","Geok-Tepe Nomer Pervyy"
"TM","Ahal","Geok-Tepe Nomer Tretiy"
"TM","Ahal","Geok-Tepe-Pervyy"
"TM","Ahal","Geok-Tepe-Tretiy"
"TM","Ahal","Gepchak"
"TM","Ahal","Germab"
"TM","Ahal","Germao"
"TM","Ahal","Germob"
"TM","Ahal","Gevers"
"TM","Ahal","Geyn-Keriz"
"TM","Ahal","Gil'-Abad"
"TM","Mary","Gindukush"
"TM","Lebap","Gokcha"
"TM","Mary","Gokcha"
"TM","Ahal","Gokdepe"
"TM","Lebap","Gokje"
"TM","Lebap","Golovnoye"
"TM","Lebap","Golovnoye Staroye"
"TM","Mary","Gordikovskiy"
"TM","Lebap","Gorel'De"
"TM","Mary","Gorel'De"
"TM","Balkan","Goturdepe"
"TM","Ahal","Goudan"
"TM","Ahal","Gowdan"
"TM","Lebap","Gowurdak"
"TM","Mary","Grodekovskiy"
"TM","Dashoguz","Gubadag"
"TM","Balkan","Gudriolum"
"TM","Balkan","Gudurolum"
"TM","Lebap","Gugerdzhengli"
"TM","Lebap","Gugurdzhli"
"TM","Mary","Gulanly"
"TM","Dashoguz","Gulastan"
"TM","Dashoguz","Gul'Stan"
"TM","Balkan","Gumdag"
"TM","Lebap","Gunesh"
"TM","Balkan","Guri-Olum"
"TM","Lebap","Gursunmagdan Karhanasy"
"TM","Lebap","Gurum-Say"
"TM","Lebap","Gurumsay"
"TM","Mary","Gusgy"
"TM","Mary","Gushgy"
"TM","Ahal","Gyami"
"TM","Balkan","Gyar"
"TM","Balkan","Gyaur"
"TM","Ahal","Gyaurs"
"TM","Mary","Gyurmush-Tepe"
"TM","Balkan","Gyzylarbat"
"TM","Balkan","Gyzyletrek"
"TM","Balkan","Gyzyl-Suv"
"TM","Balkan","Gyzylsuw"
"TM","Lebap","Halac"
"TM","Mary","Hanhowuz"
"TM","Balkan","Hasan Kuli"
"TM","Balkan","Hasan-Kuli"
"TM","Balkan","Hasan Quili"
"TM","Ahal","Hawdan"
"TM","Ahal","Herrikgala"
"TM","Lebap","Hojambaz"
"TM","Lebap","Il'Chik"
"TM","Lebap","Il'Dzhik"
"TM","Ahal","Ilen"
"TM","Balkan","Ilidzha"
"TM","Lebap","Iljik"
"TM","Lebap","Il'Mak"
"TM","Lebap","Ilyach"
"TM","Dashoguz","Il'Yaly"
"TM","Dashoguz","Ilyanli"
"TM","Mary","Ilyari"
"TM","Mary","Imambaba"
"TM","Lebap","Imamnazar"
"TM","Mary","Iman Baba"
"TM","Dashoguz","Imeni Andreyeva A. A."
"TM","Dashoguz","Imeni Andreyeva"
"TM","Lebap","Imeni Andreyeva"
"TM","Mary","Imeni Andreyeva"
"TM","Balkan","Imeni-Bakinshikh Komissarov"
"TM","Dashoguz","Imeni Budennogo"
"TM","Mary","Imeni Budennogo"
"TM","Dashoguz","Imeni Chapayeva"
"TM","Mary","Imeni Chapayeva"
"TM","Dashoguz","Imeni Chkalova"
"TM","Mary","Imeni Chkalova"
"TM","Mary","Imeni Chubina"
"TM","Dashoguz","Imeni Dimitrova"
"TM","Mary","Imeni Dimitrova"
"TM","Balkan","Imeni Dvadtsati Shesti Bakinskikh Komissarov"
"TM","Ahal","Imeni Dzerzhinskogo"
"TM","Mary","Imeni Engel'Sa"
"TM","Mary","Imeni Gorel'De"
"TM","Dashoguz","Imeni Gor'Kogo"
"TM","Lebap","Imeni Gor'Kogo"
"TM","Lebap","Imeni Il'Icha"
"TM","Mary","Imeni Kaganovicha"
"TM","Ahal","Imeni Kalinina"
"TM","Balkan","Imeni Kalinina"
"TM","Dashoguz","Imeni Kalinina"
"TM","Lebap","Imeni Kalinina"
"TM","Mary","Imeni Kalinina"
"TM","Lebap","Imeni Karla Marksa"
"TM","Mary","Imeni Karla Marksa"
"TM","Ahal","Imeni Kirova"
"TM","Balkan","Imeni Kirova"
"TM","Dashoguz","Imeni Kirova"
"TM","Lebap","Imeni Kirova"
"TM","Mary","Imeni Kirova"
"TM","Lebap","Imeni Komsomola"
"TM","Dashoguz","Imeni Kuybysheva"
"TM","Lebap","Imeni Kuybysheva"
"TM","Mary","Imeni Kuybysheva"
"TM","Ahal","Imeni Lenina"
"TM","Balkan","Imeni Lenina"
"TM","Dashoguz","Imeni Lenina"
"TM","Lebap","Imeni Lenina"
"TM","Mary","Imeni Lenina"
"TM","Lebap","Imeni Malenkova"
"TM","Mary","Imeni Malenkova"
"TM","Dashoguz","Imeni Mikoyana"
"TM","Ahal","Imeni Molotova"
"TM","Balkan","Imeni Molotova"
"TM","Lebap","Imeni Molotova"
"TM","Mary","Imeni Molotova"
"TM","Mary","Imeni Ordzhonikidze"
"TM","Ahal","Imeni Ovezberdy Kuliyeva"
"TM","Ahal","Imeni Politotdela"
"TM","Mary","Imeni Poltoratskogo"
"TM","Mary","Imeni Revolyutsii"
"TM","Mary","Imeni Shvernika"
"TM","Dashoguz","Imeni Stakhanova"
"TM","Mary","Imeni Stakhanova"
"TM","Ahal","Imeni Stalina"
"TM","Balkan","Imeni Stalina"
"TM","Dashoguz","Imeni Stalina"
"TM","Lebap","Imeni Stalina"
"TM","Mary","Imeni Stalina"
"TM","Dashoguz","Imeni Tel'Mana"
"TM","Lebap","Imeni Tel'Mana"
"TM","Ahal","Imeni Voroshilova"
"TM","Balkan","Imeni Voroshilova"
"TM","Dashoguz","Imeni Voroshilova"
"TM","Lebap","Imeni Voroshilova"
"TM","Mary","Imeni Voroshilova"
"TM","Balkan","Imeni Vos'Mogo Marta"
"TM","Dashoguz","Imeni Vyshinskogo"
"TM","Dashoguz","Imeni Zhdanova"
"TM","Lebap","Imeni Zhdanova"
"TM","Mary","Imeni Zhdanova"
"TM","Lebap","Ina-Bek"
"TM","Balkan","Inderlen"
"TM","Ahal","Inklab"
"TM","Mary","Inklab"
"TM","Ahal","Inkylap"
"TM","Mary","Inkylap"
"TM","Ahal","Internatsional"
"TM","Lebap","Internatsional"
"TM","Mary","Internatsional"
"TM","Ahal","Intush"
"TM","Mary","Iolotan'"
"TM","Balkan","Irkli"
"TM","Lebap","Isamli"
"TM","Lebap","Isem Menli"
"TM","Lebap","Isen-Menli"
"TM","Dashoguz","Ish-Bay"
"TM","Dashoguz","Ishik-Bay"
"TM","Dashoguz","Ishikhbay"
"TM","Lebap","Iski-Farab"
"TM","Dashoguz","Iskra"
"TM","Mary","Iskra"
"TM","Lebap","Islam"
"TM","Mary","Islim-Cheshme"
"TM","Lebap","Ispas"
"TM","Lebap","Ispaz"
"TM","Lebap","Ispos"
"TM","Dashoguz","Isrikkala"
"TM","Lebap","Ist Pas"
"TM","Lebap","Itbash"
"TM","Dashoguz","Iyanli"
"TM","Ahal","Iyerbent"
"TM","Mary","Iyuz"
"TM","Ahal","Izgant"
"TM","Balkan","Janakhor"
"TM","Balkan","Jangnga"
"TM","Balkan","Jebel"
"TM","Lebap","Jeyhun"
"TM","Ahal","Kaakhka"
"TM","Lebap","Kabakli"
"TM","Lebap","Kabakly"
"TM","Lebap","Kabakly-Kurgan"
"TM","Lebap","Kabakly-Tugay"
"TM","Lebap","Kabasakal"
"TM","Balkan","Kabil'"
"TM","Balkan","Kabyl"
"TM","Mary","Kabyl'"
"TM","Lebap","Kaganovichesk"
"TM","Ahal","Kaka"
"TM","Mary","Kala-I-Mor"
"TM","Ahal","Kala"
"TM","Lebap","Kala"
"TM","Balkan","Kalankui"
"TM","Balkan","Kalan Kuyu"
"TM","Mary","Kalaymor"
"TM","Ahal","Kalinikskiy"
"TM","Balkan","Kalinina"
"TM","Dashoguz","Kalinin"
"TM","Ahal","Kalininskiy"
"TM","Dashoguz","Kalininsk"
"TM","Lebap","Kalyam"
"TM","Balkan","Kamyshaldzhar"
"TM","Dashoguz","Kamyshdzhik"
"TM","Balkan","Kamyshlydzha"
"TM","Balkan","Kanav"
"TM","Lebap","Kandak"
"TM","Ahal","Kandykli"
"TM","Lebap","Kanshar"
"TM","Mary","Kapakly"
"TM","Balkan","Kaplanli"
"TM","Ahal","Karaadzhi"
"TM","Ahal","Kara-Agach"
"TM","Balkan","Kara-Agach"
"TM","Lebap","Kara-Agach"
"TM","Mary","Kara-Akhmet"
"TM","Lebap","Karaaygyr"
"TM","Mary","Karaba-Akhun"
"TM","Ahal","Karabakshi"
"TM","Lebap","Kara-Bashlyk"
"TM","Lebap","Karabekaul"
"TM","Lebap","Karabizan"
"TM","Balkan","Kara-Bogaz-Gol"
"TM","Balkan","Kara-Bogaz"
"TM","Balkan","Karabogaz"
"TM","Mary","Kara-Boyen"
"TM","Balkan","Kara-Bugas-Gol"
"TM","Balkan","Kara-Bugaz"
"TM","Lebap","Karabulak"
"TM","Mary","Kara-Chapan"
"TM","Mary","Kara-Chep"
"TM","Ahal","Kara-Chirla"
"TM","Ahal","Karadamak"
"TM","Dashoguz","Karadashli"
"TM","Balkan","Karadegish"
"TM","Balkan","Karadepe"
"TM","Balkan","Karadetish"
"TM","Balkan","Karadzha-Batyr"
"TM","Lebap","Karadzha"
"TM","Mary","Karadzha"
"TM","Balkan","Karadzhary"
"TM","Balkan","Kara-Dzhik"
"TM","Balkan","Kara-Dzhin"
"TM","Ahal","Karagan"
"TM","Balkan","Karagel"
"TM","Balkan","Karagel'"
"TM","Balkan","Karagez"
"TM","Balkan","Kara-Govok"
"TM","Balkan","Kara-Kala"
"TM","Balkan","Karakel"
"TM","Ahal","Kara-Ker"
"TM","Ahal","Karakhandere"
"TM","Ahal","Karakhan"
"TM","Lebap","Karakhauz"
"TM","Dashoguz","Karakhodzha"
"TM","Lebap","Karakhodzha"
"TM","Ahal","Karakongur"
"TM","Lebap","Kara-Kuli"
"TM","Mary","Karakul'"
"TM","Ahal","Kara-Kungur"
"TM","Dashoguz","Kara-Kuri"
"TM","Lebap","Karamakhmud"
"TM","Ahal","Karaman"
"TM","Ahal","Karaman Pervyy"
"TM","Ahal","Karaman Vtoroy"
"TM","Lebap","Karamet-Niyaz"
"TM","Lebap","Karamysh"
"TM","Ahal","Karanki"
"TM","Ahal","Kara-Nungur"
"TM","Dashoguz","Kara-Nuri"
"TM","Dashoguz","Karaparsan"
"TM","Lebap","Kararyk"
"TM","Balkan","Karasengir"
"TM","Balkan","Kara-Singer"
"TM","Balkan","Kara-Sukut"
"TM","Ahal","Karatamak"
"TM","Ahal","Karategyan"
"TM","Mary","Kara-Tepe"
"TM","Ahal","Karatomak"
"TM","Lebap","Kara-Tut"
"TM","Dashoguz","Karaulak"
"TM","Ahal","Karaul"
"TM","Lebap","Karaul"
"TM","Mary","Karaul-Khana"
"TM","Lebap","Karaul-Kuyu"
"TM","Ahal","Kara-Vakil' Pervyy"
"TM","Ahal","Kara-Vakil' Vtoroy"
"TM","Ahal","Karavikil' Pervyy"
"TM","Ahal","Karavikil' Vtory"
"TM","Mary","Kara-Yab Pervyy"
"TM","Mary","Kara-Yab Tretiy"
"TM","Mary","Kara-Yab Vtoroy"
"TM","Lebap","Karkinadzhi"
"TM","Lebap","Karkin"
"TM","Lebap","Karlyuk"
"TM","Lebap","Karlyukski"
"TM","Balkan","Karnas"
"TM","Lebap","Karnas"
"TM","Ahal","Karry Bent"
"TM","Ahal","Karry-Cherlya"
"TM","Ahal","Karrychirla"
"TM","Balkan","Karshi"
"TM","Ahal","Kary-Bent"
"TM","Ahal","Kary-Chirla"
"TM","Lebap","Kary-Khodzha-Ata"
"TM","Lebap","Kary-Khodzha"
"TM","Balkan","Kasandshik"
"TM","Mary","Kashgarskiy"
"TM","Mary","Kashtarskiy"
"TM","Lebap","Kata-Kara-Tut"
"TM","Lebap","Katta-Sopiyab"
"TM","Ahal","Kaushek-Kyzyltakyr"
"TM","Ahal","Kaushut-Bent"
"TM","Ahal","Kaushut"
"TM","Lebap","Kausy"
"TM","Lebap","Kavakhly"
"TM","Lebap","Kavakhly-Kurgan"
"TM","Lebap","Kavakly-Kurgan"
"TM","Ahal","Kayli"
"TM","Balkan","Kayrayuz"
"TM","Balkan","Kazandzhi"
"TM","Balkan","Kazandzhik"
"TM","Balkan","Kazanjik"
"TM","Lebap","Kazarma"
"TM","Ahal","Kazgankala"
"TM","Ahal","Kazy"
"TM","Ahal","Kazylyar"
"TM","Lebap","Keikchi"
"TM","Ahal","Keladzhar"
"TM","Lebap","Kel'-Bash"
"TM","Dashoguz","Kel'Dy"
"TM","Lebap","Keleft"
"TM","Dashoguz","Keleli Vtoroy"
"TM","Ahal","Keleyazhar"
"TM","Lebap","Kelif"
"TM","Lebap","Kel'Teshor"
"TM","Mary","Kelyadzhi"
"TM","Ahal","Kelyata"
"TM","Ahal","Kelyazyar"
"TM","Ahal","Kendekli"
"TM","Ahal","Kendikli"
"TM","Ahal","Kendykly"
"TM","Ahal","Kenekesir"
"TM","Ahal","Kenekesyr"
"TM","Dashoguz","Kepekli"
"TM","Ahal","Kepyata"
"TM","Dashoguz","Kergochemen"
"TM","Lebap","Kerki-Aryk"
"TM","Lebap","Kerkichi"
"TM","Lebap","Kerkici"
"TM","Lebap","Kerki"
"TM","Ahal","Kersagyr"
"TM","Balkan","Kert-Yakha"
"TM","Dashoguz","Keseklik"
"TM","Ahal","Keshi"
"TM","Mary","Keske"
"TM","Lebap","Kessyr"
"TM","Balkan","Keyikkodana"
"TM","Balkan","Key-Kodona"
"TM","Balkan","Key-Kodozh"
"TM","Lebap","Khadzhikaraul"
"TM","Balkan","Khadzhi-Su"
"TM","Lebap","Khadzhykulluk"
"TM","Lebap","Khalach"
"TM","Mary","Khalil'-Bukry"
"TM","Ahal","Khalyal'Chilim"
"TM","Dashoguz","Khamay"
"TM","Lebap","Khandak"
"TM","Lebap","Khandakli"
"TM","Ahal","Khankui"
"TM","Ahal","Khan-Kyariz"
"TM","Ahal","Khan-Yab"
"TM","Lebap","Khar-Bala"
"TM","Lebap","Khargali"
"TM","Ahal","Khasar-Kala"
"TM","Balkan","Khas"
"TM","Ahal","Khassyn"
"TM","Ahal","Khasyn"
"TM","Lebap","Khatab"
"TM","Lebap","Khatap"
"TM","Mary","Khauz-Khana-Shor"
"TM","Mary","Khauz-Khan"
"TM","Balkan","Khaz"
"TM","Balkan","Kheleulen"
"TM","Dashoguz","Khellen"
"TM","Ahal","Kherrikkala"
"TM","Mary","Khilak"
"TM","Ahal","Khiva-Abad"
"TM","Ahal","Khivabad"
"TM","Ahal","Khiveabad"
"TM","Mary","Khodzha-Ali"
"TM","Ahal","Khodzha-Bulak"
"TM","Ahal","Khodzha-Bulan"
"TM","Ahal","Khodzhadere"
"TM","Dashoguz","Khodzha-Gumbez"
"TM","Balkan","Khodzhaguyma"
"TM","Lebap","Khodzhai-Fil'Ata"
"TM","Lebap","Khodzha-Irat"
"TM","Lebap","Khodzha-Kakepsi"
"TM","Ahal","Khodzhakala"
"TM","Balkan","Khodzhakala"
"TM","Lebap","Khodzhakala"
"TM","Balkan","Khodzha-Kalay Pervyy"
"TM","Lebap","Khodzhakanapsi"
"TM","Lebap","Khodzha-Karaul"
"TM","Lebap","Khodzhakaraul"
"TM","Lebap","Khodzha-Kekepsi"
"TM","Lebap","Khodzha-Kenepsi"
"TM","Lebap","Khodzhakishlak"
"TM","Dashoguz","Khodzhakumbet"
"TM","Dashoguz","Khodzhakumbet Vtoroy"
"TM","Dashoguz","Khodzha-Kumbez"
"TM","Balkan","Khodzha-Kuyma"
"TM","Lebap","Khodzha-Kyanyansi"
"TM","Mary","Khodzhali"
"TM","Lebap","Khodzhambas"
"TM","Lebap","Khodzhambass"
"TM","Lebap","Khodzhameshed"
"TM","Lebap","Khodzha-Mrasan"
"TM","Mary","Khodzha-Nazar"
"TM","Ahal","Khodzhaolen"
"TM","Lebap","Khodzhapil'"
"TM","Lebap","Khodzhara"
"TM","Balkan","Khodzhasu"
"TM","Ahal","Khodzhavlan"
"TM","Lebap","Khodzhay-Fil'-Ata"
"TM","Balkan","Khodzhi-Kuyma"
"TM","Lebap","Khodzholok-Aragly"
"TM","Lebap","Khodzholok"
"TM","Ahal","Khoja-Kala"
"TM","Balkan","Khoja-Kala"
"TM","Ahal","Khorodzhokh-Kala"
"TM","Balkan","Khoudandzhik"
"TM","Lebap","Khozarek"
"TM","Balkan","Khudaidag"
"TM","Balkan","Khudayberdy"
"TM","Lebap","Khudayberdy"
"TM","Balkan","Khuday-Dag"
"TM","Mary","Khudzhum"
"TM","Ahal","Khurman-Kala"
"TM","Ahal","Khurmat-Kala"
"TM","Mary","Khuzeye-Beden"
"TM","Balkan","Kianly"
"TM","Ahal","Kichaga"
"TM","Ahal","Kichaga Pervaya"
"TM","Ahal","Kichaga Vtoraya"
"TM","Ahal","Kichi-Aga Pervaya"
"TM","Ahal","Kichiaga Pervyy"
"TM","Ahal","Kichi-Aga Vtoraya"
"TM","Ahal","Kichiaga Vtoroy"
"TM","Ahal","Kichiga Pervaya"
"TM","Ahal","Kichiga Vtoraya"
"TM","Lebap","Kiikchi"
"TM","Ahal","Kindykli"
"TM","Ahal","Kipchakh"
"TM","Ahal","Kipchak"
"TM","Ahal","Kirovsk"
"TM","Balkan","Kirpichli"
"TM","Dashoguz","Kirpichli"
"TM","Balkan","Kirpili"
"TM","Lebap","Kishtivan"
"TM","Balkan","Kiyanly"
"TM","Balkan","Kizel-Atrek"
"TM","Balkan","Kizil-Arvat"
"TM","Balkan","Kizil-Atrek"
"TM","Lebap","Kizil-Ayak"
"TM","Balkan","Kizil"
"TM","Balkan","Kizil Kup"
"TM","Balkan","Kizil-Su"
"TM","Balkan","Kizyl-Arvat"
"TM","Balkan","Kizyl-Atrek"
"TM","Lebap","Kizyl-Ayak"
"TM","Balkan","Kizyl-Cherek"
"TM","Lebap","Kizyldzha"
"TM","Balkan","Kizyl-Iman"
"TM","Ahal","Kizyl-Ishchi"
"TM","Ahal","Kizyl-Kemer"
"TM","Mary","Kizyl"
"TM","Balkan","Kizyl-Kup"
"TM","Mary","Kizyl-Murad"
"TM","Ahal","Kizyl-Oktyabr'"
"TM","Balkan","Kizyl-Su"
"TM","Lebap","Kizyl-Turkmenistan"
"TM","Balkan","Kochevka Keinli"
"TM","Balkan","Kochevka Keinly"
"TM","Balkan","Kochevka Toutly"
"TM","Ahal","Kochev'Ye Ata"
"TM","Ahal","Kochev'Ye Baba-Daykhan"
"TM","Mary","Kochev'Ye Charykh"
"TM","Ahal","Kochev'Ye Kayli"
"TM","Ahal","Kochev'Ye Kozylyar"
"TM","Ahal","Kochev'Ye Ovaz Dzhalatay"
"TM","Mary","Kochev'Ye Uchinchi-Kara-Yab"
"TM","Ahal","Kochev'Ye Yazygandzhik"
"TM","Balkan","Koch"
"TM","Ahal","Koch-Kor"
"TM","Balkan","Kodsh"
"TM","Balkan","Kodzha"
"TM","Balkan","Kodzh"
"TM","Ahal","Koinya-Kasyr"
"TM","Lebap","Kokmiyar"
"TM","Balkan","Kok-Say"
"TM","Lebap","Kolkhozabag"
"TM","Ahal","Kolkhoz Imeni Lenina"
"TM","Mary","Kolodets Attadzhan"
"TM","Ahal","Kolyata"
"TM","Ahal","Kommuna"
"TM","Dashoguz","Kommuna"
"TM","Lebap","Kommunist"
"TM","Mary","Kommunist"
"TM","Ahal","Kommunizm"
"TM","Dashoguz","Kommunizm"
"TM","Lebap","Kommunizm"
"TM","Mary","Kommunizm"
"TM","Ahal","Komsomol"
"TM","Dashoguz","Komsomol"
"TM","Mary","Komsomol"
"TM","Lebap","Komsomol'Sk"
"TM","Ahal","Kone-Berme"
"TM","Ahal","Kone-Borme"
"TM","Dashoguz","Koneurgench"
"TM","Lebap","Kopak-Chalak"
"TM","Dashoguz","Kopekli"
"TM","Balkan","Kora-Govok"
"TM","Ahal","Kordzhou"
"TM","Ahal","Kosha-Audan"
"TM","Dashoguz","Koshadzha"
"TM","Balkan","Koshagyr"
"TM","Ahal","Koshakak"
"TM","Ahal","Koshakaudan"
"TM","Dashoguz","Koshakda"
"TM","Dashoguz","Koshanda"
"TM","Balkan","Koshkin"
"TM","Balkan","Koshoba"
"TM","Balkan","Koshtemir"
"TM","Lebap","Kosh-Tepe"
"TM","Balkan","Kotor Tepp"
"TM","Balkan","Koturdepe"
"TM","Balkan","Kotur-Tepe"
"TM","Ahal","Koushok-Kyzyl-Takyr"
"TM","Ahal","Koyno-Kumbez"
"TM","Ahal","Koynya-Kasyr"
"TM","Lebap","Koytendag"
"TM","Mary","Kozelkovskiy"
"TM","Ahal","Kozgan-Kala"
"TM","Dashoguz","Kozhandy"
"TM","Ahal","Kozhe"
"TM","Lebap","Krach"
"TM","Lebap","Krachli"
"TM","Lebap","Kranch"
"TM","Balkan","Krasnovodsk"
"TM","Balkan","Krasnowodsk"
"TM","Mary","Krasnoye Znamya"
"TM","Mary","Krasnoye Zunamya"
"TM","Mary","Krasnyy Oktyabr'"
"TM","Lebap","Krasnyy Turkmenistan"
"TM","Balkan","Krassnowodsk"
"TM","Dashoguz","Krepost' Agronak"
"TM","Mary","Krestovskiy"
"TM","Ahal","Kruchay"
"TM","Lebap","Kuchchi"
"TM","Ahal","Kuchuk"
"TM","Lebap","Kugi-Tang"
"TM","Lebap","Kugitang-Tau"
"TM","Balkan","(( Kui-Dzhuk ))"
"TM","Balkan","Kuize-Shour"
"TM","Lebap","Kukhitang"
"TM","Lebap","Kuki-Tang"
"TM","Mary","Kulanbay"
"TM","Lebap","Kulandzhi"
"TM","Lebap","Kularyk"
"TM","Lebap","Kulayanchi"
"TM","Mary","Kul'Dzha"
"TM","Balkan","Kuli-Mayak"
"TM","Lebap","Kultak"
"TM","Lebap","Kul'Tura"
"TM","Mary","Kul'Tura"
"TM","Ahal","Kumbet-Ayla"
"TM","Balkan","Kumbetli-Koshoba"
"TM","Ahal","Kumbet-Yaylya"
"TM","Balkan","Kum-Dag"
"TM","Lebap","Kumpete"
"TM","Lebap","Kundzhak"
"TM","Mary","Kungur"
"TM","Mary","Kungur Vtoroy"
"TM","Dashoguz","Kunya-Urgench"
"TM","Dashoguz","Kunya-Urgen"
"TM","Dashoguz","Kunya-Yarmysh"
"TM","Dashoguz","Kupakli"
"TM","Lebap","Kuraish"
"TM","Lebap","Kurashi"
"TM","Ahal","Kurbanek"
"TM","Balkan","Kurbanseyid"
"TM","Mary","Kurdzhukli"
"TM","Mary","Kurdzhukly"
"TM","Ahal","Kurgundzh"
"TM","Ahal","Kurgunuk"
"TM","Ahal","Kurkulab"
"TM","Lebap","Kurlugun"
"TM","Balkan","Kurort Molla-Kara"
"TM","Ahal","Kursagir"
"TM","Ahal","Kurtile"
"TM","Dashoguz","Kurt"
"TM","Ahal","Kurtli"
"TM","Ahal","Kurtusu"
"TM","Lebap","Kuruksay"
"TM","Ahal","Kuruzhdey"
"TM","Dashoguz","Kushbegi"
"TM","Lebap","Kushchi"
"TM","Lebap","Kushi"
"TM","Mary","Kushka"
"TM","Mary","Kushkinskiy Post"
"TM","Mary","Kushk Post"
"TM","Balkan","Kuuli-Mayak"
"TM","Lebap","Kuvak"
"TM","Mary","Kuybysheva"
"TM","Balkan","(( Kuylyar ))"
"TM","Balkan","Kuylyar"
"TM","Balkan","Kuyzeshour"
"TM","Ahal","Kyal'-Ata"
"TM","Lebap","Kyal'Tayab"
"TM","Lebap","Kyamtar"
"TM","Lebap","Kyamtor"
"TM","Ahal","Kyasauli-Kala"
"TM","Lebap","Kyrarak"
"TM","Ahal","Kyrkkui"
"TM","Ahal","Kyrk-Kuyu"
"TM","Lebap","Kyrk-Uyle"
"TM","Lebap","Kyrkuyli"
"TM","Lebap","Kyshtuvan"
"TM","Ahal","Kyurenkala"
"TM","Lebap","Kyzak"
"TM","Lebap","Kyzan"
"TM","Balkan","Kyzyl-Arvat"
"TM","Balkan","Kyzyl-Atrek"
"TM","Lebap","Kyzyl Ayak"
"TM","Balkan","(( Kyzylay ))"
"TM","Dashoguz","Kyzylbaydak"
"TM","Mary","Kyzylbaydak"
"TM","Mary","Kyzylbayda"
"TM","Ahal","Kyzylcharva"
"TM","Balkan","Kyzyl-Cheshme"
"TM","Lebap","Kyzyl-Daykhan"
"TM","Mary","Kyzyldaykhan"
"TM","Lebap","Kyzyl-Guch"
"TM","Dashoguz","Kyzylgyuych"
"TM","Balkan","Kyzylimam"
"TM","Ahal","Kyzyl-Ishchi"
"TM","Lebap","Kyzylkasyl"
"TM","Mary","Kyzyl-Khodzha-Nazar"
"TM","Lebap","Kyzylkoshun"
"TM","Mary","Kyzyl-Koshun"
"TM","Dashoguz","Kyzylkumbet"
"TM","Balkan","Kyzylkup"
"TM","Balkan","Kyzyl"
"TM","Mary","Kyzyl"
"TM","Dashoguz","Kyzyl-Oktyabr'"
"TM","Mary","Kyzylpildyz"
"TM","Ahal","Kyzyl-Sakal"
"TM","Dashoguz","Kyzylshark"
"TM","Balkan","Kyzylsu"
"TM","Ahal","Kyzyltayak"
"TM","Mary","Kyzylyyldyz"
"TM","Lebap","Lambe"
"TM","Dashoguz","Lavak"
"TM","Lebap","Lebap"
"TM","Dashoguz","Leningrad"
"TM","Mary","Leningrad"
"TM","Lebap","Leninizm"
"TM","Mary","Leninizm"
"TM","Dashoguz","Leninsk"
"TM","Lebap","Leninsk-Turkmenski"
"TM","Lebap","Leninsk-Turmenski"
"TM","Ahal","Lesopitomnik"
"TM","Balkan","Llidzha"
"TM","Lebap","Lyambe"
"TM","Balkan","Madau"
"TM","Balkan","Madav"
"TM","Balkan","Madaw"
"TM","Dashoguz","Magarif"
"TM","Dashoguz","Magaryf"
"TM","Ahal","Makhmaldepe"
"TM","Ahal","Makhmal"
"TM","Ahal","Makhmal-Tepe"
"TM","Mary","Makhmud-Adzhi"
"TM","Ahal","Makhtum-Kala"
"TM","Balkan","Makhtym-Kala"
"TM","Balkan","Makhtym"
"TM","Mary","Malay-Adzhi"
"TM","Ahal","Mallarchilyk"
"TM","Lebap","Mamash"
"TM","Mary","Mamatai"
"TM","Mary","Mamatay"
"TM","Ahal","Mamed'Yar"
"TM","Ahal","Mamur"
"TM","Ahal","Mane"
"TM","Dashoguz","Mantik Ui"
"TM","Dashoguz","Mantyk"
"TM","Ahal","Manysh"
"TM","Mary","Maraniyat"
"TM","Balkan","Marat"
"TM","Mary","Martazi"
"TM","Mary","Mary"
"TM","Lebap","Mayak-Olum"
"TM","Lebap","Meagadzhik"
"TM","Ahal","Meana"
"TM","Mary","Medzheur"
"TM","Lebap","Megadzhik"
"TM","Lebap","Megejik"
"TM","Ahal","Megeli"
"TM","Ahal","Megin"
"TM","Lebap","Mekan"
"TM","Ahal","Mekhenli"
"TM","Ahal","Mekhinli"
"TM","Ahal","Mekrub"
"TM","Mary","Meruchak"
"TM","Mary","Merv"
"TM","Lebap","Mesadzhik"
"TM","Balkan","Meshkhed"
"TM","Ahal","Mezin-Kala"
"TM","Ahal","Miana"
"TM","Ahal","Mikhaylovskiy"
"TM","Ahal","Miradzhi"
"TM","Mary","Mirnyy"
"TM","Lebap","Mirzabek"
"TM","Balkan","Mollagara"
"TM","Balkan","Mollakara"
"TM","Balkan","Molotova"
"TM","Dashoguz","Monchakly"
"TM","Balkan","Monzhukli"
"TM","Balkan","Monzhukly"
"TM","Lebap","Moor"
"TM","Mary","Morgunovskiy"
"TM","Lebap","Moskovsk"
"TM","Dashoguz","Moskva"
"TM","Mary","Moskva"
"TM","Lebap","Moyak"
"TM","Lebap","Moyak-Olum"
"TM","Lebap","Mugal-Bala"
"TM","Lebap","Mukri"
"TM","Lebap","Mukry"
"TM","Lebap","Muminchandyr"
"TM","Lebap","Mumyn-Chandyr"
"TM","Ahal","Murcha"
"TM","Ahal","Murchi"
"TM","Mary","Murgab"
"TM","Mary","Murgap"
"TM","Balkan","Mys It-Balyk"
"TM","Mary","Myulk-Yazy"
"TM","Balkan","Naara"
"TM","Lebap","Narazym"
"TM","Balkan","Narou"
"TM","Ahal","Nauraoziâ€žbad"
"TM","Ahal","Nauruz-Abad"
"TM","Lebap","Nayuar"
"TM","Balkan","Neaz-Depe"
"TM","Balkan","Nebitdag"
"TM","Balkan","Neftedag"
"TM","Lebap","Neftezavodsk"
"TM","Ahal","Neftonovskiy"
"TM","Ahal","Nestonovskiy"
"TM","Ahal","Nevtonovskiy"
"TM","Ahal","Nevtonskiy"
"TM","Ahal","Newtonow"
"TM","Lebap","Nichka"
"TM","Ahal","Nikol'Skiy"
"TM","Balkan","Niyazdepe"
"TM","Ahal","Nogarli"
"TM","Ahal","Nokhur"
"TM","Ahal","Nova-Kala"
"TM","Ahal","Nova"
"TM","Lebap","Nov Charjui"
"TM","Lebap","Novo Chardzhou"
"TM","Lebap","Novo-Chardzhuy"
"TM","Ahal","Now Ruzabad"
"TM","Ahal","Nugri"
"TM","Balkan","Nugunek"
"TM","Ahal","Nukhur"
"TM","Lebap","Nuradzhi"
"TM","Ahal","Nurali"
"TM","Ahal","Nurata"
"TM","Lebap","Nurpali"
"TM","Balkan","Nyrnuar"
"TM","Dashoguz","Nyyazow"
"TM","Lebap","Oba"
"TM","Balkan","Oboy"
"TM","Balkan","Ochar-Ata"
"TM","Balkan","Odey"
"TM","Lebap","Odzharly"
"TM","Lebap","Ogam"
"TM","Balkan","Oganly"
"TM","Lebap","Ogar"
"TM","Balkan","Oglamish"
"TM","Balkan","Oglamysh"
"TM","Balkan","Oglangli"
"TM","Balkan","Oglanly"
"TM","Balkan","Ogomana"
"TM","Balkan","Ogurchinskiy"
"TM","Balkan","Ogurdzhaly"
"TM","Balkan","Ogurjaly"
"TM","Dashoguz","Oguz"
"TM","Balkan","Okarem"
"TM","Dashoguz","Oktyabr'"
"TM","Dashoguz","Oktyabr'Sk"
"TM","Lebap","Oktyabr'Sk"
"TM","Balkan","Omarata"
"TM","Lebap","Omar-Khodzha"
"TM","Lebap","Omar"
"TM","Balkan","Omchali"
"TM","Balkan","Omchaly"
"TM","Balkan","Omchely"
"TM","Ahal","On-Begi"
"TM","Balkan","Onbirikzhi"
"TM","Ahal","Opytnoye Pole"
"TM","Dashoguz","Orazkel'"
"TM","Ahal","Ordy-Khodzha"
"TM","Balkan","Orfa"
"TM","Balkan","Or-Kolashik"
"TM","Ahal","Orta-Yaylya"
"TM","Balkan","Orunchaga"
"TM","Ahal","Ovaz-Dzhalatay"
"TM","Ahal","Owezberdi Kulyyew Adyndaky"
"TM","Lebap","Pakmaksuidzhi"
"TM","Lebap","Pakmak-Suydzhi"
"TM","Lebap","Pakmak-Suydzhy"
"TM","Lebap","Pal'Bart"
"TM","Lebap","Pal'Vart"
"TM","Balkan","Parau"
"TM","Lebap","Parmasha"
"TM","Balkan","Parou"
"TM","Balkan","Pashtion"
"TM","Mary","Permet"
"TM","Mary","Pervogo Maya"
"TM","Ahal","Pervomayskiy"
"TM","Mary","Pervyy Khodzhakuyu"
"TM","Lebap","Peski"
"TM","Ahal","Pewrize"
"TM","Lebap","Pidina"
"TM","Ahal","Pioner"
"TM","Dashoguz","Pioner"
"TM","Lebap","Pioner"
"TM","Mary","Pobeda"
"TM","Mary","Pogranichnik"
"TM","Mary","Pogranichnyy"
"TM","Ahal","Polekhatum"
"TM","Ahal","Pole-Khatun"
"TM","Dashoguz","Polisultan"
"TM","Mary","Poltavskiy"
"TM","Mary","Poltavskoye"
"TM","Ahal","Poltoratsk"
"TM","Dashoguz","Porsu"
"TM","Dashoguz","Porsy"
"TM","Mary","Poselok Poltavskiy"
"TM","Balkan","Poselok Severnykh Promyslov Ozera Nomera Shestogo"
"TM","Balkan","Poselok Severnykh Promyslov"
"TM","Ahal","Pravda"
"TM","Dashoguz","Pristan' Lavak"
"TM","Ahal","Prokhladnoye"
"TM","Ahal","Prokhladny"
"TM","Ahal","Prokhladnyy"
"TM","Balkan","Proletariy"
"TM","Balkan","Promsel Chagala"
"TM","Lebap","Pudina"
"TM","Ahal","Pulikhatum"
"TM","Ahal","Pulkhatyn"
"TM","Balkan","Purnuar"
"TM","Ahal","Put' Lenina"
"TM","Ahal","Pyatiletka"
"TM","Balkan","Pyrnilar"
"TM","Balkan","Pyrnuar"
"TM","Lebap","Qarki"
"TM","Balkan","Qura Gel"
"TM","Mary","Rabat-Kashan"
"TM","Mary","Rabochiy"
"TM","Mary","Ravnina"
"TM","Lebap","Repetek"
"TM","Ahal","Romanovskiy"
"TM","Lebap","Romazak"
"TM","Lebap","Saarly"
"TM","Lebap","Saaslar"
"TM","Lebap","Sabbuny"
"TM","Lebap","Sadyvar"
"TM","Mary","Sagar-Chaga"
"TM","Mary","Sakar-Adzhi"
"TM","Mary","Sakar-Chaga"
"TM","Mary","Sakarchage"
"TM","Lebap","Sakar"
"TM","Dashoguz","Sakizatlyk"
"TM","Balkan","Salmiin"
"TM","Lebap","Samsonovo"
"TM","Mary","Samsyk"
"TM","Mary","Sandykachi"
"TM","Mary","Sandykgachy"
"TM","Mary","Sandykgacy"
"TM","Balkan","Sansy"
"TM","Balkan","Sansyya"
"TM","Balkan","Sansyz"
"TM","Lebap","Sapardar"
"TM","Ahal","Saragt"
"TM","Ahal","Sarahs"
"TM","Ahal","Sarakhs"
"TM","Lebap","Sardoba Batali"
"TM","Lebap","Sardoba Batash"
"TM","Lebap","Sardoba"
"TM","Lebap","Sardoba Yulangiz"
"TM","Balkan","Sar-Gurum"
"TM","Lebap","Sarli"
"TM","Balkan","Sartas"
"TM","Balkan","Sartele"
"TM","Balkan","Sartepe"
"TM","Lebap","Sary-Bash"
"TM","Lebap","Sarydag-Tugay"
"TM","Balkan","Sarydepe"
"TM","Balkan","Sarygurum"
"TM","Lebap","Sarykbala"
"TM","Ahal","Sarykel'"
"TM","Mary","Saryyazy"
"TM","Ahal","Sayat"
"TM","Lebap","Sayat"
"TM","Mary","Saybatur"
"TM","Balkan","Sayvan"
"TM","Mary","Sayvatur"
"TM","Dashoguz","Sazandy"
"TM","Mary","Segli-Kar"
"TM","Mary","Segli-Khar-Kurama"
"TM","Mary","Sein-Ali"
"TM","Dashoguz","Sekizatlyk"
"TM","Ahal","Serakhskiy Rayon"
"TM","Ahal","Serakhs"
"TM","Mary","Settlement Number Fifty-Two"
"TM","Balkan","Severnykh Promyslov Ozera Nomera Shestogo"
"TM","Balkan","Sevrny"
"TM","Lebap","Seydi"
"TM","Lebap","Shaalyk"
"TM","Lebap","Shagal"
"TM","Balkan","Shagatly"
"TM","Balkan","Shakhman"
"TM","Dashoguz","Shakhmurad"
"TM","Dashoguz","Shakh-Murat"
"TM","Mary","Shakhsin-Togolok"
"TM","Lebap","Shal'D"
"TM","Lebap","Shambebazar"
"TM","Ahal","Shamli"
"TM","Dashoguz","Shamrat-Dzhingul'"
"TM","Dashoguz","Shamurad-Dzhinkul'"
"TM","Balkan","Sharlauk"
"TM","Balkan","Sharlavuk"
"TM","Balkan","Sharlawuk"
"TM","Balkan","Sharlouk"
"TM","Mary","Shatlyk"
"TM","Lebap","Shaundi"
"TM","Lebap","Shekh-Bala"
"TM","Ahal","Shemli"
"TM","Balkan","Shestoye Ozero"
"TM","Dashoguz","Sheykharyk"
"TM","Lebap","Sheykh"
"TM","Lebap","Shikh"
"TM","Dashoguz","Shikh'Yab"
"TM","Dashoguz","Shikhzyab"
"TM","Dashoguz","Shik-Kala"
"TM","Dashoguz","Shinkh-Aryk"
"TM","Ahal","Shirlama"
"TM","Ahal","Shirtepe"
"TM","Dashoguz","Shirvan-Kala"
"TM","Lebap","Shor-Aryk"
"TM","Mary","Shor-Cheshme"
"TM","Lebap","Shori-Payan"
"TM","Ahal","Shor-Kala"
"TM","Ahal","Shor-Khaudan"
"TM","Balkan","Shorlouk"
"TM","Ahal","Shor"
"TM","Mary","Shor-Tepe"
"TM","Mary","Shura"
"TM","Lebap","Shurvogaz"
"TM","Lebap","Siyadak-Sakar"
"TM","Lebap","Siyadyk-Sakar"
"TM","Lebap","Siyady"
"TM","Lebap","Siyardyk Sakar"
"TM","Ahal","Solvukli"
"TM","Ahal","Solyukli"
"TM","Ahal","Sotsialism"
"TM","Balkan","Sotsializm"
"TM","Dashoguz","Sotsializm"
"TM","Lebap","Sotsializm"
"TM","Mary","Sotsializm"
"TM","Lebap","Sotsializm-Yul"
"TM","Ahal","Sovetaâ‚¬â?yap"
"TM","Ahal","Sovet-Yab"
"TM","Ahal","Sowetyap"
"TM","Mary","Soyunali"
"TM","Balkan","Stalina"
"TM","Mary","Stalino"
"TM","Ahal","Staraya Kara-Khan-Kala"
"TM","Lebap","Staryy Chardzhuy"
"TM","Ahal","Staryy Kava-Khan-Kala"
"TM","Balkan","Suili"
"TM","Mary","Sukhty Pervyy"
"TM","Mary","Sukhty"
"TM","Mary","Sukhty Vtoroy"
"TM","Mary","Suli-Gokcha"
"TM","Mary","Sultanbent"
"TM","Ahal","Suncha"
"TM","Ahal","Sunche"
"TM","Ahal","Sunchi"
"TM","Lebap","Surkhi"
"TM","Lebap","Surkhy"
"TM","Lebap","Surkhy Vtoroy"
"TM","Balkan","Suydzhermen"
"TM","Lebap","Svintsovyy Rudnik"
"TM","Mary","Sychmyz"
"TM","Balkan","Syr-Su"
"TM","Mary","Tagtabazar"
"TM","Dashoguz","Tagta"
"TM","Mary","Taimys"
"TM","Mary","Takhta-Bazar"
"TM","Lebap","Takhtapara"
"TM","Dashoguz","Takhta"
"TM","Lebap","Takyr"
"TM","Lebap","Talimardzhan"
"TM","Mary","Talkhatan-Baba"
"TM","Balkan","Tamli"
"TM","Balkan","Tamly"
"TM","Balkan","Tamykli"
"TM","Balkan","Tamykly"
"TM","Lebap","Tang-Kotan"
"TM","Balkan","Taraba"
"TM","Balkan","Tarava"
"TM","Mary","Tarkhan"
"TM","Lebap","Tarnov"
"TM","Balkan","Tarta"
"TM","Balkan","Tasharvat"
"TM","Dashoguz","Tashauz"
"TM","Mary","Tashkepristroy"
"TM","Mary","Tashkepri"
"TM","Mary","Tash-Kiroi"
"TM","Lebap","Tash-Kishlak"
"TM","Balkan","Tashkuduk"
"TM","Lebap","Tashlyk"
"TM","Lebap","Tashrabad"
"TM","Lebap","Tashrabat"
"TM","Balkan","Tau-Makind"
"TM","Balkan","Taumakindzhi"
"TM","Balkan","Taur"
"TM","Mary","Taymyz"
"TM","Balkan","Tazabad"
"TM","Balkan","Tazabat"
"TM","Dashoguz","Taza-Bazar"
"TM","Dashoguz","Taza-Chetyr"
"TM","Ahal","Tazeyel"
"TM","Ahal","Taze Yol"
"TM","Ahal","Tedjen"
"TM","Ahal","Tedzhenstroy"
"TM","Ahal","Tedzhen"
"TM","Ahal","Tejend"
"TM","Ahal","Tejen"
"TM","Balkan","Tekendzhik"
"TM","Balkan","Teki-Moor"
"TM","Dashoguz","Tel'Mansk"
"TM","Lebap","Temir-Khodzha"
"TM","Mary","Teodzhyan"
"TM","Balkan","Tereskan"
"TM","Balkan","Tersakan"
"TM","Balkan","Tersakkan"
"TM","Balkan","Ters-Okan"
"TM","Balkan","Tertarach"
"TM","Balkan","Tezeabad"
"TM","Dashoguz","Tezebazar"
"TM","Dashoguz","Tezebezar"
"TM","Dashoguz","Teze-Chetyr"
"TM","Mary","Tezedurmush"
"TM","Dashoguz","Tezedurmysh"
"TM","Ahal","Teze-Oba"
"TM","Mary","Tezeoba"
"TM","Dashoguz","Teze-Yardzhi"
"TM","Mary","Teze-Yel"
"TM","Ahal","Tezeyel Vtoroy"
"TM","Ahal","Tezeyol"
"TM","Ahal","Tezheva"
"TM","Balkan","Togalak"
"TM","Balkan","Togolak"
"TM","Balkan","Toutli"
"TM","Balkan","Toutly"
"TM","Lebap","Tscharschanga"
"TM","Ahal","Tsementnyy Gorodok"
"TM","Balkan","Tuar"
"TM","Ahal","Tukli"
"TM","Balkan","Tumanovskiy"
"TM","Lebap","Tura-Kishlak"
"TM","Lebap","Turkmenabad"
"TM","Lebap","Turkmenabat"
"TM","Balkan","Turkmenbasaâ±"
"TM","Balkan","Turkmenbashi"
"TM","Balkan","Turkmenbashy"
"TM","Balkan","Turkmenbasy"
"TM","Lebap","Turkmenistan"
"TM","Mary","Turkmen-Kala"
"TM","Mary","Turkmenkarakul'"
"TM","Ahal","Tutly-Kala"
"TM","Dashoguz","Tuya Mayun"
"TM","Dashoguz","Tuya-Muyun"
"TM","Dashoguz","Tykya Myan"
"TM","Lebap","Tyl'-Ter"
"TM","Lebap","Tyuyachi"
"TM","Balkan","Ubetsk"
"TM","Mary","Ucajy"
"TM","Mary","Uch-Adzhi"
"TM","Mary","Uchadzhy"
"TM","Mary","Uch Aji"
"TM","Lebap","Uch'-Bashi"
"TM","Lebap","Uch-Bash"
"TM","Balkan","Uchgez"
"TM","Mary","Uch Haji"
"TM","Mary","Uchruk"
"TM","Dashoguz","Uch-Tepa"
"TM","Dashoguz","Uch-Tepe"
"TM","Ahal","Udarnik"
"TM","Mary","Udarnik"
"TM","Balkan","Udey"
"TM","Ahal","Udzhi"
"TM","Balkan","Ufra"
"TM","Lebap","Ugur"
"TM","Lebap","Ulamsurkhi"
"TM","Lebap","Ulam"
"TM","Lebap","Ulyam Surkhi"
"TM","Lebap","Ulyam"
"TM","Lebap","Ulyash"
"TM","Lebap","Umar"
"TM","Mary","Umuk"
"TM","Lebap","Urazali"
"TM","Mary","Urazaly"
"TM","Balkan","Ushak"
"TM","Lebap","Ustyk"
"TM","Lebap","Usty"
"TM","Balkan","Usun-Su"
"TM","Mary","Utsch-Adshi"
"TM","Mary","Uyger-Chage"
"TM","Balkan","Uzun-Su"
"TM","Balkan","Uzun-Tokoy"
"TM","Balkan","Uzyntokay"
"TM","Ahal","Vannovskiy"
"TM","Ahal","Vanovskiy"
"TM","Lebap","Vayuar"
"TM","Mary","Vekil'-Bazar"
"TM","Balkan","Voroshilova"
"TM","Balkan","Vos'Mogo Marta"
"TM","Mary","Vos'Moye Marta"
"TM","Ahal","Vtoraya Pyatiletka"
"TM","Balkan","Vyshka"
"TM","Balkan","Vyshzha"
"TM","Ahal","Yablonovskiy"
"TM","Ahal","Yagankazakh"
"TM","Balkan","Yaglyolum"
"TM","Balkan","Yagman"
"TM","Mary","Yagty-Yel"
"TM","Lebap","Yagyr"
"TM","Mary","Yakeper"
"TM","Ahal","Yak-Kala"
"TM","Ahal","Yalkim"
"TM","Ahal","Yalovach Pervyy"
"TM","Ahal","Yalovach Vtoroy"
"TM","Ahal","Yalovach"
"TM","Ahal","Yanbash"
"TM","Balkan","Yan-Chashme"
"TM","Balkan","Yangadzha"
"TM","Lebap","Yangi-Aryk"
"TM","Lebap","Yangiaryk"
"TM","Lebap","Yangi-Khodzhalyk"
"TM","Lebap","Yangi-Kishlak"
"TM","Mary","Yangi-Kuyu"
"TM","Balkan","Yangi-Su"
"TM","Balkan","Yangysu"
"TM","Ahal","Yankala"
"TM","Lebap","Yapach"
"TM","Ahal","Yaradzha"
"TM","Ahal","Yaradzhi"
"TM","Ahal","Yarodzha-Kala"
"TM","Ahal","Yarodzhi"
"TM","Lebap","Yaroshevskiy"
"TM","Balkan","Yarty-Kala"
"TM","Balkan","Yarymtyk"
"TM","Mary","Yasa-Gul"
"TM","Ahal","Yashguch"
"TM","Ahal","Yashkar"
"TM","Ahal","Yashlar"
"TM","Ahal","Yashlyk"
"TM","Ahal","Yash-Pioner"
"TM","Balkan","Yaskhan"
"TM","Balkan","Yaskha"
"TM","Ahal","Yasman-Salyk"
"TM","Ahal","Yasman"
"TM","Balkan","Yasydepe"
"TM","Mary","Yaur-Dulan"
"TM","Balkan","Yauzy"
"TM","Lebap","Yaz-Aryk"
"TM","Lebap","Yazdepe"
"TM","Lebap","Yaz-Tepe"
"TM","Ahal","Yazygadzhik"
"TM","Ahal","Yazygandzhik"
"TM","Ahal","Yazy-Kandzhik"
"TM","Mary","Yazy"
"TM","Ahal","Yegene-Kala"
"TM","Mary","Yegir-Kainski"
"TM","Mary","Yegra-Guzar"
"TM","Balkan","Yegridzhar"
"TM","Mary","Yekindzhi"
"TM","Ahal","Yekitut"
"TM","Mary","Yel-Bars"
"TM","Ahal","Yele-Su"
"TM","Lebap","Yelmek"
"TM","Ahal","Yerbent"
"TM","Mary","Yerden"
"TM","Lebap","Yerli"
"TM","Ahal","Yerrikkala"
"TM","Ahal","Yerryk-Kata"
"TM","Ahal","Yesheksiyen"
"TM","Lebap","Ymamnazar"
"TM","Mary","Yolotan"
"TM","Mary","Yoloten"
"TM","Lebap","Yulangyz"
"TM","Ahal","Yuldy-Dere"
"TM","Balkan","Yuvan-Kala"
"TM","Lebap","Yuzhnyy"
"TM","Dashoguz","Yylanly"
"TM","Ahal","Zakhmet"
"TM","Mary","Zakhmet"
"TM","Lebap","Zargyar"
"TM","Lebap","Zarpchi"
"TM","Balkan","Zaulu"
"TM","Balkan","Zau"
"TM","Balkan","Zerdau"
"TM","Lebap","Zergar"
"TM","Lebap","Zergumen"
"TM","Lebap","Zergyar"
"TM","Lebap","Zyargyar"
